Model:GBQ L-05SLA, Latitude:31.823635,Longtitude:117.118226,SeaHeight:128,NorthAngle:0,LightBeamNum:-9999,Gate:100,SumShots:20000,PulseWidth:300,CNR:2,RangeResolution:30,ScanMode:PPI,From:0,To:350,Step:10,FixAngle:2,StartRange:15
Date_time,Temperature,Humidity,Pressure,Azimuth,Pitch,Distance,HWindSpeed(m/s),HWindDirection(бу),VWindSpeed (m/s)
2026/09/08 19:22:00,-9999,-9999,-9999,0,2,15,-9999,-9999,-9999
2026/09/08 19:22:00,-9999,-9999,-9999,0,2,45,1.764928,355.1527,-9999
2026/09/08 19:22:00,-9999,-9999,-9999,0,2,75,2.037217,355.8279,-9999
2026/09/08 19:22:00,-9999,-9999,-9999,0,2,105,2.223608,359.2567,-9999
2026/09/08 19:22:00,-9999,-9999,-9999,0,2,135,2.217931,5.0569,-9999
2026/09/08 19:22:00,-9999,-9999,-9999,0,2,165,2.294844,3.629739,-9999
2026/09/08 19:22:00,-9999,-9999,-9999,0,2,195,2.30023,5.092737,-9999
2026/09/08 19:22:00,-9999,-9999,-9999,0,2,225,2.30845,6.795941,-9999
2026/09/08 19:22:00,-9999,-9999,-9999,0,2,255,2.347431,6.51664,-9999
2026/09/08 19:22:00,-9999,-9999,-9999,0,2,285,2.443632,9.509777,-9999
2026/09/08 19:22:00,-9999,-9999,-9999,0,2,315,2.507853,8.175418,-9999
2026/09/08 19:22:00,-9999,-9999,-9999,0,2,345,2.614138,7.87351,-9999
2026/09/08 19:22:00,-9999,-9999,-9999,0,2,375,2.700941,9.184889,-9999
2026/09/08 19:22:00,-9999,-9999,-9999,0,2,405,2.734154,9.2939,-9999
2026/09/08 19:22:00,-9999,-9999,-9999,0,2,435,2.80356,8.42269,-9999
2026/09/08 19:22:00,-9999,-9999,-9999,0,2,465,2.745564,8.385269,-9999
2026/09/08 19:22:00,-9999,-9999,-9999,0,2,495,2.696032,9.212132,-9999
2026/09/08 19:22:00,-9999,-9999,-9999,0,2,525,2.600931,10.74821,-9999
2026/09/08 19:22:00,-9999,-9999,-9999,0,2,555,2.526377,17.98526,-9999
2026/09/08 19:22:00,-9999,-9999,-9999,0,2,585,2.59502,21.99747,-9999
2026/09/08 19:22:00,-9999,-9999,-9999,0,2,615,2.650637,20.48124,-9999
2026/09/08 19:22:00,-9999,-9999,-9999,0,2,645,2.711478,19.00675,-9999
2026/09/08 19:22:00,-9999,-9999,-9999,0,2,675,2.795135,16.48647,-9999
2026/09/08 19:22:00,-9999,-9999,-9999,0,2,705,2.845077,17.96299,-9999
2026/09/08 19:22:00,-9999,-9999,-9999,0,2,735,2.907441,21.52865,-9999
2026/09/08 19:22:00,-9999,-9999,-9999,0,2,765,3.103619,25.82607,-9999
2026/09/08 19:22:00,-9999,-9999,-9999,0,2,795,3.241767,29.42446,-9999
2026/09/08 19:22:00,-9999,-9999,-9999,0,2,825,3.302658,29.86795,-9999
2026/09/08 19:22:00,-9999,-9999,-9999,0,2,855,3.431531,32.76613,-9999
2026/09/08 19:22:00,-9999,-9999,-9999,0,2,885,3.424248,33.66643,-9999
2026/09/08 19:22:00,-9999,-9999,-9999,0,2,915,3.285751,32.14758,-9999
2026/09/08 19:22:00,-9999,-9999,-9999,0,2,945,3.20847,29.94524,-9999
2026/09/08 19:22:00,-9999,-9999,-9999,0,2,975,3.067864,26.00878,-9999
2026/09/08 19:22:00,-9999,-9999,-9999,0,2,1005,2.899243,21.10896,-9999
2026/09/08 19:22:00,-9999,-9999,-9999,0,2,1035,2.926578,17.53494,-9999
2026/09/08 19:22:00,-9999,-9999,-9999,0,2,1065,2.955179,16.84869,-9999
2026/09/08 19:22:00,-9999,-9999,-9999,0,2,1095,3.06219,16.61426,-9999
2026/09/08 19:22:00,-9999,-9999,-9999,0,2,1125,3.247153,17.73854,-9999
2026/09/08 19:22:00,-9999,-9999,-9999,0,2,1155,3.489115,20.76814,-9999
2026/09/08 19:22:00,-9999,-9999,-9999,0,2,1185,3.637707,19.95153,-9999
2026/09/08 19:22:00,-9999,-9999,-9999,0,2,1215,3.84431,20.61232,-9999
2026/09/08 19:22:00,-9999,-9999,-9999,0,2,1245,3.702805,13.99858,-9999
2026/09/08 19:22:00,-9999,-9999,-9999,0,2,1275,3.649445,10.24408,-9999
2026/09/08 19:22:00,-9999,-9999,-9999,0,2,1305,3.588674,10.39227,-9999
2026/09/08 19:22:00,-9999,-9999,-9999,0,2,1335,3.528759,10.86901,-9999
2026/09/08 19:22:00,-9999,-9999,-9999,0,2,1365,3.468588,11.433,-9999
2026/09/08 19:22:00,-9999,-9999,-9999,0,2,1395,3.328011,9.900881,-9999
2026/09/08 19:22:00,-9999,-9999,-9999,0,2,1425,3.208771,8.04584,-9999
2026/09/08 19:22:00,-9999,-9999,-9999,0,2,1455,-9999,-9999,-9999
2026/09/08 19:22:00,-9999,-9999,-9999,0,2,1485,-9999,-9999,-9999
2026/09/08 19:22:00,-9999,-9999,-9999,0,2,1515,-9999,-9999,-9999
2026/09/08 19:22:00,-9999,-9999,-9999,0,2,1545,-9999,-9999,-9999
2026/09/08 19:22:00,-9999,-9999,-9999,0,2,1575,-9999,-9999,-9999
2026/09/08 19:22:00,-9999,-9999,-9999,0,2,1605,-9999,-9999,-9999
2026/09/08 19:22:00,-9999,-9999,-9999,0,2,1635,-9999,-9999,-9999
2026/09/08 19:22:00,-9999,-9999,-9999,0,2,1665,-9999,-9999,-9999
2026/09/08 19:22:00,-9999,-9999,-9999,0,2,1695,-9999,-9999,-9999
2026/09/08 19:22:00,-9999,-9999,-9999,0,2,1725,-9999,-9999,-9999
2026/09/08 19:22:00,-9999,-9999,-9999,0,2,1755,-9999,-9999,-9999
2026/09/08 19:22:00,-9999,-9999,-9999,0,2,1785,-9999,-9999,-9999
2026/09/08 19:22:00,-9999,-9999,-9999,0,2,1815,-9999,-9999,-9999
2026/09/08 19:22:00,-9999,-9999,-9999,0,2,1845,-9999,-9999,-9999
2026/09/08 19:22:00,-9999,-9999,-9999,0,2,1875,-9999,-9999,-9999
2026/09/08 19:22:00,-9999,-9999,-9999,0,2,1905,-9999,-9999,-9999
2026/09/08 19:22:00,-9999,-9999,-9999,0,2,1935,-9999,-9999,-9999
2026/09/08 19:22:00,-9999,-9999,-9999,0,2,1965,-9999,-9999,-9999
2026/09/08 19:22:00,-9999,-9999,-9999,0,2,1995,-9999,-9999,-9999
2026/09/08 19:22:00,-9999,-9999,-9999,0,2,2025,-9999,-9999,-9999
2026/09/08 19:22:00,-9999,-9999,-9999,0,2,2055,-9999,-9999,-9999
2026/09/08 19:22:00,-9999,-9999,-9999,0,2,2085,-9999,-9999,-9999
2026/09/08 19:22:00,-9999,-9999,-9999,0,2,2115,-9999,-9999,-9999
2026/09/08 19:22:00,-9999,-9999,-9999,0,2,2145,-9999,-9999,-9999
2026/09/08 19:22:00,-9999,-9999,-9999,0,2,2175,-9999,-9999,-9999
2026/09/08 19:22:00,-9999,-9999,-9999,0,2,2205,-9999,-9999,-9999
2026/09/08 19:22:00,-9999,-9999,-9999,0,2,2235,-9999,-9999,-9999
2026/09/08 19:22:00,-9999,-9999,-9999,0,2,2265,-9999,-9999,-9999
2026/09/08 19:22:00,-9999,-9999,-9999,0,2,2295,-9999,-9999,-9999
2026/09/08 19:22:00,-9999,-9999,-9999,0,2,2325,-9999,-9999,-9999
2026/09/08 19:22:00,-9999,-9999,-9999,0,2,2355,-9999,-9999,-9999
2026/09/08 19:22:00,-9999,-9999,-9999,0,2,2385,-9999,-9999,-9999
2026/09/08 19:22:00,-9999,-9999,-9999,0,2,2415,-9999,-9999,-9999
2026/09/08 19:22:00,-9999,-9999,-9999,0,2,2445,-9999,-9999,-9999
2026/09/08 19:22:00,-9999,-9999,-9999,0,2,2475,-9999,-9999,-9999
2026/09/08 19:22:00,-9999,-9999,-9999,0,2,2505,-9999,-9999,-9999
2026/09/08 19:22:00,-9999,-9999,-9999,0,2,2535,-9999,-9999,-9999
2026/09/08 19:22:00,-9999,-9999,-9999,0,2,2565,-9999,-9999,-9999
2026/09/08 19:22:00,-9999,-9999,-9999,0,2,2595,-9999,-9999,-9999
2026/09/08 19:22:00,-9999,-9999,-9999,0,2,2625,-9999,-9999,-9999
2026/09/08 19:22:00,-9999,-9999,-9999,0,2,2655,-9999,-9999,-9999
2026/09/08 19:22:00,-9999,-9999,-9999,0,2,2685,-9999,-9999,-9999
2026/09/08 19:22:00,-9999,-9999,-9999,0,2,2715,-9999,-9999,-9999
2026/09/08 19:22:00,-9999,-9999,-9999,0,2,2745,-9999,-9999,-9999
2026/09/08 19:22:00,-9999,-9999,-9999,0,2,2775,-9999,-9999,-9999
2026/09/08 19:22:00,-9999,-9999,-9999,0,2,2805,-9999,-9999,-9999
2026/09/08 19:22:00,-9999,-9999,-9999,0,2,2835,-9999,-9999,-9999
2026/09/08 19:22:00,-9999,-9999,-9999,0,2,2865,-9999,-9999,-9999
2026/09/08 19:22:00,-9999,-9999,-9999,0,2,2895,-9999,-9999,-9999
2026/09/08 19:22:00,-9999,-9999,-9999,0,2,2925,-9999,-9999,-9999
2026/09/08 19:22:00,-9999,-9999,-9999,0,2,2955,-9999,-9999,-9999
2026/09/08 19:22:00,-9999,-9999,-9999,0,2,2985,-9999,-9999,-9999
2026/09/08 19:22:00,-9999,-9999,-9999,0,2,3015,-9999,-9999,-9999
2026/09/08 19:22:00,-9999,-9999,-9999,0,2,3045,-9999,-9999,-9999
2026/09/08 19:22:00,-9999,-9999,-9999,0,2,3075,-9999,-9999,-9999
2026/09/08 19:22:00,-9999,-9999,-9999,0,2,3105,-9999,-9999,-9999
2026/09/08 19:22:00,-9999,-9999,-9999,0,2,3135,-9999,-9999,-9999
2026/09/08 19:22:00,-9999,-9999,-9999,0,2,3165,-9999,-9999,-9999
2026/09/08 19:22:00,-9999,-9999,-9999,0,2,3195,-9999,-9999,-9999
2026/09/08 19:22:00,-9999,-9999,-9999,0,2,3225,-9999,-9999,-9999
2026/09/08 19:22:00,-9999,-9999,-9999,0,2,3255,-9999,-9999,-9999
2026/09/08 19:22:00,-9999,-9999,-9999,0,2,3285,-9999,-9999,-9999
2026/09/08 19:22:00,-9999,-9999,-9999,0,2,3315,-9999,-9999,-9999
2026/09/08 19:22:00,-9999,-9999,-9999,0,2,3345,-9999,-9999,-9999
2026/09/08 19:22:00,-9999,-9999,-9999,0,2,3375,-9999,-9999,-9999
2026/09/08 19:22:00,-9999,-9999,-9999,0,2,3405,-9999,-9999,-9999
2026/09/08 19:22:00,-9999,-9999,-9999,0,2,3435,-9999,-9999,-9999
2026/09/08 19:22:00,-9999,-9999,-9999,0,2,3465,-9999,-9999,-9999
2026/09/08 19:22:00,-9999,-9999,-9999,0,2,3495,-9999,-9999,-9999
2026/09/08 19:22:00,-9999,-9999,-9999,0,2,3525,-9999,-9999,-9999
2026/09/08 19:22:00,-9999,-9999,-9999,0,2,3555,-9999,-9999,-9999
2026/09/08 19:22:00,-9999,-9999,-9999,0,2,3585,-9999,-9999,-9999
2026/09/08 19:22:00,-9999,-9999,-9999,0,2,3615,-9999,-9999,-9999
2026/09/08 19:22:00,-9999,-9999,-9999,0,2,3645,-9999,-9999,-9999
2026/09/08 19:22:00,-9999,-9999,-9999,0,2,3675,-9999,-9999,-9999
2026/09/08 19:22:00,-9999,-9999,-9999,0,2,3705,-9999,-9999,-9999
2026/09/08 19:22:00,-9999,-9999,-9999,0,2,3735,-9999,-9999,-9999
2026/09/08 19:22:00,-9999,-9999,-9999,0,2,3765,-9999,-9999,-9999
2026/09/08 19:22:00,-9999,-9999,-9999,0,2,3795,-9999,-9999,-9999
2026/09/08 19:22:00,-9999,-9999,-9999,0,2,3825,-9999,-9999,-9999
2026/09/08 19:22:00,-9999,-9999,-9999,0,2,3855,-9999,-9999,-9999
2026/09/08 19:22:00,-9999,-9999,-9999,0,2,3885,-9999,-9999,-9999
2026/09/08 19:22:00,-9999,-9999,-9999,0,2,3915,-9999,-9999,-9999
2026/09/08 19:22:00,-9999,-9999,-9999,0,2,3945,-9999,-9999,-9999
2026/09/08 19:22:00,-9999,-9999,-9999,0,2,3975,-9999,-9999,-9999
2026/09/08 19:22:00,-9999,-9999,-9999,0,2,4005,-9999,-9999,-9999
2026/09/08 19:22:00,-9999,-9999,-9999,0,2,4035,-9999,-9999,-9999
2026/09/08 19:22:00,-9999,-9999,-9999,0,2,4065,-9999,-9999,-9999
2026/09/08 19:22:00,-9999,-9999,-9999,0,2,4095,-9999,-9999,-9999
2026/09/08 19:22:00,-9999,-9999,-9999,0,2,4125,-9999,-9999,-9999
2026/09/08 19:22:00,-9999,-9999,-9999,0,2,4155,-9999,-9999,-9999
2026/09/08 19:22:00,-9999,-9999,-9999,0,2,4185,-9999,-9999,-9999
2026/09/08 19:22:00,-9999,-9999,-9999,0,2,4215,-9999,-9999,-9999
2026/09/08 19:22:00,-9999,-9999,-9999,0,2,4245,-9999,-9999,-9999
2026/09/08 19:22:00,-9999,-9999,-9999,0,2,4275,-9999,-9999,-9999
2026/09/08 19:22:00,-9999,-9999,-9999,0,2,4305,-9999,-9999,-9999
2026/09/08 19:22:00,-9999,-9999,-9999,0,2,4335,-9999,-9999,-9999
2026/09/08 19:22:00,-9999,-9999,-9999,0,2,4365,-9999,-9999,-9999
2026/09/08 19:22:00,-9999,-9999,-9999,0,2,4395,-9999,-9999,-9999
2026/09/08 19:22:00,-9999,-9999,-9999,0,2,4425,-9999,-9999,-9999
2026/09/08 19:22:00,-9999,-9999,-9999,0,2,4455,-9999,-9999,-9999
2026/09/08 19:22:00,-9999,-9999,-9999,0,2,4485,-9999,-9999,-9999
2026/09/08 19:22:00,-9999,-9999,-9999,0,2,4515,-9999,-9999,-9999
2026/09/08 19:22:00,-9999,-9999,-9999,0,2,4545,-9999,-9999,-9999
2026/09/08 19:22:00,-9999,-9999,-9999,0,2,4575,-9999,-9999,-9999
2026/09/08 19:22:00,-9999,-9999,-9999,0,2,4605,-9999,-9999,-9999
2026/09/08 19:22:00,-9999,-9999,-9999,0,2,4635,-9999,-9999,-9999
2026/09/08 19:22:00,-9999,-9999,-9999,0,2,4665,-9999,-9999,-9999
2026/09/08 19:22:00,-9999,-9999,-9999,0,2,4695,-9999,-9999,-9999
2026/09/08 19:22:00,-9999,-9999,-9999,0,2,4725,-9999,-9999,-9999
2026/09/08 19:22:00,-9999,-9999,-9999,0,2,4755,-9999,-9999,-9999
2026/09/08 19:22:00,-9999,-9999,-9999,0,2,4785,-9999,-9999,-9999
2026/09/08 19:22:00,-9999,-9999,-9999,0,2,4815,-9999,-9999,-9999
2026/09/08 19:22:00,-9999,-9999,-9999,0,2,4845,-9999,-9999,-9999
2026/09/08 19:22:00,-9999,-9999,-9999,0,2,4875,-9999,-9999,-9999
2026/09/08 19:22:00,-9999,-9999,-9999,0,2,4905,-9999,-9999,-9999
2026/09/08 19:22:00,-9999,-9999,-9999,0,2,4935,-9999,-9999,-9999
2026/09/08 19:22:00,-9999,-9999,-9999,0,2,4965,-9999,-9999,-9999
2026/09/08 19:22:00,-9999,-9999,-9999,0,2,4995,-9999,-9999,-9999
2026/09/08 19:22:00,-9999,-9999,-9999,0,2,5025,-9999,-9999,-9999
2026/09/08 19:22:00,-9999,-9999,-9999,0,2,5055,-9999,-9999,-9999
2026/09/08 19:22:00,-9999,-9999,-9999,0,2,5085,-9999,-9999,-9999
2026/09/08 19:22:00,-9999,-9999,-9999,0,2,5115,-9999,-9999,-9999
2026/09/08 19:22:00,-9999,-9999,-9999,0,2,5145,-9999,-9999,-9999
2026/09/08 19:22:00,-9999,-9999,-9999,0,2,5175,-9999,-9999,-9999
2026/09/08 19:22:00,-9999,-9999,-9999,0,2,5205,-9999,-9999,-9999
2026/09/08 19:22:00,-9999,-9999,-9999,0,2,5235,-9999,-9999,-9999
2026/09/08 19:22:00,-9999,-9999,-9999,0,2,5265,-9999,-9999,-9999
2026/09/08 19:22:00,-9999,-9999,-9999,0,2,5295,-9999,-9999,-9999
2026/09/08 19:22:00,-9999,-9999,-9999,0,2,5325,-9999,-9999,-9999
2026/09/08 19:22:00,-9999,-9999,-9999,0,2,5355,-9999,-9999,-9999
2026/09/08 19:22:00,-9999,-9999,-9999,0,2,5385,-9999,-9999,-9999
2026/09/08 19:22:00,-9999,-9999,-9999,0,2,5415,-9999,-9999,-9999
2026/09/08 19:22:00,-9999,-9999,-9999,0,2,5445,-9999,-9999,-9999
2026/09/08 19:22:00,-9999,-9999,-9999,0,2,5475,-9999,-9999,-9999
2026/09/08 19:22:00,-9999,-9999,-9999,0,2,5505,-9999,-9999,-9999
2026/09/08 19:22:00,-9999,-9999,-9999,0,2,5535,-9999,-9999,-9999
2026/09/08 19:22:00,-9999,-9999,-9999,0,2,5565,-9999,-9999,-9999
2026/09/08 19:22:00,-9999,-9999,-9999,0,2,5595,-9999,-9999,-9999
2026/09/08 19:22:00,-9999,-9999,-9999,0,2,5625,-9999,-9999,-9999
2026/09/08 19:22:00,-9999,-9999,-9999,0,2,5655,-9999,-9999,-9999
2026/09/08 19:22:00,-9999,-9999,-9999,0,2,5685,-9999,-9999,-9999
2026/09/08 19:22:00,-9999,-9999,-9999,0,2,5715,-9999,-9999,-9999
2026/09/08 19:22:00,-9999,-9999,-9999,0,2,5745,-9999,-9999,-9999
2026/09/08 19:22:00,-9999,-9999,-9999,0,2,5775,-9999,-9999,-9999
2026/09/08 19:22:00,-9999,-9999,-9999,0,2,5805,-9999,-9999,-9999
2026/09/08 19:22:00,-9999,-9999,-9999,0,2,5835,-9999,-9999,-9999
2026/09/08 19:22:00,-9999,-9999,-9999,0,2,5865,-9999,-9999,-9999
2026/09/08 19:22:00,-9999,-9999,-9999,0,2,5895,-9999,-9999,-9999
2026/09/08 19:22:00,-9999,-9999,-9999,0,2,5925,-9999,-9999,-9999
2026/09/08 19:22:00,-9999,-9999,-9999,0,2,5955,-9999,-9999,-9999
2026/09/08 19:22:00,-9999,-9999,-9999,0,2,5985,-9999,-9999,-9999
2026/09/08 19:22:00,-9999,-9999,-9999,10,2,15,-9999,-9999,-9999
2026/09/08 19:22:00,-9999,-9999,-9999,10,2,45,-9999,-9999,-9999
2026/09/08 19:22:00,-9999,-9999,-9999,10,2,75,-9999,-9999,-9999
2026/09/08 19:22:00,-9999,-9999,-9999,10,2,105,-9999,-9999,-9999
2026/09/08 19:22:00,-9999,-9999,-9999,10,2,135,-9999,-9999,-9999
2026/09/08 19:22:00,-9999,-9999,-9999,10,2,165,-9999,-9999,-9999
2026/09/08 19:22:00,-9999,-9999,-9999,10,2,195,-9999,-9999,-9999
2026/09/08 19:22:00,-9999,-9999,-9999,10,2,225,-9999,-9999,-9999
2026/09/08 19:22:00,-9999,-9999,-9999,10,2,255,-9999,-9999,-9999
2026/09/08 19:22:00,-9999,-9999,-9999,10,2,285,-9999,-9999,-9999
2026/09/08 19:22:00,-9999,-9999,-9999,10,2,315,-9999,-9999,-9999
2026/09/08 19:22:00,-9999,-9999,-9999,10,2,345,-9999,-9999,-9999
2026/09/08 19:22:00,-9999,-9999,-9999,10,2,375,-9999,-9999,-9999
2026/09/08 19:22:00,-9999,-9999,-9999,10,2,405,-9999,-9999,-9999
2026/09/08 19:22:00,-9999,-9999,-9999,10,2,435,-9999,-9999,-9999
2026/09/08 19:22:00,-9999,-9999,-9999,10,2,465,-9999,-9999,-9999
2026/09/08 19:22:00,-9999,-9999,-9999,10,2,495,-9999,-9999,-9999
2026/09/08 19:22:00,-9999,-9999,-9999,10,2,525,-9999,-9999,-9999
2026/09/08 19:22:00,-9999,-9999,-9999,10,2,555,-9999,-9999,-9999
2026/09/08 19:22:00,-9999,-9999,-9999,10,2,585,-9999,-9999,-9999
2026/09/08 19:22:00,-9999,-9999,-9999,10,2,615,-9999,-9999,-9999
2026/09/08 19:22:00,-9999,-9999,-9999,10,2,645,-9999,-9999,-9999
2026/09/08 19:22:00,-9999,-9999,-9999,10,2,675,-9999,-9999,-9999
2026/09/08 19:22:00,-9999,-9999,-9999,10,2,705,-9999,-9999,-9999
2026/09/08 19:22:00,-9999,-9999,-9999,10,2,735,-9999,-9999,-9999
2026/09/08 19:22:00,-9999,-9999,-9999,10,2,765,-9999,-9999,-9999
2026/09/08 19:22:00,-9999,-9999,-9999,10,2,795,-9999,-9999,-9999
2026/09/08 19:22:00,-9999,-9999,-9999,10,2,825,-9999,-9999,-9999
2026/09/08 19:22:00,-9999,-9999,-9999,10,2,855,-9999,-9999,-9999
2026/09/08 19:22:00,-9999,-9999,-9999,10,2,885,-9999,-9999,-9999
2026/09/08 19:22:00,-9999,-9999,-9999,10,2,915,-9999,-9999,-9999
2026/09/08 19:22:00,-9999,-9999,-9999,10,2,945,-9999,-9999,-9999
2026/09/08 19:22:00,-9999,-9999,-9999,10,2,975,-9999,-9999,-9999
2026/09/08 19:22:00,-9999,-9999,-9999,10,2,1005,-9999,-9999,-9999
2026/09/08 19:22:00,-9999,-9999,-9999,10,2,1035,-9999,-9999,-9999
2026/09/08 19:22:00,-9999,-9999,-9999,10,2,1065,-9999,-9999,-9999
2026/09/08 19:22:00,-9999,-9999,-9999,10,2,1095,-9999,-9999,-9999
2026/09/08 19:22:00,-9999,-9999,-9999,10,2,1125,-9999,-9999,-9999
2026/09/08 19:22:00,-9999,-9999,-9999,10,2,1155,-9999,-9999,-9999
2026/09/08 19:22:00,-9999,-9999,-9999,10,2,1185,-9999,-9999,-9999
2026/09/08 19:22:00,-9999,-9999,-9999,10,2,1215,-9999,-9999,-9999
2026/09/08 19:22:00,-9999,-9999,-9999,10,2,1245,-9999,-9999,-9999
2026/09/08 19:22:00,-9999,-9999,-9999,10,2,1275,-9999,-9999,-9999
2026/09/08 19:22:00,-9999,-9999,-9999,10,2,1305,-9999,-9999,-9999
2026/09/08 19:22:00,-9999,-9999,-9999,10,2,1335,-9999,-9999,-9999
2026/09/08 19:22:00,-9999,-9999,-9999,10,2,1365,-9999,-9999,-9999
2026/09/08 19:22:00,-9999,-9999,-9999,10,2,1395,-9999,-9999,-9999
2026/09/08 19:22:00,-9999,-9999,-9999,10,2,1425,-9999,-9999,-9999
2026/09/08 19:22:00,-9999,-9999,-9999,10,2,1455,-9999,-9999,-9999
2026/09/08 19:22:00,-9999,-9999,-9999,10,2,1485,-9999,-9999,-9999
2026/09/08 19:22:00,-9999,-9999,-9999,10,2,1515,-9999,-9999,-9999
2026/09/08 19:22:00,-9999,-9999,-9999,10,2,1545,-9999,-9999,-9999
2026/09/08 19:22:00,-9999,-9999,-9999,10,2,1575,-9999,-9999,-9999
2026/09/08 19:22:00,-9999,-9999,-9999,10,2,1605,-9999,-9999,-9999
2026/09/08 19:22:00,-9999,-9999,-9999,10,2,1635,-9999,-9999,-9999
2026/09/08 19:22:00,-9999,-9999,-9999,10,2,1665,-9999,-9999,-9999
2026/09/08 19:22:00,-9999,-9999,-9999,10,2,1695,-9999,-9999,-9999
2026/09/08 19:22:00,-9999,-9999,-9999,10,2,1725,-9999,-9999,-9999
2026/09/08 19:22:00,-9999,-9999,-9999,10,2,1755,-9999,-9999,-9999
2026/09/08 19:22:00,-9999,-9999,-9999,10,2,1785,-9999,-9999,-9999
2026/09/08 19:22:00,-9999,-9999,-9999,10,2,1815,-9999,-9999,-9999
2026/09/08 19:22:00,-9999,-9999,-9999,10,2,1845,-9999,-9999,-9999
2026/09/08 19:22:00,-9999,-9999,-9999,10,2,1875,-9999,-9999,-9999
2026/09/08 19:22:00,-9999,-9999,-9999,10,2,1905,-9999,-9999,-9999
2026/09/08 19:22:00,-9999,-9999,-9999,10,2,1935,-9999,-9999,-9999
2026/09/08 19:22:00,-9999,-9999,-9999,10,2,1965,-9999,-9999,-9999
2026/09/08 19:22:00,-9999,-9999,-9999,10,2,1995,-9999,-9999,-9999
2026/09/08 19:22:00,-9999,-9999,-9999,10,2,2025,-9999,-9999,-9999
2026/09/08 19:22:00,-9999,-9999,-9999,10,2,2055,-9999,-9999,-9999
2026/09/08 19:22:00,-9999,-9999,-9999,10,2,2085,-9999,-9999,-9999
2026/09/08 19:22:00,-9999,-9999,-9999,10,2,2115,-9999,-9999,-9999
2026/09/08 19:22:00,-9999,-9999,-9999,10,2,2145,-9999,-9999,-9999
2026/09/08 19:22:00,-9999,-9999,-9999,10,2,2175,-9999,-9999,-9999
2026/09/08 19:22:00,-9999,-9999,-9999,10,2,2205,-9999,-9999,-9999
2026/09/08 19:22:00,-9999,-9999,-9999,10,2,2235,-9999,-9999,-9999
2026/09/08 19:22:00,-9999,-9999,-9999,10,2,2265,-9999,-9999,-9999
2026/09/08 19:22:00,-9999,-9999,-9999,10,2,2295,-9999,-9999,-9999
2026/09/08 19:22:00,-9999,-9999,-9999,10,2,2325,-9999,-9999,-9999
2026/09/08 19:22:00,-9999,-9999,-9999,10,2,2355,-9999,-9999,-9999
2026/09/08 19:22:00,-9999,-9999,-9999,10,2,2385,-9999,-9999,-9999
2026/09/08 19:22:00,-9999,-9999,-9999,10,2,2415,-9999,-9999,-9999
2026/09/08 19:22:00,-9999,-9999,-9999,10,2,2445,-9999,-9999,-9999
2026/09/08 19:22:00,-9999,-9999,-9999,10,2,2475,-9999,-9999,-9999
2026/09/08 19:22:00,-9999,-9999,-9999,10,2,2505,-9999,-9999,-9999
2026/09/08 19:22:00,-9999,-9999,-9999,10,2,2535,-9999,-9999,-9999
2026/09/08 19:22:00,-9999,-9999,-9999,10,2,2565,-9999,-9999,-9999
2026/09/08 19:22:00,-9999,-9999,-9999,10,2,2595,-9999,-9999,-9999
2026/09/08 19:22:00,-9999,-9999,-9999,10,2,2625,-9999,-9999,-9999
2026/09/08 19:22:00,-9999,-9999,-9999,10,2,2655,-9999,-9999,-9999
2026/09/08 19:22:00,-9999,-9999,-9999,10,2,2685,-9999,-9999,-9999
2026/09/08 19:22:00,-9999,-9999,-9999,10,2,2715,-9999,-9999,-9999
2026/09/08 19:22:00,-9999,-9999,-9999,10,2,2745,-9999,-9999,-9999
2026/09/08 19:22:00,-9999,-9999,-9999,10,2,2775,-9999,-9999,-9999
2026/09/08 19:22:00,-9999,-9999,-9999,10,2,2805,-9999,-9999,-9999
2026/09/08 19:22:00,-9999,-9999,-9999,10,2,2835,-9999,-9999,-9999
2026/09/08 19:22:00,-9999,-9999,-9999,10,2,2865,-9999,-9999,-9999
2026/09/08 19:22:00,-9999,-9999,-9999,10,2,2895,-9999,-9999,-9999
2026/09/08 19:22:00,-9999,-9999,-9999,10,2,2925,-9999,-9999,-9999
2026/09/08 19:22:00,-9999,-9999,-9999,10,2,2955,-9999,-9999,-9999
2026/09/08 19:22:00,-9999,-9999,-9999,10,2,2985,-9999,-9999,-9999
2026/09/08 19:22:00,-9999,-9999,-9999,10,2,3015,-9999,-9999,-9999
2026/09/08 19:22:00,-9999,-9999,-9999,10,2,3045,-9999,-9999,-9999
2026/09/08 19:22:00,-9999,-9999,-9999,10,2,3075,-9999,-9999,-9999
2026/09/08 19:22:00,-9999,-9999,-9999,10,2,3105,-9999,-9999,-9999
2026/09/08 19:22:00,-9999,-9999,-9999,10,2,3135,-9999,-9999,-9999
2026/09/08 19:22:00,-9999,-9999,-9999,10,2,3165,-9999,-9999,-9999
2026/09/08 19:22:00,-9999,-9999,-9999,10,2,3195,-9999,-9999,-9999
2026/09/08 19:22:00,-9999,-9999,-9999,10,2,3225,-9999,-9999,-9999
2026/09/08 19:22:00,-9999,-9999,-9999,10,2,3255,-9999,-9999,-9999
2026/09/08 19:22:00,-9999,-9999,-9999,10,2,3285,-9999,-9999,-9999
2026/09/08 19:22:00,-9999,-9999,-9999,10,2,3315,-9999,-9999,-9999
2026/09/08 19:22:00,-9999,-9999,-9999,10,2,3345,-9999,-9999,-9999
2026/09/08 19:22:00,-9999,-9999,-9999,10,2,3375,-9999,-9999,-9999
2026/09/08 19:22:00,-9999,-9999,-9999,10,2,3405,-9999,-9999,-9999
2026/09/08 19:22:00,-9999,-9999,-9999,10,2,3435,-9999,-9999,-9999
2026/09/08 19:22:00,-9999,-9999,-9999,10,2,3465,-9999,-9999,-9999
2026/09/08 19:22:00,-9999,-9999,-9999,10,2,3495,-9999,-9999,-9999
2026/09/08 19:22:00,-9999,-9999,-9999,10,2,3525,-9999,-9999,-9999
2026/09/08 19:22:00,-9999,-9999,-9999,10,2,3555,-9999,-9999,-9999
2026/09/08 19:22:00,-9999,-9999,-9999,10,2,3585,-9999,-9999,-9999
2026/09/08 19:22:00,-9999,-9999,-9999,10,2,3615,-9999,-9999,-9999
2026/09/08 19:22:00,-9999,-9999,-9999,10,2,3645,-9999,-9999,-9999
2026/09/08 19:22:00,-9999,-9999,-9999,10,2,3675,-9999,-9999,-9999
2026/09/08 19:22:00,-9999,-9999,-9999,10,2,3705,-9999,-9999,-9999
2026/09/08 19:22:00,-9999,-9999,-9999,10,2,3735,-9999,-9999,-9999
2026/09/08 19:22:00,-9999,-9999,-9999,10,2,3765,-9999,-9999,-9999
2026/09/08 19:22:00,-9999,-9999,-9999,10,2,3795,-9999,-9999,-9999
2026/09/08 19:22:00,-9999,-9999,-9999,10,2,3825,-9999,-9999,-9999
2026/09/08 19:22:00,-9999,-9999,-9999,10,2,3855,-9999,-9999,-9999
2026/09/08 19:22:00,-9999,-9999,-9999,10,2,3885,-9999,-9999,-9999
2026/09/08 19:22:00,-9999,-9999,-9999,10,2,3915,-9999,-9999,-9999
2026/09/08 19:22:00,-9999,-9999,-9999,10,2,3945,-9999,-9999,-9999
2026/09/08 19:22:00,-9999,-9999,-9999,10,2,3975,-9999,-9999,-9999
2026/09/08 19:22:00,-9999,-9999,-9999,10,2,4005,-9999,-9999,-9999
2026/09/08 19:22:00,-9999,-9999,-9999,10,2,4035,-9999,-9999,-9999
2026/09/08 19:22:00,-9999,-9999,-9999,10,2,4065,-9999,-9999,-9999
2026/09/08 19:22:00,-9999,-9999,-9999,10,2,4095,-9999,-9999,-9999
2026/09/08 19:22:00,-9999,-9999,-9999,10,2,4125,-9999,-9999,-9999
2026/09/08 19:22:00,-9999,-9999,-9999,10,2,4155,-9999,-9999,-9999
2026/09/08 19:22:00,-9999,-9999,-9999,10,2,4185,-9999,-9999,-9999
2026/09/08 19:22:00,-9999,-9999,-9999,10,2,4215,-9999,-9999,-9999
2026/09/08 19:22:00,-9999,-9999,-9999,10,2,4245,-9999,-9999,-9999
2026/09/08 19:22:00,-9999,-9999,-9999,10,2,4275,-9999,-9999,-9999
2026/09/08 19:22:00,-9999,-9999,-9999,10,2,4305,-9999,-9999,-9999
2026/09/08 19:22:00,-9999,-9999,-9999,10,2,4335,-9999,-9999,-9999
2026/09/08 19:22:00,-9999,-9999,-9999,10,2,4365,-9999,-9999,-9999
2026/09/08 19:22:00,-9999,-9999,-9999,10,2,4395,-9999,-9999,-9999
2026/09/08 19:22:00,-9999,-9999,-9999,10,2,4425,-9999,-9999,-9999
2026/09/08 19:22:00,-9999,-9999,-9999,10,2,4455,-9999,-9999,-9999
2026/09/08 19:22:00,-9999,-9999,-9999,10,2,4485,-9999,-9999,-9999
2026/09/08 19:22:00,-9999,-9999,-9999,10,2,4515,-9999,-9999,-9999
2026/09/08 19:22:00,-9999,-9999,-9999,10,2,4545,-9999,-9999,-9999
2026/09/08 19:22:00,-9999,-9999,-9999,10,2,4575,-9999,-9999,-9999
2026/09/08 19:22:00,-9999,-9999,-9999,10,2,4605,-9999,-9999,-9999
2026/09/08 19:22:00,-9999,-9999,-9999,10,2,4635,-9999,-9999,-9999
2026/09/08 19:22:00,-9999,-9999,-9999,10,2,4665,-9999,-9999,-9999
2026/09/08 19:22:00,-9999,-9999,-9999,10,2,4695,-9999,-9999,-9999
2026/09/08 19:22:00,-9999,-9999,-9999,10,2,4725,-9999,-9999,-9999
2026/09/08 19:22:00,-9999,-9999,-9999,10,2,4755,-9999,-9999,-9999
2026/09/08 19:22:00,-9999,-9999,-9999,10,2,4785,-9999,-9999,-9999
2026/09/08 19:22:00,-9999,-9999,-9999,10,2,4815,-9999,-9999,-9999
2026/09/08 19:22:00,-9999,-9999,-9999,10,2,4845,-9999,-9999,-9999
2026/09/08 19:22:00,-9999,-9999,-9999,10,2,4875,-9999,-9999,-9999
2026/09/08 19:22:00,-9999,-9999,-9999,10,2,4905,-9999,-9999,-9999
2026/09/08 19:22:00,-9999,-9999,-9999,10,2,4935,-9999,-9999,-9999
2026/09/08 19:22:00,-9999,-9999,-9999,10,2,4965,-9999,-9999,-9999
2026/09/08 19:22:00,-9999,-9999,-9999,10,2,4995,-9999,-9999,-9999
2026/09/08 19:22:00,-9999,-9999,-9999,10,2,5025,-9999,-9999,-9999
2026/09/08 19:22:00,-9999,-9999,-9999,10,2,5055,-9999,-9999,-9999
2026/09/08 19:22:00,-9999,-9999,-9999,10,2,5085,-9999,-9999,-9999
2026/09/08 19:22:00,-9999,-9999,-9999,10,2,5115,-9999,-9999,-9999
2026/09/08 19:22:00,-9999,-9999,-9999,10,2,5145,-9999,-9999,-9999
2026/09/08 19:22:00,-9999,-9999,-9999,10,2,5175,-9999,-9999,-9999
2026/09/08 19:22:00,-9999,-9999,-9999,10,2,5205,-9999,-9999,-9999
2026/09/08 19:22:00,-9999,-9999,-9999,10,2,5235,-9999,-9999,-9999
2026/09/08 19:22:00,-9999,-9999,-9999,10,2,5265,-9999,-9999,-9999
2026/09/08 19:22:00,-9999,-9999,-9999,10,2,5295,-9999,-9999,-9999
2026/09/08 19:22:00,-9999,-9999,-9999,10,2,5325,-9999,-9999,-9999
2026/09/08 19:22:00,-9999,-9999,-9999,10,2,5355,-9999,-9999,-9999
2026/09/08 19:22:00,-9999,-9999,-9999,10,2,5385,-9999,-9999,-9999
2026/09/08 19:22:00,-9999,-9999,-9999,10,2,5415,-9999,-9999,-9999
2026/09/08 19:22:00,-9999,-9999,-9999,10,2,5445,-9999,-9999,-9999
2026/09/08 19:22:00,-9999,-9999,-9999,10,2,5475,-9999,-9999,-9999
2026/09/08 19:22:00,-9999,-9999,-9999,10,2,5505,-9999,-9999,-9999
2026/09/08 19:22:00,-9999,-9999,-9999,10,2,5535,-9999,-9999,-9999
2026/09/08 19:22:00,-9999,-9999,-9999,10,2,5565,-9999,-9999,-9999
2026/09/08 19:22:00,-9999,-9999,-9999,10,2,5595,-9999,-9999,-9999
2026/09/08 19:22:00,-9999,-9999,-9999,10,2,5625,-9999,-9999,-9999
2026/09/08 19:22:00,-9999,-9999,-9999,10,2,5655,-9999,-9999,-9999
2026/09/08 19:22:00,-9999,-9999,-9999,10,2,5685,-9999,-9999,-9999
2026/09/08 19:22:00,-9999,-9999,-9999,10,2,5715,-9999,-9999,-9999
2026/09/08 19:22:00,-9999,-9999,-9999,10,2,5745,-9999,-9999,-9999
2026/09/08 19:22:00,-9999,-9999,-9999,10,2,5775,-9999,-9999,-9999
2026/09/08 19:22:00,-9999,-9999,-9999,10,2,5805,-9999,-9999,-9999
2026/09/08 19:22:00,-9999,-9999,-9999,10,2,5835,-9999,-9999,-9999
2026/09/08 19:22:00,-9999,-9999,-9999,10,2,5865,-9999,-9999,-9999
2026/09/08 19:22:00,-9999,-9999,-9999,10,2,5895,-9999,-9999,-9999
2026/09/08 19:22:00,-9999,-9999,-9999,10,2,5925,-9999,-9999,-9999
2026/09/08 19:22:00,-9999,-9999,-9999,10,2,5955,-9999,-9999,-9999
2026/09/08 19:22:00,-9999,-9999,-9999,10,2,5985,-9999,-9999,-9999
2026/09/08 19:22:00,-9999,-9999,-9999,20,2,15,-9999,-9999,-9999
2026/09/08 19:22:00,-9999,-9999,-9999,20,2,45,1.815243,11.85187,-9999
2026/09/08 19:22:00,-9999,-9999,-9999,20,2,75,2.082352,11.0736,-9999
2026/09/08 19:22:00,-9999,-9999,-9999,20,2,105,2.247662,11.49802,-9999
2026/09/08 19:22:00,-9999,-9999,-9999,20,2,135,2.232399,16.05043,-9999
2026/09/08 19:22:00,-9999,-9999,-9999,20,2,165,2.327667,15.89419,-9999
2026/09/08 19:22:00,-9999,-9999,-9999,20,2,195,2.328377,16.9079,-9999
2026/09/08 19:22:00,-9999,-9999,-9999,20,2,225,2.320616,17.53512,-9999
2026/09/08 19:22:00,-9999,-9999,-9999,20,2,255,2.356178,17.04984,-9999
2026/09/08 19:22:00,-9999,-9999,-9999,20,2,285,2.42505,18.52838,-9999
2026/09/08 19:22:00,-9999,-9999,-9999,20,2,315,2.515719,18.59039,-9999
2026/09/08 19:22:00,-9999,-9999,-9999,20,2,345,2.649351,19.61607,-9999
2026/09/08 19:22:00,-9999,-9999,-9999,20,2,375,2.761708,21.85453,-9999
2026/09/08 19:22:00,-9999,-9999,-9999,20,2,405,2.826674,23.16227,-9999
2026/09/08 19:22:00,-9999,-9999,-9999,20,2,435,2.92069,23.26117,-9999
2026/09/08 19:22:00,-9999,-9999,-9999,20,2,465,2.924268,25.48458,-9999
2026/09/08 19:22:00,-9999,-9999,-9999,20,2,495,2.966008,29.00212,-9999
2026/09/08 19:22:00,-9999,-9999,-9999,20,2,525,2.974735,33.04482,-9999
2026/09/08 19:22:00,-9999,-9999,-9999,20,2,555,3.046223,40.91974,-9999
2026/09/08 19:22:00,-9999,-9999,-9999,20,2,585,3.122597,43.41544,-9999
2026/09/08 19:22:00,-9999,-9999,-9999,20,2,615,3.101337,40.89566,-9999
2026/09/08 19:22:00,-9999,-9999,-9999,20,2,645,3.112218,38.76105,-9999
2026/09/08 19:22:00,-9999,-9999,-9999,20,2,675,3.084983,34.40822,-9999
2026/09/08 19:22:00,-9999,-9999,-9999,20,2,705,3.054417,33.60022,-9999
2026/09/08 19:22:00,-9999,-9999,-9999,20,2,735,3.047023,34.93716,-9999
2026/09/08 19:22:00,-9999,-9999,-9999,20,2,765,3.132261,36.42883,-9999
2026/09/08 19:22:00,-9999,-9999,-9999,20,2,795,3.22914,39.19541,-9999
2026/09/08 19:22:00,-9999,-9999,-9999,20,2,825,3.361544,40.86757,-9999
2026/09/08 19:22:00,-9999,-9999,-9999,20,2,855,3.498077,43.74804,-9999
2026/09/08 19:22:00,-9999,-9999,-9999,20,2,885,3.605033,46.14719,-9999
2026/09/08 19:22:00,-9999,-9999,-9999,20,2,915,3.549844,45.98565,-9999
2026/09/08 19:22:00,-9999,-9999,-9999,20,2,945,3.605079,45.95605,-9999
2026/09/08 19:22:00,-9999,-9999,-9999,20,2,975,3.523922,43.93237,-9999
2026/09/08 19:22:00,-9999,-9999,-9999,20,2,1005,3.461373,42.41412,-9999
2026/09/08 19:22:00,-9999,-9999,-9999,20,2,1035,3.536845,40.76549,-9999
2026/09/08 19:22:00,-9999,-9999,-9999,20,2,1065,3.458798,38.46782,-9999
2026/09/08 19:22:00,-9999,-9999,-9999,20,2,1095,3.512954,37.07024,-9999
2026/09/08 19:22:00,-9999,-9999,-9999,20,2,1125,3.614414,35.91534,-9999
2026/09/08 19:22:00,-9999,-9999,-9999,20,2,1155,3.798134,36.8088,-9999
2026/09/08 19:22:00,-9999,-9999,-9999,20,2,1185,4.018827,37.10582,-9999
2026/09/08 19:22:00,-9999,-9999,-9999,20,2,1215,4.341642,38.95792,-9999
2026/09/08 19:22:00,-9999,-9999,-9999,20,2,1245,4.182799,34.26165,-9999
2026/09/08 19:22:00,-9999,-9999,-9999,20,2,1275,4.182483,32.88686,-9999
2026/09/08 19:22:00,-9999,-9999,-9999,20,2,1305,4.149655,33.62339,-9999
2026/09/08 19:22:00,-9999,-9999,-9999,20,2,1335,4.122107,34.62141,-9999
2026/09/08 19:22:00,-9999,-9999,-9999,20,2,1365,4.102999,35.79965,-9999
2026/09/08 19:22:00,-9999,-9999,-9999,20,2,1395,4.01232,36.20647,-9999
2026/09/08 19:22:00,-9999,-9999,-9999,20,2,1425,3.930532,36.30404,-9999
2026/09/08 19:22:00,-9999,-9999,-9999,20,2,1455,-9999,-9999,-9999
2026/09/08 19:22:00,-9999,-9999,-9999,20,2,1485,-9999,-9999,-9999
2026/09/08 19:22:00,-9999,-9999,-9999,20,2,1515,-9999,-9999,-9999
2026/09/08 19:22:00,-9999,-9999,-9999,20,2,1545,-9999,-9999,-9999
2026/09/08 19:22:00,-9999,-9999,-9999,20,2,1575,-9999,-9999,-9999
2026/09/08 19:22:00,-9999,-9999,-9999,20,2,1605,-9999,-9999,-9999
2026/09/08 19:22:00,-9999,-9999,-9999,20,2,1635,-9999,-9999,-9999
2026/09/08 19:22:00,-9999,-9999,-9999,20,2,1665,-9999,-9999,-9999
2026/09/08 19:22:00,-9999,-9999,-9999,20,2,1695,-9999,-9999,-9999
2026/09/08 19:22:00,-9999,-9999,-9999,20,2,1725,-9999,-9999,-9999
2026/09/08 19:22:00,-9999,-9999,-9999,20,2,1755,-9999,-9999,-9999
2026/09/08 19:22:00,-9999,-9999,-9999,20,2,1785,-9999,-9999,-9999
2026/09/08 19:22:00,-9999,-9999,-9999,20,2,1815,-9999,-9999,-9999
2026/09/08 19:22:00,-9999,-9999,-9999,20,2,1845,-9999,-9999,-9999
2026/09/08 19:22:00,-9999,-9999,-9999,20,2,1875,-9999,-9999,-9999
2026/09/08 19:22:00,-9999,-9999,-9999,20,2,1905,-9999,-9999,-9999
2026/09/08 19:22:00,-9999,-9999,-9999,20,2,1935,-9999,-9999,-9999
2026/09/08 19:22:00,-9999,-9999,-9999,20,2,1965,-9999,-9999,-9999
2026/09/08 19:22:00,-9999,-9999,-9999,20,2,1995,-9999,-9999,-9999
2026/09/08 19:22:00,-9999,-9999,-9999,20,2,2025,-9999,-9999,-9999
2026/09/08 19:22:00,-9999,-9999,-9999,20,2,2055,-9999,-9999,-9999
2026/09/08 19:22:00,-9999,-9999,-9999,20,2,2085,-9999,-9999,-9999
2026/09/08 19:22:00,-9999,-9999,-9999,20,2,2115,-9999,-9999,-9999
2026/09/08 19:22:00,-9999,-9999,-9999,20,2,2145,-9999,-9999,-9999
2026/09/08 19:22:00,-9999,-9999,-9999,20,2,2175,-9999,-9999,-9999
2026/09/08 19:22:00,-9999,-9999,-9999,20,2,2205,-9999,-9999,-9999
2026/09/08 19:22:00,-9999,-9999,-9999,20,2,2235,-9999,-9999,-9999
2026/09/08 19:22:00,-9999,-9999,-9999,20,2,2265,-9999,-9999,-9999
2026/09/08 19:22:00,-9999,-9999,-9999,20,2,2295,-9999,-9999,-9999
2026/09/08 19:22:00,-9999,-9999,-9999,20,2,2325,-9999,-9999,-9999
2026/09/08 19:22:00,-9999,-9999,-9999,20,2,2355,-9999,-9999,-9999
2026/09/08 19:22:00,-9999,-9999,-9999,20,2,2385,-9999,-9999,-9999
2026/09/08 19:22:00,-9999,-9999,-9999,20,2,2415,-9999,-9999,-9999
2026/09/08 19:22:00,-9999,-9999,-9999,20,2,2445,-9999,-9999,-9999
2026/09/08 19:22:00,-9999,-9999,-9999,20,2,2475,-9999,-9999,-9999
2026/09/08 19:22:00,-9999,-9999,-9999,20,2,2505,-9999,-9999,-9999
2026/09/08 19:22:00,-9999,-9999,-9999,20,2,2535,-9999,-9999,-9999
2026/09/08 19:22:00,-9999,-9999,-9999,20,2,2565,-9999,-9999,-9999
2026/09/08 19:22:00,-9999,-9999,-9999,20,2,2595,-9999,-9999,-9999
2026/09/08 19:22:00,-9999,-9999,-9999,20,2,2625,-9999,-9999,-9999
2026/09/08 19:22:00,-9999,-9999,-9999,20,2,2655,-9999,-9999,-9999
2026/09/08 19:22:00,-9999,-9999,-9999,20,2,2685,-9999,-9999,-9999
2026/09/08 19:22:00,-9999,-9999,-9999,20,2,2715,-9999,-9999,-9999
2026/09/08 19:22:00,-9999,-9999,-9999,20,2,2745,-9999,-9999,-9999
2026/09/08 19:22:00,-9999,-9999,-9999,20,2,2775,-9999,-9999,-9999
2026/09/08 19:22:00,-9999,-9999,-9999,20,2,2805,-9999,-9999,-9999
2026/09/08 19:22:00,-9999,-9999,-9999,20,2,2835,-9999,-9999,-9999
2026/09/08 19:22:00,-9999,-9999,-9999,20,2,2865,-9999,-9999,-9999
2026/09/08 19:22:00,-9999,-9999,-9999,20,2,2895,-9999,-9999,-9999
2026/09/08 19:22:00,-9999,-9999,-9999,20,2,2925,-9999,-9999,-9999
2026/09/08 19:22:00,-9999,-9999,-9999,20,2,2955,-9999,-9999,-9999
2026/09/08 19:22:00,-9999,-9999,-9999,20,2,2985,-9999,-9999,-9999
2026/09/08 19:22:00,-9999,-9999,-9999,20,2,3015,-9999,-9999,-9999
2026/09/08 19:22:00,-9999,-9999,-9999,20,2,3045,-9999,-9999,-9999
2026/09/08 19:22:00,-9999,-9999,-9999,20,2,3075,-9999,-9999,-9999
2026/09/08 19:22:00,-9999,-9999,-9999,20,2,3105,-9999,-9999,-9999
2026/09/08 19:22:00,-9999,-9999,-9999,20,2,3135,-9999,-9999,-9999
2026/09/08 19:22:00,-9999,-9999,-9999,20,2,3165,-9999,-9999,-9999
2026/09/08 19:22:00,-9999,-9999,-9999,20,2,3195,-9999,-9999,-9999
2026/09/08 19:22:00,-9999,-9999,-9999,20,2,3225,-9999,-9999,-9999
2026/09/08 19:22:00,-9999,-9999,-9999,20,2,3255,-9999,-9999,-9999
2026/09/08 19:22:00,-9999,-9999,-9999,20,2,3285,-9999,-9999,-9999
2026/09/08 19:22:00,-9999,-9999,-9999,20,2,3315,-9999,-9999,-9999
2026/09/08 19:22:00,-9999,-9999,-9999,20,2,3345,-9999,-9999,-9999
2026/09/08 19:22:00,-9999,-9999,-9999,20,2,3375,-9999,-9999,-9999
2026/09/08 19:22:00,-9999,-9999,-9999,20,2,3405,-9999,-9999,-9999
2026/09/08 19:22:00,-9999,-9999,-9999,20,2,3435,-9999,-9999,-9999
2026/09/08 19:22:00,-9999,-9999,-9999,20,2,3465,-9999,-9999,-9999
2026/09/08 19:22:00,-9999,-9999,-9999,20,2,3495,-9999,-9999,-9999
2026/09/08 19:22:00,-9999,-9999,-9999,20,2,3525,-9999,-9999,-9999
2026/09/08 19:22:00,-9999,-9999,-9999,20,2,3555,-9999,-9999,-9999
2026/09/08 19:22:00,-9999,-9999,-9999,20,2,3585,-9999,-9999,-9999
2026/09/08 19:22:00,-9999,-9999,-9999,20,2,3615,-9999,-9999,-9999
2026/09/08 19:22:00,-9999,-9999,-9999,20,2,3645,-9999,-9999,-9999
2026/09/08 19:22:00,-9999,-9999,-9999,20,2,3675,-9999,-9999,-9999
2026/09/08 19:22:00,-9999,-9999,-9999,20,2,3705,-9999,-9999,-9999
2026/09/08 19:22:00,-9999,-9999,-9999,20,2,3735,-9999,-9999,-9999
2026/09/08 19:22:00,-9999,-9999,-9999,20,2,3765,-9999,-9999,-9999
2026/09/08 19:22:00,-9999,-9999,-9999,20,2,3795,-9999,-9999,-9999
2026/09/08 19:22:00,-9999,-9999,-9999,20,2,3825,-9999,-9999,-9999
2026/09/08 19:22:00,-9999,-9999,-9999,20,2,3855,-9999,-9999,-9999
2026/09/08 19:22:00,-9999,-9999,-9999,20,2,3885,-9999,-9999,-9999
2026/09/08 19:22:00,-9999,-9999,-9999,20,2,3915,-9999,-9999,-9999
2026/09/08 19:22:00,-9999,-9999,-9999,20,2,3945,-9999,-9999,-9999
2026/09/08 19:22:00,-9999,-9999,-9999,20,2,3975,-9999,-9999,-9999
2026/09/08 19:22:00,-9999,-9999,-9999,20,2,4005,-9999,-9999,-9999
2026/09/08 19:22:00,-9999,-9999,-9999,20,2,4035,-9999,-9999,-9999
2026/09/08 19:22:00,-9999,-9999,-9999,20,2,4065,-9999,-9999,-9999
2026/09/08 19:22:00,-9999,-9999,-9999,20,2,4095,-9999,-9999,-9999
2026/09/08 19:22:00,-9999,-9999,-9999,20,2,4125,-9999,-9999,-9999
2026/09/08 19:22:00,-9999,-9999,-9999,20,2,4155,-9999,-9999,-9999
2026/09/08 19:22:00,-9999,-9999,-9999,20,2,4185,-9999,-9999,-9999
2026/09/08 19:22:00,-9999,-9999,-9999,20,2,4215,-9999,-9999,-9999
2026/09/08 19:22:00,-9999,-9999,-9999,20,2,4245,-9999,-9999,-9999
2026/09/08 19:22:00,-9999,-9999,-9999,20,2,4275,-9999,-9999,-9999
2026/09/08 19:22:00,-9999,-9999,-9999,20,2,4305,-9999,-9999,-9999
2026/09/08 19:22:00,-9999,-9999,-9999,20,2,4335,-9999,-9999,-9999
2026/09/08 19:22:00,-9999,-9999,-9999,20,2,4365,-9999,-9999,-9999
2026/09/08 19:22:00,-9999,-9999,-9999,20,2,4395,-9999,-9999,-9999
2026/09/08 19:22:00,-9999,-9999,-9999,20,2,4425,-9999,-9999,-9999
2026/09/08 19:22:00,-9999,-9999,-9999,20,2,4455,-9999,-9999,-9999
2026/09/08 19:22:00,-9999,-9999,-9999,20,2,4485,-9999,-9999,-9999
2026/09/08 19:22:00,-9999,-9999,-9999,20,2,4515,-9999,-9999,-9999
2026/09/08 19:22:00,-9999,-9999,-9999,20,2,4545,-9999,-9999,-9999
2026/09/08 19:22:00,-9999,-9999,-9999,20,2,4575,-9999,-9999,-9999
2026/09/08 19:22:00,-9999,-9999,-9999,20,2,4605,-9999,-9999,-9999
2026/09/08 19:22:00,-9999,-9999,-9999,20,2,4635,-9999,-9999,-9999
2026/09/08 19:22:00,-9999,-9999,-9999,20,2,4665,-9999,-9999,-9999
2026/09/08 19:22:00,-9999,-9999,-9999,20,2,4695,-9999,-9999,-9999
2026/09/08 19:22:00,-9999,-9999,-9999,20,2,4725,-9999,-9999,-9999
2026/09/08 19:22:00,-9999,-9999,-9999,20,2,4755,-9999,-9999,-9999
2026/09/08 19:22:00,-9999,-9999,-9999,20,2,4785,-9999,-9999,-9999
2026/09/08 19:22:00,-9999,-9999,-9999,20,2,4815,-9999,-9999,-9999
2026/09/08 19:22:00,-9999,-9999,-9999,20,2,4845,-9999,-9999,-9999
2026/09/08 19:22:00,-9999,-9999,-9999,20,2,4875,-9999,-9999,-9999
2026/09/08 19:22:00,-9999,-9999,-9999,20,2,4905,-9999,-9999,-9999
2026/09/08 19:22:00,-9999,-9999,-9999,20,2,4935,-9999,-9999,-9999
2026/09/08 19:22:00,-9999,-9999,-9999,20,2,4965,-9999,-9999,-9999
2026/09/08 19:22:00,-9999,-9999,-9999,20,2,4995,-9999,-9999,-9999
2026/09/08 19:22:00,-9999,-9999,-9999,20,2,5025,-9999,-9999,-9999
2026/09/08 19:22:00,-9999,-9999,-9999,20,2,5055,-9999,-9999,-9999
2026/09/08 19:22:00,-9999,-9999,-9999,20,2,5085,-9999,-9999,-9999
2026/09/08 19:22:00,-9999,-9999,-9999,20,2,5115,-9999,-9999,-9999
2026/09/08 19:22:00,-9999,-9999,-9999,20,2,5145,-9999,-9999,-9999
2026/09/08 19:22:00,-9999,-9999,-9999,20,2,5175,-9999,-9999,-9999
2026/09/08 19:22:00,-9999,-9999,-9999,20,2,5205,-9999,-9999,-9999
2026/09/08 19:22:00,-9999,-9999,-9999,20,2,5235,-9999,-9999,-9999
2026/09/08 19:22:00,-9999,-9999,-9999,20,2,5265,-9999,-9999,-9999
2026/09/08 19:22:00,-9999,-9999,-9999,20,2,5295,-9999,-9999,-9999
2026/09/08 19:22:00,-9999,-9999,-9999,20,2,5325,-9999,-9999,-9999
2026/09/08 19:22:00,-9999,-9999,-9999,20,2,5355,-9999,-9999,-9999
2026/09/08 19:22:00,-9999,-9999,-9999,20,2,5385,-9999,-9999,-9999
2026/09/08 19:22:00,-9999,-9999,-9999,20,2,5415,-9999,-9999,-9999
2026/09/08 19:22:00,-9999,-9999,-9999,20,2,5445,-9999,-9999,-9999
2026/09/08 19:22:00,-9999,-9999,-9999,20,2,5475,-9999,-9999,-9999
2026/09/08 19:22:00,-9999,-9999,-9999,20,2,5505,-9999,-9999,-9999
2026/09/08 19:22:00,-9999,-9999,-9999,20,2,5535,-9999,-9999,-9999
2026/09/08 19:22:00,-9999,-9999,-9999,20,2,5565,-9999,-9999,-9999
2026/09/08 19:22:00,-9999,-9999,-9999,20,2,5595,-9999,-9999,-9999
2026/09/08 19:22:00,-9999,-9999,-9999,20,2,5625,-9999,-9999,-9999
2026/09/08 19:22:00,-9999,-9999,-9999,20,2,5655,-9999,-9999,-9999
2026/09/08 19:22:00,-9999,-9999,-9999,20,2,5685,-9999,-9999,-9999
2026/09/08 19:22:00,-9999,-9999,-9999,20,2,5715,-9999,-9999,-9999
2026/09/08 19:22:00,-9999,-9999,-9999,20,2,5745,-9999,-9999,-9999
2026/09/08 19:22:00,-9999,-9999,-9999,20,2,5775,-9999,-9999,-9999
2026/09/08 19:22:00,-9999,-9999,-9999,20,2,5805,-9999,-9999,-9999
2026/09/08 19:22:00,-9999,-9999,-9999,20,2,5835,-9999,-9999,-9999
2026/09/08 19:22:00,-9999,-9999,-9999,20,2,5865,-9999,-9999,-9999
2026/09/08 19:22:00,-9999,-9999,-9999,20,2,5895,-9999,-9999,-9999
2026/09/08 19:22:00,-9999,-9999,-9999,20,2,5925,-9999,-9999,-9999
2026/09/08 19:22:00,-9999,-9999,-9999,20,2,5955,-9999,-9999,-9999
2026/09/08 19:22:00,-9999,-9999,-9999,20,2,5985,-9999,-9999,-9999
2026/09/08 19:22:00,-9999,-9999,-9999,30,2,15,-9999,-9999,-9999
2026/09/08 19:22:00,-9999,-9999,-9999,30,2,45,1.882147,22.62579,-9999
2026/09/08 19:22:00,-9999,-9999,-9999,30,2,75,2.14976,21.4438,-9999
2026/09/08 19:22:00,-9999,-9999,-9999,30,2,105,2.309921,21.09476,-9999
2026/09/08 19:22:00,-9999,-9999,-9999,30,2,135,2.281291,24.03969,-9999
2026/09/08 19:22:00,-9999,-9999,-9999,30,2,165,2.36686,23.25303,-9999
2026/09/08 19:22:00,-9999,-9999,-9999,30,2,195,2.386854,25.16938,-9999
2026/09/08 19:22:00,-9999,-9999,-9999,30,2,225,2.381645,25.84505,-9999
2026/09/08 19:22:00,-9999,-9999,-9999,30,2,255,2.452882,27.08698,-9999
2026/09/08 19:22:00,-9999,-9999,-9999,30,2,285,2.546166,29.16156,-9999
2026/09/08 19:22:00,-9999,-9999,-9999,30,2,315,2.626878,28.63981,-9999
2026/09/08 19:22:00,-9999,-9999,-9999,30,2,345,2.769726,29.58687,-9999
2026/09/08 19:22:00,-9999,-9999,-9999,30,2,375,2.845611,30.01999,-9999
2026/09/08 19:22:00,-9999,-9999,-9999,30,2,405,2.891476,30.47432,-9999
2026/09/08 19:22:00,-9999,-9999,-9999,30,2,435,2.987229,30.55077,-9999
2026/09/08 19:22:00,-9999,-9999,-9999,30,2,465,3.003474,32.96115,-9999
2026/09/08 19:22:00,-9999,-9999,-9999,30,2,495,3.091719,37.3156,-9999
2026/09/08 19:22:00,-9999,-9999,-9999,30,2,525,3.140547,41.75927,-9999
2026/09/08 19:22:00,-9999,-9999,-9999,30,2,555,3.212113,48.72013,-9999
2026/09/08 19:22:00,-9999,-9999,-9999,30,2,585,3.247293,50.33948,-9999
2026/09/08 19:22:00,-9999,-9999,-9999,30,2,615,3.182226,47.2909,-9999
2026/09/08 19:22:00,-9999,-9999,-9999,30,2,645,3.155335,44.57264,-9999
2026/09/08 19:22:00,-9999,-9999,-9999,30,2,675,3.104564,39.84601,-9999
2026/09/08 19:22:00,-9999,-9999,-9999,30,2,705,3.040088,38.26065,-9999
2026/09/08 19:22:00,-9999,-9999,-9999,30,2,735,2.996012,38.75739,-9999
2026/09/08 19:22:00,-9999,-9999,-9999,30,2,765,3.054042,39.73749,-9999
2026/09/08 19:22:00,-9999,-9999,-9999,30,2,795,3.145201,42.59968,-9999
2026/09/08 19:22:00,-9999,-9999,-9999,30,2,825,3.315052,45.08275,-9999
2026/09/08 19:22:00,-9999,-9999,-9999,30,2,855,3.450181,48.04667,-9999
2026/09/08 19:22:00,-9999,-9999,-9999,30,2,885,3.589271,50.94422,-9999
2026/09/08 19:22:00,-9999,-9999,-9999,30,2,915,3.588067,51.47845,-9999
2026/09/08 19:22:00,-9999,-9999,-9999,30,2,945,3.735962,52.56593,-9999
2026/09/08 19:22:00,-9999,-9999,-9999,30,2,975,3.740659,51.76523,-9999
2026/09/08 19:22:00,-9999,-9999,-9999,30,2,1005,3.761706,51.48882,-9999
2026/09/08 19:22:00,-9999,-9999,-9999,30,2,1035,3.861839,50.29087,-9999
2026/09/08 19:22:00,-9999,-9999,-9999,30,2,1065,3.762917,48.15598,-9999
2026/09/08 19:22:00,-9999,-9999,-9999,30,2,1095,3.822584,46.98455,-9999
2026/09/08 19:22:00,-9999,-9999,-9999,30,2,1125,3.892111,45.43149,-9999
2026/09/08 19:22:00,-9999,-9999,-9999,30,2,1155,4.082581,46.09688,-9999
2026/09/08 19:22:00,-9999,-9999,-9999,30,2,1185,4.312629,46.26177,-9999
2026/09/08 19:22:00,-9999,-9999,-9999,30,2,1215,-9999,-9999,-9999
2026/09/08 19:22:00,-9999,-9999,-9999,30,2,1245,4.452252,43.3307,-9999
2026/09/08 19:22:00,-9999,-9999,-9999,30,2,1275,4.454279,42.1776,-9999
2026/09/08 19:22:00,-9999,-9999,-9999,30,2,1305,4.438016,43.07143,-9999
2026/09/08 19:22:00,-9999,-9999,-9999,30,2,1335,4.43098,44.22709,-9999
2026/09/08 19:22:00,-9999,-9999,-9999,30,2,1365,4.452691,45.76939,-9999
2026/09/08 19:22:00,-9999,-9999,-9999,30,2,1395,4.394053,46.6084,-9999
2026/09/08 19:22:00,-9999,-9999,-9999,30,2,1425,4.32832,46.98591,-9999
2026/09/08 19:22:00,-9999,-9999,-9999,30,2,1455,-9999,-9999,-9999
2026/09/08 19:22:00,-9999,-9999,-9999,30,2,1485,-9999,-9999,-9999
2026/09/08 19:22:00,-9999,-9999,-9999,30,2,1515,-9999,-9999,-9999
2026/09/08 19:22:00,-9999,-9999,-9999,30,2,1545,-9999,-9999,-9999
2026/09/08 19:22:00,-9999,-9999,-9999,30,2,1575,-9999,-9999,-9999
2026/09/08 19:22:00,-9999,-9999,-9999,30,2,1605,-9999,-9999,-9999
2026/09/08 19:22:00,-9999,-9999,-9999,30,2,1635,-9999,-9999,-9999
2026/09/08 19:22:00,-9999,-9999,-9999,30,2,1665,-9999,-9999,-9999
2026/09/08 19:22:00,-9999,-9999,-9999,30,2,1695,-9999,-9999,-9999
2026/09/08 19:22:00,-9999,-9999,-9999,30,2,1725,-9999,-9999,-9999
2026/09/08 19:22:00,-9999,-9999,-9999,30,2,1755,-9999,-9999,-9999
2026/09/08 19:22:00,-9999,-9999,-9999,30,2,1785,-9999,-9999,-9999
2026/09/08 19:22:00,-9999,-9999,-9999,30,2,1815,-9999,-9999,-9999
2026/09/08 19:22:00,-9999,-9999,-9999,30,2,1845,-9999,-9999,-9999
2026/09/08 19:22:00,-9999,-9999,-9999,30,2,1875,-9999,-9999,-9999
2026/09/08 19:22:00,-9999,-9999,-9999,30,2,1905,-9999,-9999,-9999
2026/09/08 19:22:00,-9999,-9999,-9999,30,2,1935,-9999,-9999,-9999
2026/09/08 19:22:00,-9999,-9999,-9999,30,2,1965,-9999,-9999,-9999
2026/09/08 19:22:00,-9999,-9999,-9999,30,2,1995,-9999,-9999,-9999
2026/09/08 19:22:00,-9999,-9999,-9999,30,2,2025,-9999,-9999,-9999
2026/09/08 19:22:00,-9999,-9999,-9999,30,2,2055,-9999,-9999,-9999
2026/09/08 19:22:00,-9999,-9999,-9999,30,2,2085,-9999,-9999,-9999
2026/09/08 19:22:00,-9999,-9999,-9999,30,2,2115,-9999,-9999,-9999
2026/09/08 19:22:00,-9999,-9999,-9999,30,2,2145,-9999,-9999,-9999
2026/09/08 19:22:00,-9999,-9999,-9999,30,2,2175,-9999,-9999,-9999
2026/09/08 19:22:00,-9999,-9999,-9999,30,2,2205,-9999,-9999,-9999
2026/09/08 19:22:00,-9999,-9999,-9999,30,2,2235,-9999,-9999,-9999
2026/09/08 19:22:00,-9999,-9999,-9999,30,2,2265,-9999,-9999,-9999
2026/09/08 19:22:00,-9999,-9999,-9999,30,2,2295,-9999,-9999,-9999
2026/09/08 19:22:00,-9999,-9999,-9999,30,2,2325,-9999,-9999,-9999
2026/09/08 19:22:00,-9999,-9999,-9999,30,2,2355,-9999,-9999,-9999
2026/09/08 19:22:00,-9999,-9999,-9999,30,2,2385,-9999,-9999,-9999
2026/09/08 19:22:00,-9999,-9999,-9999,30,2,2415,-9999,-9999,-9999
2026/09/08 19:22:00,-9999,-9999,-9999,30,2,2445,-9999,-9999,-9999
2026/09/08 19:22:00,-9999,-9999,-9999,30,2,2475,-9999,-9999,-9999
2026/09/08 19:22:00,-9999,-9999,-9999,30,2,2505,-9999,-9999,-9999
2026/09/08 19:22:00,-9999,-9999,-9999,30,2,2535,-9999,-9999,-9999
2026/09/08 19:22:00,-9999,-9999,-9999,30,2,2565,-9999,-9999,-9999
2026/09/08 19:22:00,-9999,-9999,-9999,30,2,2595,-9999,-9999,-9999
2026/09/08 19:22:00,-9999,-9999,-9999,30,2,2625,-9999,-9999,-9999
2026/09/08 19:22:00,-9999,-9999,-9999,30,2,2655,-9999,-9999,-9999
2026/09/08 19:22:00,-9999,-9999,-9999,30,2,2685,-9999,-9999,-9999
2026/09/08 19:22:00,-9999,-9999,-9999,30,2,2715,-9999,-9999,-9999
2026/09/08 19:22:00,-9999,-9999,-9999,30,2,2745,-9999,-9999,-9999
2026/09/08 19:22:00,-9999,-9999,-9999,30,2,2775,-9999,-9999,-9999
2026/09/08 19:22:00,-9999,-9999,-9999,30,2,2805,-9999,-9999,-9999
2026/09/08 19:22:00,-9999,-9999,-9999,30,2,2835,-9999,-9999,-9999
2026/09/08 19:22:00,-9999,-9999,-9999,30,2,2865,-9999,-9999,-9999
2026/09/08 19:22:00,-9999,-9999,-9999,30,2,2895,-9999,-9999,-9999
2026/09/08 19:22:00,-9999,-9999,-9999,30,2,2925,-9999,-9999,-9999
2026/09/08 19:22:00,-9999,-9999,-9999,30,2,2955,-9999,-9999,-9999
2026/09/08 19:22:00,-9999,-9999,-9999,30,2,2985,-9999,-9999,-9999
2026/09/08 19:22:00,-9999,-9999,-9999,30,2,3015,-9999,-9999,-9999
2026/09/08 19:22:00,-9999,-9999,-9999,30,2,3045,-9999,-9999,-9999
2026/09/08 19:22:00,-9999,-9999,-9999,30,2,3075,-9999,-9999,-9999
2026/09/08 19:22:00,-9999,-9999,-9999,30,2,3105,-9999,-9999,-9999
2026/09/08 19:22:00,-9999,-9999,-9999,30,2,3135,-9999,-9999,-9999
2026/09/08 19:22:00,-9999,-9999,-9999,30,2,3165,-9999,-9999,-9999
2026/09/08 19:22:00,-9999,-9999,-9999,30,2,3195,-9999,-9999,-9999
2026/09/08 19:22:00,-9999,-9999,-9999,30,2,3225,-9999,-9999,-9999
2026/09/08 19:22:00,-9999,-9999,-9999,30,2,3255,-9999,-9999,-9999
2026/09/08 19:22:00,-9999,-9999,-9999,30,2,3285,-9999,-9999,-9999
2026/09/08 19:22:00,-9999,-9999,-9999,30,2,3315,-9999,-9999,-9999
2026/09/08 19:22:00,-9999,-9999,-9999,30,2,3345,-9999,-9999,-9999
2026/09/08 19:22:00,-9999,-9999,-9999,30,2,3375,-9999,-9999,-9999
2026/09/08 19:22:00,-9999,-9999,-9999,30,2,3405,-9999,-9999,-9999
2026/09/08 19:22:00,-9999,-9999,-9999,30,2,3435,-9999,-9999,-9999
2026/09/08 19:22:00,-9999,-9999,-9999,30,2,3465,-9999,-9999,-9999
2026/09/08 19:22:00,-9999,-9999,-9999,30,2,3495,-9999,-9999,-9999
2026/09/08 19:22:00,-9999,-9999,-9999,30,2,3525,-9999,-9999,-9999
2026/09/08 19:22:00,-9999,-9999,-9999,30,2,3555,-9999,-9999,-9999
2026/09/08 19:22:00,-9999,-9999,-9999,30,2,3585,-9999,-9999,-9999
2026/09/08 19:22:00,-9999,-9999,-9999,30,2,3615,-9999,-9999,-9999
2026/09/08 19:22:00,-9999,-9999,-9999,30,2,3645,-9999,-9999,-9999
2026/09/08 19:22:00,-9999,-9999,-9999,30,2,3675,-9999,-9999,-9999
2026/09/08 19:22:00,-9999,-9999,-9999,30,2,3705,-9999,-9999,-9999
2026/09/08 19:22:00,-9999,-9999,-9999,30,2,3735,-9999,-9999,-9999
2026/09/08 19:22:00,-9999,-9999,-9999,30,2,3765,-9999,-9999,-9999
2026/09/08 19:22:00,-9999,-9999,-9999,30,2,3795,-9999,-9999,-9999
2026/09/08 19:22:00,-9999,-9999,-9999,30,2,3825,-9999,-9999,-9999
2026/09/08 19:22:00,-9999,-9999,-9999,30,2,3855,-9999,-9999,-9999
2026/09/08 19:22:00,-9999,-9999,-9999,30,2,3885,-9999,-9999,-9999
2026/09/08 19:22:00,-9999,-9999,-9999,30,2,3915,-9999,-9999,-9999
2026/09/08 19:22:00,-9999,-9999,-9999,30,2,3945,-9999,-9999,-9999
2026/09/08 19:22:00,-9999,-9999,-9999,30,2,3975,-9999,-9999,-9999
2026/09/08 19:22:00,-9999,-9999,-9999,30,2,4005,-9999,-9999,-9999
2026/09/08 19:22:00,-9999,-9999,-9999,30,2,4035,-9999,-9999,-9999
2026/09/08 19:22:00,-9999,-9999,-9999,30,2,4065,-9999,-9999,-9999
2026/09/08 19:22:00,-9999,-9999,-9999,30,2,4095,-9999,-9999,-9999
2026/09/08 19:22:00,-9999,-9999,-9999,30,2,4125,-9999,-9999,-9999
2026/09/08 19:22:00,-9999,-9999,-9999,30,2,4155,-9999,-9999,-9999
2026/09/08 19:22:00,-9999,-9999,-9999,30,2,4185,-9999,-9999,-9999
2026/09/08 19:22:00,-9999,-9999,-9999,30,2,4215,-9999,-9999,-9999
2026/09/08 19:22:00,-9999,-9999,-9999,30,2,4245,-9999,-9999,-9999
2026/09/08 19:22:00,-9999,-9999,-9999,30,2,4275,-9999,-9999,-9999
2026/09/08 19:22:00,-9999,-9999,-9999,30,2,4305,-9999,-9999,-9999
2026/09/08 19:22:00,-9999,-9999,-9999,30,2,4335,-9999,-9999,-9999
2026/09/08 19:22:00,-9999,-9999,-9999,30,2,4365,-9999,-9999,-9999
2026/09/08 19:22:00,-9999,-9999,-9999,30,2,4395,-9999,-9999,-9999
2026/09/08 19:22:00,-9999,-9999,-9999,30,2,4425,-9999,-9999,-9999
2026/09/08 19:22:00,-9999,-9999,-9999,30,2,4455,-9999,-9999,-9999
2026/09/08 19:22:00,-9999,-9999,-9999,30,2,4485,-9999,-9999,-9999
2026/09/08 19:22:00,-9999,-9999,-9999,30,2,4515,-9999,-9999,-9999
2026/09/08 19:22:00,-9999,-9999,-9999,30,2,4545,-9999,-9999,-9999
2026/09/08 19:22:00,-9999,-9999,-9999,30,2,4575,-9999,-9999,-9999
2026/09/08 19:22:00,-9999,-9999,-9999,30,2,4605,-9999,-9999,-9999
2026/09/08 19:22:00,-9999,-9999,-9999,30,2,4635,-9999,-9999,-9999
2026/09/08 19:22:00,-9999,-9999,-9999,30,2,4665,-9999,-9999,-9999
2026/09/08 19:22:00,-9999,-9999,-9999,30,2,4695,-9999,-9999,-9999
2026/09/08 19:22:00,-9999,-9999,-9999,30,2,4725,-9999,-9999,-9999
2026/09/08 19:22:00,-9999,-9999,-9999,30,2,4755,-9999,-9999,-9999
2026/09/08 19:22:00,-9999,-9999,-9999,30,2,4785,-9999,-9999,-9999
2026/09/08 19:22:00,-9999,-9999,-9999,30,2,4815,-9999,-9999,-9999
2026/09/08 19:22:00,-9999,-9999,-9999,30,2,4845,-9999,-9999,-9999
2026/09/08 19:22:00,-9999,-9999,-9999,30,2,4875,-9999,-9999,-9999
2026/09/08 19:22:00,-9999,-9999,-9999,30,2,4905,-9999,-9999,-9999
2026/09/08 19:22:00,-9999,-9999,-9999,30,2,4935,-9999,-9999,-9999
2026/09/08 19:22:00,-9999,-9999,-9999,30,2,4965,-9999,-9999,-9999
2026/09/08 19:22:00,-9999,-9999,-9999,30,2,4995,-9999,-9999,-9999
2026/09/08 19:22:00,-9999,-9999,-9999,30,2,5025,-9999,-9999,-9999
2026/09/08 19:22:00,-9999,-9999,-9999,30,2,5055,-9999,-9999,-9999
2026/09/08 19:22:00,-9999,-9999,-9999,30,2,5085,-9999,-9999,-9999
2026/09/08 19:22:00,-9999,-9999,-9999,30,2,5115,-9999,-9999,-9999
2026/09/08 19:22:00,-9999,-9999,-9999,30,2,5145,-9999,-9999,-9999
2026/09/08 19:22:00,-9999,-9999,-9999,30,2,5175,-9999,-9999,-9999
2026/09/08 19:22:00,-9999,-9999,-9999,30,2,5205,-9999,-9999,-9999
2026/09/08 19:22:00,-9999,-9999,-9999,30,2,5235,-9999,-9999,-9999
2026/09/08 19:22:00,-9999,-9999,-9999,30,2,5265,-9999,-9999,-9999
2026/09/08 19:22:00,-9999,-9999,-9999,30,2,5295,-9999,-9999,-9999
2026/09/08 19:22:00,-9999,-9999,-9999,30,2,5325,-9999,-9999,-9999
2026/09/08 19:22:00,-9999,-9999,-9999,30,2,5355,-9999,-9999,-9999
2026/09/08 19:22:00,-9999,-9999,-9999,30,2,5385,-9999,-9999,-9999
2026/09/08 19:22:00,-9999,-9999,-9999,30,2,5415,-9999,-9999,-9999
2026/09/08 19:22:00,-9999,-9999,-9999,30,2,5445,-9999,-9999,-9999
2026/09/08 19:22:00,-9999,-9999,-9999,30,2,5475,-9999,-9999,-9999
2026/09/08 19:22:00,-9999,-9999,-9999,30,2,5505,-9999,-9999,-9999
2026/09/08 19:22:00,-9999,-9999,-9999,30,2,5535,-9999,-9999,-9999
2026/09/08 19:22:00,-9999,-9999,-9999,30,2,5565,-9999,-9999,-9999
2026/09/08 19:22:00,-9999,-9999,-9999,30,2,5595,-9999,-9999,-9999
2026/09/08 19:22:00,-9999,-9999,-9999,30,2,5625,-9999,-9999,-9999
2026/09/08 19:22:00,-9999,-9999,-9999,30,2,5655,-9999,-9999,-9999
2026/09/08 19:22:00,-9999,-9999,-9999,30,2,5685,-9999,-9999,-9999
2026/09/08 19:22:00,-9999,-9999,-9999,30,2,5715,-9999,-9999,-9999
2026/09/08 19:22:00,-9999,-9999,-9999,30,2,5745,-9999,-9999,-9999
2026/09/08 19:22:00,-9999,-9999,-9999,30,2,5775,-9999,-9999,-9999
2026/09/08 19:22:00,-9999,-9999,-9999,30,2,5805,-9999,-9999,-9999
2026/09/08 19:22:00,-9999,-9999,-9999,30,2,5835,-9999,-9999,-9999
2026/09/08 19:22:00,-9999,-9999,-9999,30,2,5865,-9999,-9999,-9999
2026/09/08 19:22:00,-9999,-9999,-9999,30,2,5895,-9999,-9999,-9999
2026/09/08 19:22:00,-9999,-9999,-9999,30,2,5925,-9999,-9999,-9999
2026/09/08 19:22:00,-9999,-9999,-9999,30,2,5955,-9999,-9999,-9999
2026/09/08 19:22:00,-9999,-9999,-9999,30,2,5985,-9999,-9999,-9999
2026/09/08 19:22:00,-9999,-9999,-9999,40,2,15,-9999,-9999,-9999
2026/09/08 19:22:00,-9999,-9999,-9999,40,2,45,-9999,-9999,-9999
2026/09/08 19:22:00,-9999,-9999,-9999,40,2,75,-9999,-9999,-9999
2026/09/08 19:22:00,-9999,-9999,-9999,40,2,105,-9999,-9999,-9999
2026/09/08 19:22:00,-9999,-9999,-9999,40,2,135,-9999,-9999,-9999
2026/09/08 19:22:00,-9999,-9999,-9999,40,2,165,-9999,-9999,-9999
2026/09/08 19:22:00,-9999,-9999,-9999,40,2,195,-9999,-9999,-9999
2026/09/08 19:22:00,-9999,-9999,-9999,40,2,225,-9999,-9999,-9999
2026/09/08 19:22:00,-9999,-9999,-9999,40,2,255,-9999,-9999,-9999
2026/09/08 19:22:00,-9999,-9999,-9999,40,2,285,-9999,-9999,-9999
2026/09/08 19:22:00,-9999,-9999,-9999,40,2,315,-9999,-9999,-9999
2026/09/08 19:22:00,-9999,-9999,-9999,40,2,345,-9999,-9999,-9999
2026/09/08 19:22:00,-9999,-9999,-9999,40,2,375,-9999,-9999,-9999
2026/09/08 19:22:00,-9999,-9999,-9999,40,2,405,-9999,-9999,-9999
2026/09/08 19:22:00,-9999,-9999,-9999,40,2,435,-9999,-9999,-9999
2026/09/08 19:22:00,-9999,-9999,-9999,40,2,465,-9999,-9999,-9999
2026/09/08 19:22:00,-9999,-9999,-9999,40,2,495,-9999,-9999,-9999
2026/09/08 19:22:00,-9999,-9999,-9999,40,2,525,-9999,-9999,-9999
2026/09/08 19:22:00,-9999,-9999,-9999,40,2,555,-9999,-9999,-9999
2026/09/08 19:22:00,-9999,-9999,-9999,40,2,585,-9999,-9999,-9999
2026/09/08 19:22:00,-9999,-9999,-9999,40,2,615,-9999,-9999,-9999
2026/09/08 19:22:00,-9999,-9999,-9999,40,2,645,-9999,-9999,-9999
2026/09/08 19:22:00,-9999,-9999,-9999,40,2,675,-9999,-9999,-9999
2026/09/08 19:22:00,-9999,-9999,-9999,40,2,705,-9999,-9999,-9999
2026/09/08 19:22:00,-9999,-9999,-9999,40,2,735,-9999,-9999,-9999
2026/09/08 19:22:00,-9999,-9999,-9999,40,2,765,-9999,-9999,-9999
2026/09/08 19:22:00,-9999,-9999,-9999,40,2,795,-9999,-9999,-9999
2026/09/08 19:22:00,-9999,-9999,-9999,40,2,825,-9999,-9999,-9999
2026/09/08 19:22:00,-9999,-9999,-9999,40,2,855,-9999,-9999,-9999
2026/09/08 19:22:00,-9999,-9999,-9999,40,2,885,-9999,-9999,-9999
2026/09/08 19:22:00,-9999,-9999,-9999,40,2,915,-9999,-9999,-9999
2026/09/08 19:22:00,-9999,-9999,-9999,40,2,945,-9999,-9999,-9999
2026/09/08 19:22:00,-9999,-9999,-9999,40,2,975,-9999,-9999,-9999
2026/09/08 19:22:00,-9999,-9999,-9999,40,2,1005,-9999,-9999,-9999
2026/09/08 19:22:00,-9999,-9999,-9999,40,2,1035,-9999,-9999,-9999
2026/09/08 19:22:00,-9999,-9999,-9999,40,2,1065,-9999,-9999,-9999
2026/09/08 19:22:00,-9999,-9999,-9999,40,2,1095,-9999,-9999,-9999
2026/09/08 19:22:00,-9999,-9999,-9999,40,2,1125,-9999,-9999,-9999
2026/09/08 19:22:00,-9999,-9999,-9999,40,2,1155,-9999,-9999,-9999
2026/09/08 19:22:00,-9999,-9999,-9999,40,2,1185,-9999,-9999,-9999
2026/09/08 19:22:00,-9999,-9999,-9999,40,2,1215,-9999,-9999,-9999
2026/09/08 19:22:00,-9999,-9999,-9999,40,2,1245,-9999,-9999,-9999
2026/09/08 19:22:00,-9999,-9999,-9999,40,2,1275,-9999,-9999,-9999
2026/09/08 19:22:00,-9999,-9999,-9999,40,2,1305,-9999,-9999,-9999
2026/09/08 19:22:00,-9999,-9999,-9999,40,2,1335,-9999,-9999,-9999
2026/09/08 19:22:00,-9999,-9999,-9999,40,2,1365,-9999,-9999,-9999
2026/09/08 19:22:00,-9999,-9999,-9999,40,2,1395,-9999,-9999,-9999
2026/09/08 19:22:00,-9999,-9999,-9999,40,2,1425,-9999,-9999,-9999
2026/09/08 19:22:00,-9999,-9999,-9999,40,2,1455,-9999,-9999,-9999
2026/09/08 19:22:00,-9999,-9999,-9999,40,2,1485,-9999,-9999,-9999
2026/09/08 19:22:00,-9999,-9999,-9999,40,2,1515,-9999,-9999,-9999
2026/09/08 19:22:00,-9999,-9999,-9999,40,2,1545,-9999,-9999,-9999
2026/09/08 19:22:00,-9999,-9999,-9999,40,2,1575,-9999,-9999,-9999
2026/09/08 19:22:00,-9999,-9999,-9999,40,2,1605,-9999,-9999,-9999
2026/09/08 19:22:00,-9999,-9999,-9999,40,2,1635,-9999,-9999,-9999
2026/09/08 19:22:00,-9999,-9999,-9999,40,2,1665,-9999,-9999,-9999
2026/09/08 19:22:00,-9999,-9999,-9999,40,2,1695,-9999,-9999,-9999
2026/09/08 19:22:00,-9999,-9999,-9999,40,2,1725,-9999,-9999,-9999
2026/09/08 19:22:00,-9999,-9999,-9999,40,2,1755,-9999,-9999,-9999
2026/09/08 19:22:00,-9999,-9999,-9999,40,2,1785,-9999,-9999,-9999
2026/09/08 19:22:00,-9999,-9999,-9999,40,2,1815,-9999,-9999,-9999
2026/09/08 19:22:00,-9999,-9999,-9999,40,2,1845,-9999,-9999,-9999
2026/09/08 19:22:00,-9999,-9999,-9999,40,2,1875,-9999,-9999,-9999
2026/09/08 19:22:00,-9999,-9999,-9999,40,2,1905,-9999,-9999,-9999
2026/09/08 19:22:00,-9999,-9999,-9999,40,2,1935,-9999,-9999,-9999
2026/09/08 19:22:00,-9999,-9999,-9999,40,2,1965,-9999,-9999,-9999
2026/09/08 19:22:00,-9999,-9999,-9999,40,2,1995,-9999,-9999,-9999
2026/09/08 19:22:00,-9999,-9999,-9999,40,2,2025,-9999,-9999,-9999
2026/09/08 19:22:00,-9999,-9999,-9999,40,2,2055,-9999,-9999,-9999
2026/09/08 19:22:00,-9999,-9999,-9999,40,2,2085,-9999,-9999,-9999
2026/09/08 19:22:00,-9999,-9999,-9999,40,2,2115,-9999,-9999,-9999
2026/09/08 19:22:00,-9999,-9999,-9999,40,2,2145,-9999,-9999,-9999
2026/09/08 19:22:00,-9999,-9999,-9999,40,2,2175,-9999,-9999,-9999
2026/09/08 19:22:00,-9999,-9999,-9999,40,2,2205,-9999,-9999,-9999
2026/09/08 19:22:00,-9999,-9999,-9999,40,2,2235,-9999,-9999,-9999
2026/09/08 19:22:00,-9999,-9999,-9999,40,2,2265,-9999,-9999,-9999
2026/09/08 19:22:00,-9999,-9999,-9999,40,2,2295,-9999,-9999,-9999
2026/09/08 19:22:00,-9999,-9999,-9999,40,2,2325,-9999,-9999,-9999
2026/09/08 19:22:00,-9999,-9999,-9999,40,2,2355,-9999,-9999,-9999
2026/09/08 19:22:00,-9999,-9999,-9999,40,2,2385,-9999,-9999,-9999
2026/09/08 19:22:00,-9999,-9999,-9999,40,2,2415,-9999,-9999,-9999
2026/09/08 19:22:00,-9999,-9999,-9999,40,2,2445,-9999,-9999,-9999
2026/09/08 19:22:00,-9999,-9999,-9999,40,2,2475,-9999,-9999,-9999
2026/09/08 19:22:00,-9999,-9999,-9999,40,2,2505,-9999,-9999,-9999
2026/09/08 19:22:00,-9999,-9999,-9999,40,2,2535,-9999,-9999,-9999
2026/09/08 19:22:00,-9999,-9999,-9999,40,2,2565,-9999,-9999,-9999
2026/09/08 19:22:00,-9999,-9999,-9999,40,2,2595,-9999,-9999,-9999
2026/09/08 19:22:00,-9999,-9999,-9999,40,2,2625,-9999,-9999,-9999
2026/09/08 19:22:00,-9999,-9999,-9999,40,2,2655,-9999,-9999,-9999
2026/09/08 19:22:00,-9999,-9999,-9999,40,2,2685,-9999,-9999,-9999
2026/09/08 19:22:00,-9999,-9999,-9999,40,2,2715,-9999,-9999,-9999
2026/09/08 19:22:00,-9999,-9999,-9999,40,2,2745,-9999,-9999,-9999
2026/09/08 19:22:00,-9999,-9999,-9999,40,2,2775,-9999,-9999,-9999
2026/09/08 19:22:00,-9999,-9999,-9999,40,2,2805,-9999,-9999,-9999
2026/09/08 19:22:00,-9999,-9999,-9999,40,2,2835,-9999,-9999,-9999
2026/09/08 19:22:00,-9999,-9999,-9999,40,2,2865,-9999,-9999,-9999
2026/09/08 19:22:00,-9999,-9999,-9999,40,2,2895,-9999,-9999,-9999
2026/09/08 19:22:00,-9999,-9999,-9999,40,2,2925,-9999,-9999,-9999
2026/09/08 19:22:00,-9999,-9999,-9999,40,2,2955,-9999,-9999,-9999
2026/09/08 19:22:00,-9999,-9999,-9999,40,2,2985,-9999,-9999,-9999
2026/09/08 19:22:00,-9999,-9999,-9999,40,2,3015,-9999,-9999,-9999
2026/09/08 19:22:00,-9999,-9999,-9999,40,2,3045,-9999,-9999,-9999
2026/09/08 19:22:00,-9999,-9999,-9999,40,2,3075,-9999,-9999,-9999
2026/09/08 19:22:00,-9999,-9999,-9999,40,2,3105,-9999,-9999,-9999
2026/09/08 19:22:00,-9999,-9999,-9999,40,2,3135,-9999,-9999,-9999
2026/09/08 19:22:00,-9999,-9999,-9999,40,2,3165,-9999,-9999,-9999
2026/09/08 19:22:00,-9999,-9999,-9999,40,2,3195,-9999,-9999,-9999
2026/09/08 19:22:00,-9999,-9999,-9999,40,2,3225,-9999,-9999,-9999
2026/09/08 19:22:00,-9999,-9999,-9999,40,2,3255,-9999,-9999,-9999
2026/09/08 19:22:00,-9999,-9999,-9999,40,2,3285,-9999,-9999,-9999
2026/09/08 19:22:00,-9999,-9999,-9999,40,2,3315,-9999,-9999,-9999
2026/09/08 19:22:00,-9999,-9999,-9999,40,2,3345,-9999,-9999,-9999
2026/09/08 19:22:00,-9999,-9999,-9999,40,2,3375,-9999,-9999,-9999
2026/09/08 19:22:00,-9999,-9999,-9999,40,2,3405,-9999,-9999,-9999
2026/09/08 19:22:00,-9999,-9999,-9999,40,2,3435,-9999,-9999,-9999
2026/09/08 19:22:00,-9999,-9999,-9999,40,2,3465,-9999,-9999,-9999
2026/09/08 19:22:00,-9999,-9999,-9999,40,2,3495,-9999,-9999,-9999
2026/09/08 19:22:00,-9999,-9999,-9999,40,2,3525,-9999,-9999,-9999
2026/09/08 19:22:00,-9999,-9999,-9999,40,2,3555,-9999,-9999,-9999
2026/09/08 19:22:00,-9999,-9999,-9999,40,2,3585,-9999,-9999,-9999
2026/09/08 19:22:00,-9999,-9999,-9999,40,2,3615,-9999,-9999,-9999
2026/09/08 19:22:00,-9999,-9999,-9999,40,2,3645,-9999,-9999,-9999
2026/09/08 19:22:00,-9999,-9999,-9999,40,2,3675,-9999,-9999,-9999
2026/09/08 19:22:00,-9999,-9999,-9999,40,2,3705,-9999,-9999,-9999
2026/09/08 19:22:00,-9999,-9999,-9999,40,2,3735,-9999,-9999,-9999
2026/09/08 19:22:00,-9999,-9999,-9999,40,2,3765,-9999,-9999,-9999
2026/09/08 19:22:00,-9999,-9999,-9999,40,2,3795,-9999,-9999,-9999
2026/09/08 19:22:00,-9999,-9999,-9999,40,2,3825,-9999,-9999,-9999
2026/09/08 19:22:00,-9999,-9999,-9999,40,2,3855,-9999,-9999,-9999
2026/09/08 19:22:00,-9999,-9999,-9999,40,2,3885,-9999,-9999,-9999
2026/09/08 19:22:00,-9999,-9999,-9999,40,2,3915,-9999,-9999,-9999
2026/09/08 19:22:00,-9999,-9999,-9999,40,2,3945,-9999,-9999,-9999
2026/09/08 19:22:00,-9999,-9999,-9999,40,2,3975,-9999,-9999,-9999
2026/09/08 19:22:00,-9999,-9999,-9999,40,2,4005,-9999,-9999,-9999
2026/09/08 19:22:00,-9999,-9999,-9999,40,2,4035,-9999,-9999,-9999
2026/09/08 19:22:00,-9999,-9999,-9999,40,2,4065,-9999,-9999,-9999
2026/09/08 19:22:00,-9999,-9999,-9999,40,2,4095,-9999,-9999,-9999
2026/09/08 19:22:00,-9999,-9999,-9999,40,2,4125,-9999,-9999,-9999
2026/09/08 19:22:00,-9999,-9999,-9999,40,2,4155,-9999,-9999,-9999
2026/09/08 19:22:00,-9999,-9999,-9999,40,2,4185,-9999,-9999,-9999
2026/09/08 19:22:00,-9999,-9999,-9999,40,2,4215,-9999,-9999,-9999
2026/09/08 19:22:00,-9999,-9999,-9999,40,2,4245,-9999,-9999,-9999
2026/09/08 19:22:00,-9999,-9999,-9999,40,2,4275,-9999,-9999,-9999
2026/09/08 19:22:00,-9999,-9999,-9999,40,2,4305,-9999,-9999,-9999
2026/09/08 19:22:00,-9999,-9999,-9999,40,2,4335,-9999,-9999,-9999
2026/09/08 19:22:00,-9999,-9999,-9999,40,2,4365,-9999,-9999,-9999
2026/09/08 19:22:00,-9999,-9999,-9999,40,2,4395,-9999,-9999,-9999
2026/09/08 19:22:00,-9999,-9999,-9999,40,2,4425,-9999,-9999,-9999
2026/09/08 19:22:00,-9999,-9999,-9999,40,2,4455,-9999,-9999,-9999
2026/09/08 19:22:00,-9999,-9999,-9999,40,2,4485,-9999,-9999,-9999
2026/09/08 19:22:00,-9999,-9999,-9999,40,2,4515,-9999,-9999,-9999
2026/09/08 19:22:00,-9999,-9999,-9999,40,2,4545,-9999,-9999,-9999
2026/09/08 19:22:00,-9999,-9999,-9999,40,2,4575,-9999,-9999,-9999
2026/09/08 19:22:00,-9999,-9999,-9999,40,2,4605,-9999,-9999,-9999
2026/09/08 19:22:00,-9999,-9999,-9999,40,2,4635,-9999,-9999,-9999
2026/09/08 19:22:00,-9999,-9999,-9999,40,2,4665,-9999,-9999,-9999
2026/09/08 19:22:00,-9999,-9999,-9999,40,2,4695,-9999,-9999,-9999
2026/09/08 19:22:00,-9999,-9999,-9999,40,2,4725,-9999,-9999,-9999
2026/09/08 19:22:00,-9999,-9999,-9999,40,2,4755,-9999,-9999,-9999
2026/09/08 19:22:00,-9999,-9999,-9999,40,2,4785,-9999,-9999,-9999
2026/09/08 19:22:00,-9999,-9999,-9999,40,2,4815,-9999,-9999,-9999
2026/09/08 19:22:00,-9999,-9999,-9999,40,2,4845,-9999,-9999,-9999
2026/09/08 19:22:00,-9999,-9999,-9999,40,2,4875,-9999,-9999,-9999
2026/09/08 19:22:00,-9999,-9999,-9999,40,2,4905,-9999,-9999,-9999
2026/09/08 19:22:00,-9999,-9999,-9999,40,2,4935,-9999,-9999,-9999
2026/09/08 19:22:00,-9999,-9999,-9999,40,2,4965,-9999,-9999,-9999
2026/09/08 19:22:00,-9999,-9999,-9999,40,2,4995,-9999,-9999,-9999
2026/09/08 19:22:00,-9999,-9999,-9999,40,2,5025,-9999,-9999,-9999
2026/09/08 19:22:00,-9999,-9999,-9999,40,2,5055,-9999,-9999,-9999
2026/09/08 19:22:00,-9999,-9999,-9999,40,2,5085,-9999,-9999,-9999
2026/09/08 19:22:00,-9999,-9999,-9999,40,2,5115,-9999,-9999,-9999
2026/09/08 19:22:00,-9999,-9999,-9999,40,2,5145,-9999,-9999,-9999
2026/09/08 19:22:00,-9999,-9999,-9999,40,2,5175,-9999,-9999,-9999
2026/09/08 19:22:00,-9999,-9999,-9999,40,2,5205,-9999,-9999,-9999
2026/09/08 19:22:00,-9999,-9999,-9999,40,2,5235,-9999,-9999,-9999
2026/09/08 19:22:00,-9999,-9999,-9999,40,2,5265,-9999,-9999,-9999
2026/09/08 19:22:00,-9999,-9999,-9999,40,2,5295,-9999,-9999,-9999
2026/09/08 19:22:00,-9999,-9999,-9999,40,2,5325,-9999,-9999,-9999
2026/09/08 19:22:00,-9999,-9999,-9999,40,2,5355,-9999,-9999,-9999
2026/09/08 19:22:00,-9999,-9999,-9999,40,2,5385,-9999,-9999,-9999
2026/09/08 19:22:00,-9999,-9999,-9999,40,2,5415,-9999,-9999,-9999
2026/09/08 19:22:00,-9999,-9999,-9999,40,2,5445,-9999,-9999,-9999
2026/09/08 19:22:00,-9999,-9999,-9999,40,2,5475,-9999,-9999,-9999
2026/09/08 19:22:00,-9999,-9999,-9999,40,2,5505,-9999,-9999,-9999
2026/09/08 19:22:00,-9999,-9999,-9999,40,2,5535,-9999,-9999,-9999
2026/09/08 19:22:00,-9999,-9999,-9999,40,2,5565,-9999,-9999,-9999
2026/09/08 19:22:00,-9999,-9999,-9999,40,2,5595,-9999,-9999,-9999
2026/09/08 19:22:00,-9999,-9999,-9999,40,2,5625,-9999,-9999,-9999
2026/09/08 19:22:00,-9999,-9999,-9999,40,2,5655,-9999,-9999,-9999
2026/09/08 19:22:00,-9999,-9999,-9999,40,2,5685,-9999,-9999,-9999
2026/09/08 19:22:00,-9999,-9999,-9999,40,2,5715,-9999,-9999,-9999
2026/09/08 19:22:00,-9999,-9999,-9999,40,2,5745,-9999,-9999,-9999
2026/09/08 19:22:00,-9999,-9999,-9999,40,2,5775,-9999,-9999,-9999
2026/09/08 19:22:00,-9999,-9999,-9999,40,2,5805,-9999,-9999,-9999
2026/09/08 19:22:00,-9999,-9999,-9999,40,2,5835,-9999,-9999,-9999
2026/09/08 19:22:00,-9999,-9999,-9999,40,2,5865,-9999,-9999,-9999
2026/09/08 19:22:00,-9999,-9999,-9999,40,2,5895,-9999,-9999,-9999
2026/09/08 19:22:00,-9999,-9999,-9999,40,2,5925,-9999,-9999,-9999
2026/09/08 19:22:00,-9999,-9999,-9999,40,2,5955,-9999,-9999,-9999
2026/09/08 19:22:00,-9999,-9999,-9999,40,2,5985,-9999,-9999,-9999
2026/09/08 19:22:00,-9999,-9999,-9999,50,2,15,-9999,-9999,-9999
2026/09/08 19:22:00,-9999,-9999,-9999,50,2,45,1.90464,43.64395,-9999
2026/09/08 19:22:00,-9999,-9999,-9999,50,2,75,2.216613,39.79291,-9999
2026/09/08 19:22:00,-9999,-9999,-9999,50,2,105,2.411809,37.18103,-9999
2026/09/08 19:22:00,-9999,-9999,-9999,50,2,135,2.455248,38.05372,-9999
2026/09/08 19:22:00,-9999,-9999,-9999,50,2,165,2.586433,38.53827,-9999
2026/09/08 19:22:00,-9999,-9999,-9999,50,2,195,2.624271,41.10521,-9999
2026/09/08 19:22:00,-9999,-9999,-9999,50,2,225,2.680503,42.96795,-9999
2026/09/08 19:22:00,-9999,-9999,-9999,50,2,255,2.748308,44.90092,-9999
2026/09/08 19:22:00,-9999,-9999,-9999,50,2,285,2.817676,46.4016,-9999
2026/09/08 19:22:00,-9999,-9999,-9999,50,2,315,2.87919,47.42417,-9999
2026/09/08 19:22:00,-9999,-9999,-9999,50,2,345,3.023575,49.11814,-9999
2026/09/08 19:22:00,-9999,-9999,-9999,50,2,375,3.124017,49.10527,-9999
2026/09/08 19:22:00,-9999,-9999,-9999,50,2,405,3.190037,49.68382,-9999
2026/09/08 19:22:00,-9999,-9999,-9999,50,2,435,3.291466,50.36221,-9999
2026/09/08 19:22:00,-9999,-9999,-9999,50,2,465,3.282425,52.62288,-9999
2026/09/08 19:22:00,-9999,-9999,-9999,50,2,495,3.361747,57.35135,-9999
2026/09/08 19:22:00,-9999,-9999,-9999,50,2,525,3.45521,62.23175,-9999
2026/09/08 19:22:00,-9999,-9999,-9999,50,2,555,3.556454,66.7683,-9999
2026/09/08 19:22:00,-9999,-9999,-9999,50,2,585,3.67585,66.53382,-9999
2026/09/08 19:22:00,-9999,-9999,-9999,50,2,615,3.716925,63.28701,-9999
2026/09/08 19:22:00,-9999,-9999,-9999,50,2,645,3.760481,59.69978,-9999
2026/09/08 19:22:00,-9999,-9999,-9999,50,2,675,3.813565,55.33807,-9999
2026/09/08 19:22:00,-9999,-9999,-9999,50,2,705,3.800112,52.48145,-9999
2026/09/08 19:22:00,-9999,-9999,-9999,50,2,735,3.781891,50.76903,-9999
2026/09/08 19:22:00,-9999,-9999,-9999,50,2,765,3.813966,49.22365,-9999
2026/09/08 19:22:00,-9999,-9999,-9999,50,2,795,3.825424,50.13358,-9999
2026/09/08 19:22:00,-9999,-9999,-9999,50,2,825,3.883622,52.3722,-9999
2026/09/08 19:22:00,-9999,-9999,-9999,50,2,855,3.915806,53.88749,-9999
2026/09/08 19:22:00,-9999,-9999,-9999,50,2,885,4.015289,57.49611,-9999
2026/09/08 19:22:00,-9999,-9999,-9999,50,2,915,4.00013,58.81755,-9999
2026/09/08 19:22:00,-9999,-9999,-9999,50,2,945,4.083968,61.02026,-9999
2026/09/08 19:22:00,-9999,-9999,-9999,50,2,975,4.271094,64.82919,-9999
2026/09/08 19:22:00,-9999,-9999,-9999,50,2,1005,4.280288,66.5302,-9999
2026/09/08 19:22:00,-9999,-9999,-9999,50,2,1035,4.30577,65.67017,-9999
2026/09/08 19:22:00,-9999,-9999,-9999,50,2,1065,4.245456,63.97151,-9999
2026/09/08 19:22:00,-9999,-9999,-9999,50,2,1095,4.21783,62.54239,-9999
2026/09/08 19:22:00,-9999,-9999,-9999,50,2,1125,4.260479,59.66571,-9999
2026/09/08 19:22:00,-9999,-9999,-9999,50,2,1155,4.39418,59.03883,-9999
2026/09/08 19:22:00,-9999,-9999,-9999,50,2,1185,4.602422,59.3805,-9999
2026/09/08 19:22:00,-9999,-9999,-9999,50,2,1215,4.824696,59.31059,-9999
2026/09/08 19:22:00,-9999,-9999,-9999,50,2,1245,4.857335,57.58731,-9999
2026/09/08 19:22:00,-9999,-9999,-9999,50,2,1275,4.924999,57.24757,-9999
2026/09/08 19:22:00,-9999,-9999,-9999,50,2,1305,4.887528,57.51128,-9999
2026/09/08 19:22:00,-9999,-9999,-9999,50,2,1335,4.865932,58.54942,-9999
2026/09/08 19:22:00,-9999,-9999,-9999,50,2,1365,4.838129,60.10536,-9999
2026/09/08 19:22:00,-9999,-9999,-9999,50,2,1395,4.748064,61.92608,-9999
2026/09/08 19:22:00,-9999,-9999,-9999,50,2,1425,4.69377,63.30663,-9999
2026/09/08 19:22:00,-9999,-9999,-9999,50,2,1455,4.655542,64.66821,-9999
2026/09/08 19:22:00,-9999,-9999,-9999,50,2,1485,-9999,-9999,-9999
2026/09/08 19:22:00,-9999,-9999,-9999,50,2,1515,4.414441,66.67426,-9999
2026/09/08 19:22:00,-9999,-9999,-9999,50,2,1545,4.408409,68.43171,-9999
2026/09/08 19:22:00,-9999,-9999,-9999,50,2,1575,4.429497,68.76167,-9999
2026/09/08 19:22:00,-9999,-9999,-9999,50,2,1605,-9999,-9999,-9999
2026/09/08 19:22:00,-9999,-9999,-9999,50,2,1635,4.484849,71.75022,-9999
2026/09/08 19:22:00,-9999,-9999,-9999,50,2,1665,-9999,-9999,-9999
2026/09/08 19:22:00,-9999,-9999,-9999,50,2,1695,-9999,-9999,-9999
2026/09/08 19:22:00,-9999,-9999,-9999,50,2,1725,-9999,-9999,-9999
2026/09/08 19:22:00,-9999,-9999,-9999,50,2,1755,-9999,-9999,-9999
2026/09/08 19:22:00,-9999,-9999,-9999,50,2,1785,-9999,-9999,-9999
2026/09/08 19:22:00,-9999,-9999,-9999,50,2,1815,-9999,-9999,-9999
2026/09/08 19:22:00,-9999,-9999,-9999,50,2,1845,-9999,-9999,-9999
2026/09/08 19:22:00,-9999,-9999,-9999,50,2,1875,-9999,-9999,-9999
2026/09/08 19:22:00,-9999,-9999,-9999,50,2,1905,-9999,-9999,-9999
2026/09/08 19:22:00,-9999,-9999,-9999,50,2,1935,-9999,-9999,-9999
2026/09/08 19:22:00,-9999,-9999,-9999,50,2,1965,-9999,-9999,-9999
2026/09/08 19:22:00,-9999,-9999,-9999,50,2,1995,-9999,-9999,-9999
2026/09/08 19:22:00,-9999,-9999,-9999,50,2,2025,-9999,-9999,-9999
2026/09/08 19:22:00,-9999,-9999,-9999,50,2,2055,-9999,-9999,-9999
2026/09/08 19:22:00,-9999,-9999,-9999,50,2,2085,-9999,-9999,-9999
2026/09/08 19:22:00,-9999,-9999,-9999,50,2,2115,-9999,-9999,-9999
2026/09/08 19:22:00,-9999,-9999,-9999,50,2,2145,-9999,-9999,-9999
2026/09/08 19:22:00,-9999,-9999,-9999,50,2,2175,-9999,-9999,-9999
2026/09/08 19:22:00,-9999,-9999,-9999,50,2,2205,-9999,-9999,-9999
2026/09/08 19:22:00,-9999,-9999,-9999,50,2,2235,-9999,-9999,-9999
2026/09/08 19:22:00,-9999,-9999,-9999,50,2,2265,-9999,-9999,-9999
2026/09/08 19:22:00,-9999,-9999,-9999,50,2,2295,-9999,-9999,-9999
2026/09/08 19:22:00,-9999,-9999,-9999,50,2,2325,-9999,-9999,-9999
2026/09/08 19:22:00,-9999,-9999,-9999,50,2,2355,-9999,-9999,-9999
2026/09/08 19:22:00,-9999,-9999,-9999,50,2,2385,-9999,-9999,-9999
2026/09/08 19:22:00,-9999,-9999,-9999,50,2,2415,-9999,-9999,-9999
2026/09/08 19:22:00,-9999,-9999,-9999,50,2,2445,-9999,-9999,-9999
2026/09/08 19:22:00,-9999,-9999,-9999,50,2,2475,-9999,-9999,-9999
2026/09/08 19:22:00,-9999,-9999,-9999,50,2,2505,-9999,-9999,-9999
2026/09/08 19:22:00,-9999,-9999,-9999,50,2,2535,-9999,-9999,-9999
2026/09/08 19:22:00,-9999,-9999,-9999,50,2,2565,-9999,-9999,-9999
2026/09/08 19:22:00,-9999,-9999,-9999,50,2,2595,-9999,-9999,-9999
2026/09/08 19:22:00,-9999,-9999,-9999,50,2,2625,-9999,-9999,-9999
2026/09/08 19:22:00,-9999,-9999,-9999,50,2,2655,-9999,-9999,-9999
2026/09/08 19:22:00,-9999,-9999,-9999,50,2,2685,-9999,-9999,-9999
2026/09/08 19:22:00,-9999,-9999,-9999,50,2,2715,-9999,-9999,-9999
2026/09/08 19:22:00,-9999,-9999,-9999,50,2,2745,-9999,-9999,-9999
2026/09/08 19:22:00,-9999,-9999,-9999,50,2,2775,-9999,-9999,-9999
2026/09/08 19:22:00,-9999,-9999,-9999,50,2,2805,-9999,-9999,-9999
2026/09/08 19:22:00,-9999,-9999,-9999,50,2,2835,-9999,-9999,-9999
2026/09/08 19:22:00,-9999,-9999,-9999,50,2,2865,-9999,-9999,-9999
2026/09/08 19:22:00,-9999,-9999,-9999,50,2,2895,-9999,-9999,-9999
2026/09/08 19:22:00,-9999,-9999,-9999,50,2,2925,-9999,-9999,-9999
2026/09/08 19:22:00,-9999,-9999,-9999,50,2,2955,-9999,-9999,-9999
2026/09/08 19:22:00,-9999,-9999,-9999,50,2,2985,-9999,-9999,-9999
2026/09/08 19:22:00,-9999,-9999,-9999,50,2,3015,-9999,-9999,-9999
2026/09/08 19:22:00,-9999,-9999,-9999,50,2,3045,-9999,-9999,-9999
2026/09/08 19:22:00,-9999,-9999,-9999,50,2,3075,-9999,-9999,-9999
2026/09/08 19:22:00,-9999,-9999,-9999,50,2,3105,-9999,-9999,-9999
2026/09/08 19:22:00,-9999,-9999,-9999,50,2,3135,-9999,-9999,-9999
2026/09/08 19:22:00,-9999,-9999,-9999,50,2,3165,-9999,-9999,-9999
2026/09/08 19:22:00,-9999,-9999,-9999,50,2,3195,-9999,-9999,-9999
2026/09/08 19:22:00,-9999,-9999,-9999,50,2,3225,-9999,-9999,-9999
2026/09/08 19:22:00,-9999,-9999,-9999,50,2,3255,-9999,-9999,-9999
2026/09/08 19:22:00,-9999,-9999,-9999,50,2,3285,-9999,-9999,-9999
2026/09/08 19:22:00,-9999,-9999,-9999,50,2,3315,-9999,-9999,-9999
2026/09/08 19:22:00,-9999,-9999,-9999,50,2,3345,-9999,-9999,-9999
2026/09/08 19:22:00,-9999,-9999,-9999,50,2,3375,-9999,-9999,-9999
2026/09/08 19:22:00,-9999,-9999,-9999,50,2,3405,-9999,-9999,-9999
2026/09/08 19:22:00,-9999,-9999,-9999,50,2,3435,-9999,-9999,-9999
2026/09/08 19:22:00,-9999,-9999,-9999,50,2,3465,-9999,-9999,-9999
2026/09/08 19:22:00,-9999,-9999,-9999,50,2,3495,-9999,-9999,-9999
2026/09/08 19:22:00,-9999,-9999,-9999,50,2,3525,-9999,-9999,-9999
2026/09/08 19:22:00,-9999,-9999,-9999,50,2,3555,-9999,-9999,-9999
2026/09/08 19:22:00,-9999,-9999,-9999,50,2,3585,-9999,-9999,-9999
2026/09/08 19:22:00,-9999,-9999,-9999,50,2,3615,-9999,-9999,-9999
2026/09/08 19:22:00,-9999,-9999,-9999,50,2,3645,-9999,-9999,-9999
2026/09/08 19:22:00,-9999,-9999,-9999,50,2,3675,-9999,-9999,-9999
2026/09/08 19:22:00,-9999,-9999,-9999,50,2,3705,-9999,-9999,-9999
2026/09/08 19:22:00,-9999,-9999,-9999,50,2,3735,-9999,-9999,-9999
2026/09/08 19:22:00,-9999,-9999,-9999,50,2,3765,-9999,-9999,-9999
2026/09/08 19:22:00,-9999,-9999,-9999,50,2,3795,-9999,-9999,-9999
2026/09/08 19:22:00,-9999,-9999,-9999,50,2,3825,-9999,-9999,-9999
2026/09/08 19:22:00,-9999,-9999,-9999,50,2,3855,-9999,-9999,-9999
2026/09/08 19:22:00,-9999,-9999,-9999,50,2,3885,-9999,-9999,-9999
2026/09/08 19:22:00,-9999,-9999,-9999,50,2,3915,-9999,-9999,-9999
2026/09/08 19:22:00,-9999,-9999,-9999,50,2,3945,-9999,-9999,-9999
2026/09/08 19:22:00,-9999,-9999,-9999,50,2,3975,-9999,-9999,-9999
2026/09/08 19:22:00,-9999,-9999,-9999,50,2,4005,-9999,-9999,-9999
2026/09/08 19:22:00,-9999,-9999,-9999,50,2,4035,-9999,-9999,-9999
2026/09/08 19:22:00,-9999,-9999,-9999,50,2,4065,-9999,-9999,-9999
2026/09/08 19:22:00,-9999,-9999,-9999,50,2,4095,-9999,-9999,-9999
2026/09/08 19:22:00,-9999,-9999,-9999,50,2,4125,-9999,-9999,-9999
2026/09/08 19:22:00,-9999,-9999,-9999,50,2,4155,-9999,-9999,-9999
2026/09/08 19:22:00,-9999,-9999,-9999,50,2,4185,-9999,-9999,-9999
2026/09/08 19:22:00,-9999,-9999,-9999,50,2,4215,-9999,-9999,-9999
2026/09/08 19:22:00,-9999,-9999,-9999,50,2,4245,-9999,-9999,-9999
2026/09/08 19:22:00,-9999,-9999,-9999,50,2,4275,-9999,-9999,-9999
2026/09/08 19:22:00,-9999,-9999,-9999,50,2,4305,-9999,-9999,-9999
2026/09/08 19:22:00,-9999,-9999,-9999,50,2,4335,-9999,-9999,-9999
2026/09/08 19:22:00,-9999,-9999,-9999,50,2,4365,-9999,-9999,-9999
2026/09/08 19:22:00,-9999,-9999,-9999,50,2,4395,-9999,-9999,-9999
2026/09/08 19:22:00,-9999,-9999,-9999,50,2,4425,-9999,-9999,-9999
2026/09/08 19:22:00,-9999,-9999,-9999,50,2,4455,-9999,-9999,-9999
2026/09/08 19:22:00,-9999,-9999,-9999,50,2,4485,-9999,-9999,-9999
2026/09/08 19:22:00,-9999,-9999,-9999,50,2,4515,-9999,-9999,-9999
2026/09/08 19:22:00,-9999,-9999,-9999,50,2,4545,-9999,-9999,-9999
2026/09/08 19:22:00,-9999,-9999,-9999,50,2,4575,-9999,-9999,-9999
2026/09/08 19:22:00,-9999,-9999,-9999,50,2,4605,-9999,-9999,-9999
2026/09/08 19:22:00,-9999,-9999,-9999,50,2,4635,-9999,-9999,-9999
2026/09/08 19:22:00,-9999,-9999,-9999,50,2,4665,-9999,-9999,-9999
2026/09/08 19:22:00,-9999,-9999,-9999,50,2,4695,-9999,-9999,-9999
2026/09/08 19:22:00,-9999,-9999,-9999,50,2,4725,-9999,-9999,-9999
2026/09/08 19:22:00,-9999,-9999,-9999,50,2,4755,-9999,-9999,-9999
2026/09/08 19:22:00,-9999,-9999,-9999,50,2,4785,-9999,-9999,-9999
2026/09/08 19:22:00,-9999,-9999,-9999,50,2,4815,-9999,-9999,-9999
2026/09/08 19:22:00,-9999,-9999,-9999,50,2,4845,-9999,-9999,-9999
2026/09/08 19:22:00,-9999,-9999,-9999,50,2,4875,-9999,-9999,-9999
2026/09/08 19:22:00,-9999,-9999,-9999,50,2,4905,-9999,-9999,-9999
2026/09/08 19:22:00,-9999,-9999,-9999,50,2,4935,-9999,-9999,-9999
2026/09/08 19:22:00,-9999,-9999,-9999,50,2,4965,-9999,-9999,-9999
2026/09/08 19:22:00,-9999,-9999,-9999,50,2,4995,-9999,-9999,-9999
2026/09/08 19:22:00,-9999,-9999,-9999,50,2,5025,-9999,-9999,-9999
2026/09/08 19:22:00,-9999,-9999,-9999,50,2,5055,-9999,-9999,-9999
2026/09/08 19:22:00,-9999,-9999,-9999,50,2,5085,-9999,-9999,-9999
2026/09/08 19:22:00,-9999,-9999,-9999,50,2,5115,-9999,-9999,-9999
2026/09/08 19:22:00,-9999,-9999,-9999,50,2,5145,-9999,-9999,-9999
2026/09/08 19:22:00,-9999,-9999,-9999,50,2,5175,-9999,-9999,-9999
2026/09/08 19:22:00,-9999,-9999,-9999,50,2,5205,-9999,-9999,-9999
2026/09/08 19:22:00,-9999,-9999,-9999,50,2,5235,-9999,-9999,-9999
2026/09/08 19:22:00,-9999,-9999,-9999,50,2,5265,-9999,-9999,-9999
2026/09/08 19:22:00,-9999,-9999,-9999,50,2,5295,-9999,-9999,-9999
2026/09/08 19:22:00,-9999,-9999,-9999,50,2,5325,-9999,-9999,-9999
2026/09/08 19:22:00,-9999,-9999,-9999,50,2,5355,-9999,-9999,-9999
2026/09/08 19:22:00,-9999,-9999,-9999,50,2,5385,-9999,-9999,-9999
2026/09/08 19:22:00,-9999,-9999,-9999,50,2,5415,-9999,-9999,-9999
2026/09/08 19:22:00,-9999,-9999,-9999,50,2,5445,-9999,-9999,-9999
2026/09/08 19:22:00,-9999,-9999,-9999,50,2,5475,-9999,-9999,-9999
2026/09/08 19:22:00,-9999,-9999,-9999,50,2,5505,-9999,-9999,-9999
2026/09/08 19:22:00,-9999,-9999,-9999,50,2,5535,-9999,-9999,-9999
2026/09/08 19:22:00,-9999,-9999,-9999,50,2,5565,-9999,-9999,-9999
2026/09/08 19:22:00,-9999,-9999,-9999,50,2,5595,-9999,-9999,-9999
2026/09/08 19:22:00,-9999,-9999,-9999,50,2,5625,-9999,-9999,-9999
2026/09/08 19:22:00,-9999,-9999,-9999,50,2,5655,-9999,-9999,-9999
2026/09/08 19:22:00,-9999,-9999,-9999,50,2,5685,-9999,-9999,-9999
2026/09/08 19:22:00,-9999,-9999,-9999,50,2,5715,-9999,-9999,-9999
2026/09/08 19:22:00,-9999,-9999,-9999,50,2,5745,-9999,-9999,-9999
2026/09/08 19:22:00,-9999,-9999,-9999,50,2,5775,-9999,-9999,-9999
2026/09/08 19:22:00,-9999,-9999,-9999,50,2,5805,-9999,-9999,-9999
2026/09/08 19:22:00,-9999,-9999,-9999,50,2,5835,-9999,-9999,-9999
2026/09/08 19:22:00,-9999,-9999,-9999,50,2,5865,-9999,-9999,-9999
2026/09/08 19:22:00,-9999,-9999,-9999,50,2,5895,-9999,-9999,-9999
2026/09/08 19:22:00,-9999,-9999,-9999,50,2,5925,-9999,-9999,-9999
2026/09/08 19:22:00,-9999,-9999,-9999,50,2,5955,-9999,-9999,-9999
2026/09/08 19:22:00,-9999,-9999,-9999,50,2,5985,-9999,-9999,-9999
2026/09/08 19:22:00,-9999,-9999,-9999,60,2,15,-9999,-9999,-9999
2026/09/08 19:22:00,-9999,-9999,-9999,60,2,45,1.79941,52.69431,-9999
2026/09/08 19:22:00,-9999,-9999,-9999,60,2,75,2.061905,51.05642,-9999
2026/09/08 19:22:00,-9999,-9999,-9999,60,2,105,2.261014,48.81524,-9999
2026/09/08 19:22:00,-9999,-9999,-9999,60,2,135,2.319994,49.66983,-9999
2026/09/08 19:22:00,-9999,-9999,-9999,60,2,165,2.403844,50.62277,-9999
2026/09/08 19:22:00,-9999,-9999,-9999,60,2,195,2.454,52.57753,-9999
2026/09/08 19:22:00,-9999,-9999,-9999,60,2,225,2.524756,55.1809,-9999
2026/09/08 19:22:00,-9999,-9999,-9999,60,2,255,2.63115,58.06581,-9999
2026/09/08 19:22:00,-9999,-9999,-9999,60,2,285,2.799032,59.65475,-9999
2026/09/08 19:22:00,-9999,-9999,-9999,60,2,315,2.915338,61.33601,-9999
2026/09/08 19:22:00,-9999,-9999,-9999,60,2,345,3.055912,61.91558,-9999
2026/09/08 19:22:00,-9999,-9999,-9999,60,2,375,3.120678,60.56596,-9999
2026/09/08 19:22:00,-9999,-9999,-9999,60,2,405,3.153919,60.38893,-9999
2026/09/08 19:22:00,-9999,-9999,-9999,60,2,435,3.225463,60.29093,-9999
2026/09/08 19:22:00,-9999,-9999,-9999,60,2,465,3.20994,61.82769,-9999
2026/09/08 19:22:00,-9999,-9999,-9999,60,2,495,3.254962,64.50658,-9999
2026/09/08 19:22:00,-9999,-9999,-9999,60,2,525,3.2853,67.86036,-9999
2026/09/08 19:22:00,-9999,-9999,-9999,60,2,555,3.307666,70.29206,-9999
2026/09/08 19:22:00,-9999,-9999,-9999,60,2,585,3.352725,69.80405,-9999
2026/09/08 19:22:00,-9999,-9999,-9999,60,2,615,3.357246,68.1944,-9999
2026/09/08 19:22:00,-9999,-9999,-9999,60,2,645,3.329432,65.66832,-9999
2026/09/08 19:22:00,-9999,-9999,-9999,60,2,675,3.339402,63.20308,-9999
2026/09/08 19:22:00,-9999,-9999,-9999,60,2,705,3.323516,61.25134,-9999
2026/09/08 19:22:00,-9999,-9999,-9999,60,2,735,3.324642,59.67572,-9999
2026/09/08 19:22:00,-9999,-9999,-9999,60,2,765,3.422861,57.05199,-9999
2026/09/08 19:22:00,-9999,-9999,-9999,60,2,795,3.495248,56.07214,-9999
2026/09/08 19:22:00,-9999,-9999,-9999,60,2,825,3.596724,57.43953,-9999
2026/09/08 19:22:00,-9999,-9999,-9999,60,2,855,3.681053,57.40724,-9999
2026/09/08 19:22:00,-9999,-9999,-9999,60,2,885,3.792643,61.19902,-9999
2026/09/08 19:22:00,-9999,-9999,-9999,60,2,915,3.779361,63.82441,-9999
2026/09/08 19:22:00,-9999,-9999,-9999,60,2,945,3.788327,65.08638,-9999
2026/09/08 19:22:00,-9999,-9999,-9999,60,2,975,3.944157,70.22524,-9999
2026/09/08 19:22:00,-9999,-9999,-9999,60,2,1005,3.921449,72.68171,-9999
2026/09/08 19:22:00,-9999,-9999,-9999,60,2,1035,3.973536,72.62543,-9999
2026/09/08 19:22:00,-9999,-9999,-9999,60,2,1065,3.98877,72.22691,-9999
2026/09/08 19:22:00,-9999,-9999,-9999,60,2,1095,4.034612,70.65215,-9999
2026/09/08 19:22:00,-9999,-9999,-9999,60,2,1125,4.086236,67.46278,-9999
2026/09/08 19:22:00,-9999,-9999,-9999,60,2,1155,4.257243,65.37091,-9999
2026/09/08 19:22:00,-9999,-9999,-9999,60,2,1185,4.403855,64.61928,-9999
2026/09/08 19:22:00,-9999,-9999,-9999,60,2,1215,-9999,-9999,-9999
2026/09/08 19:22:00,-9999,-9999,-9999,60,2,1245,4.473624,64.15002,-9999
2026/09/08 19:22:00,-9999,-9999,-9999,60,2,1275,4.442092,65.042,-9999
2026/09/08 19:22:00,-9999,-9999,-9999,60,2,1305,4.37498,65.15266,-9999
2026/09/08 19:22:00,-9999,-9999,-9999,60,2,1335,4.365266,66.26674,-9999
2026/09/08 19:22:00,-9999,-9999,-9999,60,2,1365,4.359934,67.43735,-9999
2026/09/08 19:22:00,-9999,-9999,-9999,60,2,1395,4.290633,69.41422,-9999
2026/09/08 19:22:00,-9999,-9999,-9999,60,2,1425,4.249763,71.45358,-9999
2026/09/08 19:22:00,-9999,-9999,-9999,60,2,1455,4.207019,72.92956,-9999
2026/09/08 19:22:00,-9999,-9999,-9999,60,2,1485,4.139055,76.06731,-9999
2026/09/08 19:22:00,-9999,-9999,-9999,60,2,1515,3.982566,73.66331,-9999
2026/09/08 19:22:00,-9999,-9999,-9999,60,2,1545,4.004158,74.06002,-9999
2026/09/08 19:22:00,-9999,-9999,-9999,60,2,1575,4.043519,73.34715,-9999
2026/09/08 19:22:00,-9999,-9999,-9999,60,2,1605,-9999,-9999,-9999
2026/09/08 19:22:00,-9999,-9999,-9999,60,2,1635,4.117485,74.20836,-9999
2026/09/08 19:22:00,-9999,-9999,-9999,60,2,1665,-9999,-9999,-9999
2026/09/08 19:22:00,-9999,-9999,-9999,60,2,1695,-9999,-9999,-9999
2026/09/08 19:22:00,-9999,-9999,-9999,60,2,1725,-9999,-9999,-9999
2026/09/08 19:22:00,-9999,-9999,-9999,60,2,1755,-9999,-9999,-9999
2026/09/08 19:22:00,-9999,-9999,-9999,60,2,1785,-9999,-9999,-9999
2026/09/08 19:22:00,-9999,-9999,-9999,60,2,1815,-9999,-9999,-9999
2026/09/08 19:22:00,-9999,-9999,-9999,60,2,1845,-9999,-9999,-9999
2026/09/08 19:22:00,-9999,-9999,-9999,60,2,1875,-9999,-9999,-9999
2026/09/08 19:22:00,-9999,-9999,-9999,60,2,1905,-9999,-9999,-9999
2026/09/08 19:22:00,-9999,-9999,-9999,60,2,1935,-9999,-9999,-9999
2026/09/08 19:22:00,-9999,-9999,-9999,60,2,1965,-9999,-9999,-9999
2026/09/08 19:22:00,-9999,-9999,-9999,60,2,1995,-9999,-9999,-9999
2026/09/08 19:22:00,-9999,-9999,-9999,60,2,2025,-9999,-9999,-9999
2026/09/08 19:22:00,-9999,-9999,-9999,60,2,2055,-9999,-9999,-9999
2026/09/08 19:22:00,-9999,-9999,-9999,60,2,2085,-9999,-9999,-9999
2026/09/08 19:22:00,-9999,-9999,-9999,60,2,2115,-9999,-9999,-9999
2026/09/08 19:22:00,-9999,-9999,-9999,60,2,2145,-9999,-9999,-9999
2026/09/08 19:22:00,-9999,-9999,-9999,60,2,2175,-9999,-9999,-9999
2026/09/08 19:22:00,-9999,-9999,-9999,60,2,2205,-9999,-9999,-9999
2026/09/08 19:22:00,-9999,-9999,-9999,60,2,2235,-9999,-9999,-9999
2026/09/08 19:22:00,-9999,-9999,-9999,60,2,2265,-9999,-9999,-9999
2026/09/08 19:22:00,-9999,-9999,-9999,60,2,2295,-9999,-9999,-9999
2026/09/08 19:22:00,-9999,-9999,-9999,60,2,2325,-9999,-9999,-9999
2026/09/08 19:22:00,-9999,-9999,-9999,60,2,2355,-9999,-9999,-9999
2026/09/08 19:22:00,-9999,-9999,-9999,60,2,2385,-9999,-9999,-9999
2026/09/08 19:22:00,-9999,-9999,-9999,60,2,2415,-9999,-9999,-9999
2026/09/08 19:22:00,-9999,-9999,-9999,60,2,2445,-9999,-9999,-9999
2026/09/08 19:22:00,-9999,-9999,-9999,60,2,2475,-9999,-9999,-9999
2026/09/08 19:22:00,-9999,-9999,-9999,60,2,2505,-9999,-9999,-9999
2026/09/08 19:22:00,-9999,-9999,-9999,60,2,2535,-9999,-9999,-9999
2026/09/08 19:22:00,-9999,-9999,-9999,60,2,2565,-9999,-9999,-9999
2026/09/08 19:22:00,-9999,-9999,-9999,60,2,2595,-9999,-9999,-9999
2026/09/08 19:22:00,-9999,-9999,-9999,60,2,2625,-9999,-9999,-9999
2026/09/08 19:22:00,-9999,-9999,-9999,60,2,2655,-9999,-9999,-9999
2026/09/08 19:22:00,-9999,-9999,-9999,60,2,2685,-9999,-9999,-9999
2026/09/08 19:22:00,-9999,-9999,-9999,60,2,2715,-9999,-9999,-9999
2026/09/08 19:22:00,-9999,-9999,-9999,60,2,2745,-9999,-9999,-9999
2026/09/08 19:22:00,-9999,-9999,-9999,60,2,2775,-9999,-9999,-9999
2026/09/08 19:22:00,-9999,-9999,-9999,60,2,2805,-9999,-9999,-9999
2026/09/08 19:22:00,-9999,-9999,-9999,60,2,2835,-9999,-9999,-9999
2026/09/08 19:22:00,-9999,-9999,-9999,60,2,2865,-9999,-9999,-9999
2026/09/08 19:22:00,-9999,-9999,-9999,60,2,2895,-9999,-9999,-9999
2026/09/08 19:22:00,-9999,-9999,-9999,60,2,2925,-9999,-9999,-9999
2026/09/08 19:22:00,-9999,-9999,-9999,60,2,2955,-9999,-9999,-9999
2026/09/08 19:22:00,-9999,-9999,-9999,60,2,2985,-9999,-9999,-9999
2026/09/08 19:22:00,-9999,-9999,-9999,60,2,3015,-9999,-9999,-9999
2026/09/08 19:22:00,-9999,-9999,-9999,60,2,3045,-9999,-9999,-9999
2026/09/08 19:22:00,-9999,-9999,-9999,60,2,3075,-9999,-9999,-9999
2026/09/08 19:22:00,-9999,-9999,-9999,60,2,3105,-9999,-9999,-9999
2026/09/08 19:22:00,-9999,-9999,-9999,60,2,3135,-9999,-9999,-9999
2026/09/08 19:22:00,-9999,-9999,-9999,60,2,3165,-9999,-9999,-9999
2026/09/08 19:22:00,-9999,-9999,-9999,60,2,3195,-9999,-9999,-9999
2026/09/08 19:22:00,-9999,-9999,-9999,60,2,3225,-9999,-9999,-9999
2026/09/08 19:22:00,-9999,-9999,-9999,60,2,3255,-9999,-9999,-9999
2026/09/08 19:22:00,-9999,-9999,-9999,60,2,3285,-9999,-9999,-9999
2026/09/08 19:22:00,-9999,-9999,-9999,60,2,3315,-9999,-9999,-9999
2026/09/08 19:22:00,-9999,-9999,-9999,60,2,3345,-9999,-9999,-9999
2026/09/08 19:22:00,-9999,-9999,-9999,60,2,3375,-9999,-9999,-9999
2026/09/08 19:22:00,-9999,-9999,-9999,60,2,3405,-9999,-9999,-9999
2026/09/08 19:22:00,-9999,-9999,-9999,60,2,3435,-9999,-9999,-9999
2026/09/08 19:22:00,-9999,-9999,-9999,60,2,3465,-9999,-9999,-9999
2026/09/08 19:22:00,-9999,-9999,-9999,60,2,3495,-9999,-9999,-9999
2026/09/08 19:22:00,-9999,-9999,-9999,60,2,3525,-9999,-9999,-9999
2026/09/08 19:22:00,-9999,-9999,-9999,60,2,3555,-9999,-9999,-9999
2026/09/08 19:22:00,-9999,-9999,-9999,60,2,3585,-9999,-9999,-9999
2026/09/08 19:22:00,-9999,-9999,-9999,60,2,3615,-9999,-9999,-9999
2026/09/08 19:22:00,-9999,-9999,-9999,60,2,3645,-9999,-9999,-9999
2026/09/08 19:22:00,-9999,-9999,-9999,60,2,3675,-9999,-9999,-9999
2026/09/08 19:22:00,-9999,-9999,-9999,60,2,3705,-9999,-9999,-9999
2026/09/08 19:22:00,-9999,-9999,-9999,60,2,3735,-9999,-9999,-9999
2026/09/08 19:22:00,-9999,-9999,-9999,60,2,3765,-9999,-9999,-9999
2026/09/08 19:22:00,-9999,-9999,-9999,60,2,3795,-9999,-9999,-9999
2026/09/08 19:22:00,-9999,-9999,-9999,60,2,3825,-9999,-9999,-9999
2026/09/08 19:22:00,-9999,-9999,-9999,60,2,3855,-9999,-9999,-9999
2026/09/08 19:22:00,-9999,-9999,-9999,60,2,3885,-9999,-9999,-9999
2026/09/08 19:22:00,-9999,-9999,-9999,60,2,3915,-9999,-9999,-9999
2026/09/08 19:22:00,-9999,-9999,-9999,60,2,3945,-9999,-9999,-9999
2026/09/08 19:22:00,-9999,-9999,-9999,60,2,3975,-9999,-9999,-9999
2026/09/08 19:22:00,-9999,-9999,-9999,60,2,4005,-9999,-9999,-9999
2026/09/08 19:22:00,-9999,-9999,-9999,60,2,4035,-9999,-9999,-9999
2026/09/08 19:22:00,-9999,-9999,-9999,60,2,4065,-9999,-9999,-9999
2026/09/08 19:22:00,-9999,-9999,-9999,60,2,4095,-9999,-9999,-9999
2026/09/08 19:22:00,-9999,-9999,-9999,60,2,4125,-9999,-9999,-9999
2026/09/08 19:22:00,-9999,-9999,-9999,60,2,4155,-9999,-9999,-9999
2026/09/08 19:22:00,-9999,-9999,-9999,60,2,4185,-9999,-9999,-9999
2026/09/08 19:22:00,-9999,-9999,-9999,60,2,4215,-9999,-9999,-9999
2026/09/08 19:22:00,-9999,-9999,-9999,60,2,4245,-9999,-9999,-9999
2026/09/08 19:22:00,-9999,-9999,-9999,60,2,4275,-9999,-9999,-9999
2026/09/08 19:22:00,-9999,-9999,-9999,60,2,4305,-9999,-9999,-9999
2026/09/08 19:22:00,-9999,-9999,-9999,60,2,4335,-9999,-9999,-9999
2026/09/08 19:22:00,-9999,-9999,-9999,60,2,4365,-9999,-9999,-9999
2026/09/08 19:22:00,-9999,-9999,-9999,60,2,4395,-9999,-9999,-9999
2026/09/08 19:22:00,-9999,-9999,-9999,60,2,4425,-9999,-9999,-9999
2026/09/08 19:22:00,-9999,-9999,-9999,60,2,4455,-9999,-9999,-9999
2026/09/08 19:22:00,-9999,-9999,-9999,60,2,4485,-9999,-9999,-9999
2026/09/08 19:22:00,-9999,-9999,-9999,60,2,4515,-9999,-9999,-9999
2026/09/08 19:22:00,-9999,-9999,-9999,60,2,4545,-9999,-9999,-9999
2026/09/08 19:22:00,-9999,-9999,-9999,60,2,4575,-9999,-9999,-9999
2026/09/08 19:22:00,-9999,-9999,-9999,60,2,4605,-9999,-9999,-9999
2026/09/08 19:22:00,-9999,-9999,-9999,60,2,4635,-9999,-9999,-9999
2026/09/08 19:22:00,-9999,-9999,-9999,60,2,4665,-9999,-9999,-9999
2026/09/08 19:22:00,-9999,-9999,-9999,60,2,4695,-9999,-9999,-9999
2026/09/08 19:22:00,-9999,-9999,-9999,60,2,4725,-9999,-9999,-9999
2026/09/08 19:22:00,-9999,-9999,-9999,60,2,4755,-9999,-9999,-9999
2026/09/08 19:22:00,-9999,-9999,-9999,60,2,4785,-9999,-9999,-9999
2026/09/08 19:22:00,-9999,-9999,-9999,60,2,4815,-9999,-9999,-9999
2026/09/08 19:22:00,-9999,-9999,-9999,60,2,4845,-9999,-9999,-9999
2026/09/08 19:22:00,-9999,-9999,-9999,60,2,4875,-9999,-9999,-9999
2026/09/08 19:22:00,-9999,-9999,-9999,60,2,4905,-9999,-9999,-9999
2026/09/08 19:22:00,-9999,-9999,-9999,60,2,4935,-9999,-9999,-9999
2026/09/08 19:22:00,-9999,-9999,-9999,60,2,4965,-9999,-9999,-9999
2026/09/08 19:22:00,-9999,-9999,-9999,60,2,4995,-9999,-9999,-9999
2026/09/08 19:22:00,-9999,-9999,-9999,60,2,5025,-9999,-9999,-9999
2026/09/08 19:22:00,-9999,-9999,-9999,60,2,5055,-9999,-9999,-9999
2026/09/08 19:22:00,-9999,-9999,-9999,60,2,5085,-9999,-9999,-9999
2026/09/08 19:22:00,-9999,-9999,-9999,60,2,5115,-9999,-9999,-9999
2026/09/08 19:22:00,-9999,-9999,-9999,60,2,5145,-9999,-9999,-9999
2026/09/08 19:22:00,-9999,-9999,-9999,60,2,5175,-9999,-9999,-9999
2026/09/08 19:22:00,-9999,-9999,-9999,60,2,5205,-9999,-9999,-9999
2026/09/08 19:22:00,-9999,-9999,-9999,60,2,5235,-9999,-9999,-9999
2026/09/08 19:22:00,-9999,-9999,-9999,60,2,5265,-9999,-9999,-9999
2026/09/08 19:22:00,-9999,-9999,-9999,60,2,5295,-9999,-9999,-9999
2026/09/08 19:22:00,-9999,-9999,-9999,60,2,5325,-9999,-9999,-9999
2026/09/08 19:22:00,-9999,-9999,-9999,60,2,5355,-9999,-9999,-9999
2026/09/08 19:22:00,-9999,-9999,-9999,60,2,5385,-9999,-9999,-9999
2026/09/08 19:22:00,-9999,-9999,-9999,60,2,5415,-9999,-9999,-9999
2026/09/08 19:22:00,-9999,-9999,-9999,60,2,5445,-9999,-9999,-9999
2026/09/08 19:22:00,-9999,-9999,-9999,60,2,5475,-9999,-9999,-9999
2026/09/08 19:22:00,-9999,-9999,-9999,60,2,5505,-9999,-9999,-9999
2026/09/08 19:22:00,-9999,-9999,-9999,60,2,5535,-9999,-9999,-9999
2026/09/08 19:22:00,-9999,-9999,-9999,60,2,5565,-9999,-9999,-9999
2026/09/08 19:22:00,-9999,-9999,-9999,60,2,5595,-9999,-9999,-9999
2026/09/08 19:22:00,-9999,-9999,-9999,60,2,5625,-9999,-9999,-9999
2026/09/08 19:22:00,-9999,-9999,-9999,60,2,5655,-9999,-9999,-9999
2026/09/08 19:22:00,-9999,-9999,-9999,60,2,5685,-9999,-9999,-9999
2026/09/08 19:22:00,-9999,-9999,-9999,60,2,5715,-9999,-9999,-9999
2026/09/08 19:22:00,-9999,-9999,-9999,60,2,5745,-9999,-9999,-9999
2026/09/08 19:22:00,-9999,-9999,-9999,60,2,5775,-9999,-9999,-9999
2026/09/08 19:22:00,-9999,-9999,-9999,60,2,5805,-9999,-9999,-9999
2026/09/08 19:22:00,-9999,-9999,-9999,60,2,5835,-9999,-9999,-9999
2026/09/08 19:22:00,-9999,-9999,-9999,60,2,5865,-9999,-9999,-9999
2026/09/08 19:22:00,-9999,-9999,-9999,60,2,5895,-9999,-9999,-9999
2026/09/08 19:22:00,-9999,-9999,-9999,60,2,5925,-9999,-9999,-9999
2026/09/08 19:22:00,-9999,-9999,-9999,60,2,5955,-9999,-9999,-9999
2026/09/08 19:22:00,-9999,-9999,-9999,60,2,5985,-9999,-9999,-9999
2026/09/08 19:22:00,-9999,-9999,-9999,70,2,15,-9999,-9999,-9999
2026/09/08 19:22:00,-9999,-9999,-9999,70,2,45,1.655145,63.31379,-9999
2026/09/08 19:22:00,-9999,-9999,-9999,70,2,75,1.916082,62.76442,-9999
2026/09/08 19:22:00,-9999,-9999,-9999,70,2,105,2.096884,61.67125,-9999
2026/09/08 19:22:00,-9999,-9999,-9999,70,2,135,2.195606,61.69442,-9999
2026/09/08 19:22:00,-9999,-9999,-9999,70,2,165,2.279979,63.13797,-9999
2026/09/08 19:22:00,-9999,-9999,-9999,70,2,195,2.296835,64.31507,-9999
2026/09/08 19:22:00,-9999,-9999,-9999,70,2,225,2.355367,67.13925,-9999
2026/09/08 19:22:00,-9999,-9999,-9999,70,2,255,2.454444,69.16217,-9999
2026/09/08 19:22:00,-9999,-9999,-9999,70,2,285,2.64724,69.76823,-9999
2026/09/08 19:22:00,-9999,-9999,-9999,70,2,315,2.819487,71.29865,-9999
2026/09/08 19:22:00,-9999,-9999,-9999,70,2,345,2.960838,70.54543,-9999
2026/09/08 19:22:00,-9999,-9999,-9999,70,2,375,3.059897,68.77223,-9999
2026/09/08 19:22:00,-9999,-9999,-9999,70,2,405,3.12092,68.07671,-9999
2026/09/08 19:22:00,-9999,-9999,-9999,70,2,435,3.193722,68.50464,-9999
2026/09/08 19:22:00,-9999,-9999,-9999,70,2,465,3.188916,69.06728,-9999
2026/09/08 19:22:00,-9999,-9999,-9999,70,2,495,3.195812,70.33351,-9999
2026/09/08 19:22:00,-9999,-9999,-9999,70,2,525,3.183589,72.17844,-9999
2026/09/08 19:22:00,-9999,-9999,-9999,70,2,555,3.191813,70.98409,-9999
2026/09/08 19:22:00,-9999,-9999,-9999,70,2,585,3.206454,69.51582,-9999
2026/09/08 19:22:00,-9999,-9999,-9999,70,2,615,3.192488,68.6898,-9999
2026/09/08 19:22:00,-9999,-9999,-9999,70,2,645,3.142447,66.36412,-9999
2026/09/08 19:22:00,-9999,-9999,-9999,70,2,675,3.102928,66.06394,-9999
2026/09/08 19:22:00,-9999,-9999,-9999,70,2,705,3.123446,65.86976,-9999
2026/09/08 19:22:00,-9999,-9999,-9999,70,2,735,3.152377,65.25654,-9999
2026/09/08 19:22:00,-9999,-9999,-9999,70,2,765,3.253184,64.06866,-9999
2026/09/08 19:22:00,-9999,-9999,-9999,70,2,795,3.338001,63.24432,-9999
2026/09/08 19:22:00,-9999,-9999,-9999,70,2,825,3.41128,63.31127,-9999
2026/09/08 19:22:00,-9999,-9999,-9999,70,2,855,3.463129,62.10629,-9999
2026/09/08 19:22:00,-9999,-9999,-9999,70,2,885,3.544495,63.58907,-9999
2026/09/08 19:22:00,-9999,-9999,-9999,70,2,915,3.485634,64.65263,-9999
2026/09/08 19:22:00,-9999,-9999,-9999,70,2,945,-9999,-9999,-9999
2026/09/08 19:22:00,-9999,-9999,-9999,70,2,975,-9999,-9999,-9999
2026/09/08 19:22:00,-9999,-9999,-9999,70,2,1005,-9999,-9999,-9999
2026/09/08 19:22:00,-9999,-9999,-9999,70,2,1035,3.632152,68.42657,-9999
2026/09/08 19:22:00,-9999,-9999,-9999,70,2,1065,3.660743,68.27322,-9999
2026/09/08 19:22:00,-9999,-9999,-9999,70,2,1095,3.743744,66.65653,-9999
2026/09/08 19:22:00,-9999,-9999,-9999,70,2,1125,3.865659,63.78364,-9999
2026/09/08 19:22:00,-9999,-9999,-9999,70,2,1155,4.078257,61.45373,-9999
2026/09/08 19:22:00,-9999,-9999,-9999,70,2,1185,4.24486,60.07979,-9999
2026/09/08 19:22:00,-9999,-9999,-9999,70,2,1215,4.487787,56.73069,-9999
2026/09/08 19:22:00,-9999,-9999,-9999,70,2,1245,4.287038,58.7253,-9999
2026/09/08 19:22:00,-9999,-9999,-9999,70,2,1275,4.2294,59.53631,-9999
2026/09/08 19:22:00,-9999,-9999,-9999,70,2,1305,4.172004,59.37622,-9999
2026/09/08 19:22:00,-9999,-9999,-9999,70,2,1335,4.155743,60.69408,-9999
2026/09/08 19:22:00,-9999,-9999,-9999,70,2,1365,4.154655,61.43751,-9999
2026/09/08 19:22:00,-9999,-9999,-9999,70,2,1395,4.071656,63.07947,-9999
2026/09/08 19:22:00,-9999,-9999,-9999,70,2,1425,4.021132,65.1289,-9999
2026/09/08 19:22:00,-9999,-9999,-9999,70,2,1455,3.968866,66.52034,-9999
2026/09/08 19:22:00,-9999,-9999,-9999,70,2,1485,3.937974,67.38163,-9999
2026/09/08 19:22:00,-9999,-9999,-9999,70,2,1515,-9999,-9999,-9999
2026/09/08 19:22:00,-9999,-9999,-9999,70,2,1545,-9999,-9999,-9999
2026/09/08 19:22:00,-9999,-9999,-9999,70,2,1575,-9999,-9999,-9999
2026/09/08 19:22:00,-9999,-9999,-9999,70,2,1605,-9999,-9999,-9999
2026/09/08 19:22:00,-9999,-9999,-9999,70,2,1635,-9999,-9999,-9999
2026/09/08 19:22:00,-9999,-9999,-9999,70,2,1665,-9999,-9999,-9999
2026/09/08 19:22:00,-9999,-9999,-9999,70,2,1695,-9999,-9999,-9999
2026/09/08 19:22:00,-9999,-9999,-9999,70,2,1725,-9999,-9999,-9999
2026/09/08 19:22:00,-9999,-9999,-9999,70,2,1755,-9999,-9999,-9999
2026/09/08 19:22:00,-9999,-9999,-9999,70,2,1785,-9999,-9999,-9999
2026/09/08 19:22:00,-9999,-9999,-9999,70,2,1815,-9999,-9999,-9999
2026/09/08 19:22:00,-9999,-9999,-9999,70,2,1845,-9999,-9999,-9999
2026/09/08 19:22:00,-9999,-9999,-9999,70,2,1875,-9999,-9999,-9999
2026/09/08 19:22:00,-9999,-9999,-9999,70,2,1905,-9999,-9999,-9999
2026/09/08 19:22:00,-9999,-9999,-9999,70,2,1935,-9999,-9999,-9999
2026/09/08 19:22:00,-9999,-9999,-9999,70,2,1965,-9999,-9999,-9999
2026/09/08 19:22:00,-9999,-9999,-9999,70,2,1995,-9999,-9999,-9999
2026/09/08 19:22:00,-9999,-9999,-9999,70,2,2025,-9999,-9999,-9999
2026/09/08 19:22:00,-9999,-9999,-9999,70,2,2055,-9999,-9999,-9999
2026/09/08 19:22:00,-9999,-9999,-9999,70,2,2085,-9999,-9999,-9999
2026/09/08 19:22:00,-9999,-9999,-9999,70,2,2115,-9999,-9999,-9999
2026/09/08 19:22:00,-9999,-9999,-9999,70,2,2145,-9999,-9999,-9999
2026/09/08 19:22:00,-9999,-9999,-9999,70,2,2175,-9999,-9999,-9999
2026/09/08 19:22:00,-9999,-9999,-9999,70,2,2205,-9999,-9999,-9999
2026/09/08 19:22:00,-9999,-9999,-9999,70,2,2235,-9999,-9999,-9999
2026/09/08 19:22:00,-9999,-9999,-9999,70,2,2265,-9999,-9999,-9999
2026/09/08 19:22:00,-9999,-9999,-9999,70,2,2295,-9999,-9999,-9999
2026/09/08 19:22:00,-9999,-9999,-9999,70,2,2325,-9999,-9999,-9999
2026/09/08 19:22:00,-9999,-9999,-9999,70,2,2355,-9999,-9999,-9999
2026/09/08 19:22:00,-9999,-9999,-9999,70,2,2385,-9999,-9999,-9999
2026/09/08 19:22:00,-9999,-9999,-9999,70,2,2415,-9999,-9999,-9999
2026/09/08 19:22:00,-9999,-9999,-9999,70,2,2445,-9999,-9999,-9999
2026/09/08 19:22:00,-9999,-9999,-9999,70,2,2475,-9999,-9999,-9999
2026/09/08 19:22:00,-9999,-9999,-9999,70,2,2505,-9999,-9999,-9999
2026/09/08 19:22:00,-9999,-9999,-9999,70,2,2535,-9999,-9999,-9999
2026/09/08 19:22:00,-9999,-9999,-9999,70,2,2565,-9999,-9999,-9999
2026/09/08 19:22:00,-9999,-9999,-9999,70,2,2595,-9999,-9999,-9999
2026/09/08 19:22:00,-9999,-9999,-9999,70,2,2625,-9999,-9999,-9999
2026/09/08 19:22:00,-9999,-9999,-9999,70,2,2655,-9999,-9999,-9999
2026/09/08 19:22:00,-9999,-9999,-9999,70,2,2685,-9999,-9999,-9999
2026/09/08 19:22:00,-9999,-9999,-9999,70,2,2715,-9999,-9999,-9999
2026/09/08 19:22:00,-9999,-9999,-9999,70,2,2745,-9999,-9999,-9999
2026/09/08 19:22:00,-9999,-9999,-9999,70,2,2775,-9999,-9999,-9999
2026/09/08 19:22:00,-9999,-9999,-9999,70,2,2805,-9999,-9999,-9999
2026/09/08 19:22:00,-9999,-9999,-9999,70,2,2835,-9999,-9999,-9999
2026/09/08 19:22:00,-9999,-9999,-9999,70,2,2865,-9999,-9999,-9999
2026/09/08 19:22:00,-9999,-9999,-9999,70,2,2895,-9999,-9999,-9999
2026/09/08 19:22:00,-9999,-9999,-9999,70,2,2925,-9999,-9999,-9999
2026/09/08 19:22:00,-9999,-9999,-9999,70,2,2955,-9999,-9999,-9999
2026/09/08 19:22:00,-9999,-9999,-9999,70,2,2985,-9999,-9999,-9999
2026/09/08 19:22:00,-9999,-9999,-9999,70,2,3015,-9999,-9999,-9999
2026/09/08 19:22:00,-9999,-9999,-9999,70,2,3045,-9999,-9999,-9999
2026/09/08 19:22:00,-9999,-9999,-9999,70,2,3075,-9999,-9999,-9999
2026/09/08 19:22:00,-9999,-9999,-9999,70,2,3105,-9999,-9999,-9999
2026/09/08 19:22:00,-9999,-9999,-9999,70,2,3135,-9999,-9999,-9999
2026/09/08 19:22:00,-9999,-9999,-9999,70,2,3165,-9999,-9999,-9999
2026/09/08 19:22:00,-9999,-9999,-9999,70,2,3195,-9999,-9999,-9999
2026/09/08 19:22:00,-9999,-9999,-9999,70,2,3225,-9999,-9999,-9999
2026/09/08 19:22:00,-9999,-9999,-9999,70,2,3255,-9999,-9999,-9999
2026/09/08 19:22:00,-9999,-9999,-9999,70,2,3285,-9999,-9999,-9999
2026/09/08 19:22:00,-9999,-9999,-9999,70,2,3315,-9999,-9999,-9999
2026/09/08 19:22:00,-9999,-9999,-9999,70,2,3345,-9999,-9999,-9999
2026/09/08 19:22:00,-9999,-9999,-9999,70,2,3375,-9999,-9999,-9999
2026/09/08 19:22:00,-9999,-9999,-9999,70,2,3405,-9999,-9999,-9999
2026/09/08 19:22:00,-9999,-9999,-9999,70,2,3435,-9999,-9999,-9999
2026/09/08 19:22:00,-9999,-9999,-9999,70,2,3465,-9999,-9999,-9999
2026/09/08 19:22:00,-9999,-9999,-9999,70,2,3495,-9999,-9999,-9999
2026/09/08 19:22:00,-9999,-9999,-9999,70,2,3525,-9999,-9999,-9999
2026/09/08 19:22:00,-9999,-9999,-9999,70,2,3555,-9999,-9999,-9999
2026/09/08 19:22:00,-9999,-9999,-9999,70,2,3585,-9999,-9999,-9999
2026/09/08 19:22:00,-9999,-9999,-9999,70,2,3615,-9999,-9999,-9999
2026/09/08 19:22:00,-9999,-9999,-9999,70,2,3645,-9999,-9999,-9999
2026/09/08 19:22:00,-9999,-9999,-9999,70,2,3675,-9999,-9999,-9999
2026/09/08 19:22:00,-9999,-9999,-9999,70,2,3705,-9999,-9999,-9999
2026/09/08 19:22:00,-9999,-9999,-9999,70,2,3735,-9999,-9999,-9999
2026/09/08 19:22:00,-9999,-9999,-9999,70,2,3765,-9999,-9999,-9999
2026/09/08 19:22:00,-9999,-9999,-9999,70,2,3795,-9999,-9999,-9999
2026/09/08 19:22:00,-9999,-9999,-9999,70,2,3825,-9999,-9999,-9999
2026/09/08 19:22:00,-9999,-9999,-9999,70,2,3855,-9999,-9999,-9999
2026/09/08 19:22:00,-9999,-9999,-9999,70,2,3885,-9999,-9999,-9999
2026/09/08 19:22:00,-9999,-9999,-9999,70,2,3915,-9999,-9999,-9999
2026/09/08 19:22:00,-9999,-9999,-9999,70,2,3945,-9999,-9999,-9999
2026/09/08 19:22:00,-9999,-9999,-9999,70,2,3975,-9999,-9999,-9999
2026/09/08 19:22:00,-9999,-9999,-9999,70,2,4005,-9999,-9999,-9999
2026/09/08 19:22:00,-9999,-9999,-9999,70,2,4035,-9999,-9999,-9999
2026/09/08 19:22:00,-9999,-9999,-9999,70,2,4065,-9999,-9999,-9999
2026/09/08 19:22:00,-9999,-9999,-9999,70,2,4095,-9999,-9999,-9999
2026/09/08 19:22:00,-9999,-9999,-9999,70,2,4125,-9999,-9999,-9999
2026/09/08 19:22:00,-9999,-9999,-9999,70,2,4155,-9999,-9999,-9999
2026/09/08 19:22:00,-9999,-9999,-9999,70,2,4185,-9999,-9999,-9999
2026/09/08 19:22:00,-9999,-9999,-9999,70,2,4215,-9999,-9999,-9999
2026/09/08 19:22:00,-9999,-9999,-9999,70,2,4245,-9999,-9999,-9999
2026/09/08 19:22:00,-9999,-9999,-9999,70,2,4275,-9999,-9999,-9999
2026/09/08 19:22:00,-9999,-9999,-9999,70,2,4305,-9999,-9999,-9999
2026/09/08 19:22:00,-9999,-9999,-9999,70,2,4335,-9999,-9999,-9999
2026/09/08 19:22:00,-9999,-9999,-9999,70,2,4365,-9999,-9999,-9999
2026/09/08 19:22:00,-9999,-9999,-9999,70,2,4395,-9999,-9999,-9999
2026/09/08 19:22:00,-9999,-9999,-9999,70,2,4425,-9999,-9999,-9999
2026/09/08 19:22:00,-9999,-9999,-9999,70,2,4455,-9999,-9999,-9999
2026/09/08 19:22:00,-9999,-9999,-9999,70,2,4485,-9999,-9999,-9999
2026/09/08 19:22:00,-9999,-9999,-9999,70,2,4515,-9999,-9999,-9999
2026/09/08 19:22:00,-9999,-9999,-9999,70,2,4545,-9999,-9999,-9999
2026/09/08 19:22:00,-9999,-9999,-9999,70,2,4575,-9999,-9999,-9999
2026/09/08 19:22:00,-9999,-9999,-9999,70,2,4605,-9999,-9999,-9999
2026/09/08 19:22:00,-9999,-9999,-9999,70,2,4635,-9999,-9999,-9999
2026/09/08 19:22:00,-9999,-9999,-9999,70,2,4665,-9999,-9999,-9999
2026/09/08 19:22:00,-9999,-9999,-9999,70,2,4695,-9999,-9999,-9999
2026/09/08 19:22:00,-9999,-9999,-9999,70,2,4725,-9999,-9999,-9999
2026/09/08 19:22:00,-9999,-9999,-9999,70,2,4755,-9999,-9999,-9999
2026/09/08 19:22:00,-9999,-9999,-9999,70,2,4785,-9999,-9999,-9999
2026/09/08 19:22:00,-9999,-9999,-9999,70,2,4815,-9999,-9999,-9999
2026/09/08 19:22:00,-9999,-9999,-9999,70,2,4845,-9999,-9999,-9999
2026/09/08 19:22:00,-9999,-9999,-9999,70,2,4875,-9999,-9999,-9999
2026/09/08 19:22:00,-9999,-9999,-9999,70,2,4905,-9999,-9999,-9999
2026/09/08 19:22:00,-9999,-9999,-9999,70,2,4935,-9999,-9999,-9999
2026/09/08 19:22:00,-9999,-9999,-9999,70,2,4965,-9999,-9999,-9999
2026/09/08 19:22:00,-9999,-9999,-9999,70,2,4995,-9999,-9999,-9999
2026/09/08 19:22:00,-9999,-9999,-9999,70,2,5025,-9999,-9999,-9999
2026/09/08 19:22:00,-9999,-9999,-9999,70,2,5055,-9999,-9999,-9999
2026/09/08 19:22:00,-9999,-9999,-9999,70,2,5085,-9999,-9999,-9999
2026/09/08 19:22:00,-9999,-9999,-9999,70,2,5115,-9999,-9999,-9999
2026/09/08 19:22:00,-9999,-9999,-9999,70,2,5145,-9999,-9999,-9999
2026/09/08 19:22:00,-9999,-9999,-9999,70,2,5175,-9999,-9999,-9999
2026/09/08 19:22:00,-9999,-9999,-9999,70,2,5205,-9999,-9999,-9999
2026/09/08 19:22:00,-9999,-9999,-9999,70,2,5235,-9999,-9999,-9999
2026/09/08 19:22:00,-9999,-9999,-9999,70,2,5265,-9999,-9999,-9999
2026/09/08 19:22:00,-9999,-9999,-9999,70,2,5295,-9999,-9999,-9999
2026/09/08 19:22:00,-9999,-9999,-9999,70,2,5325,-9999,-9999,-9999
2026/09/08 19:22:00,-9999,-9999,-9999,70,2,5355,-9999,-9999,-9999
2026/09/08 19:22:00,-9999,-9999,-9999,70,2,5385,-9999,-9999,-9999
2026/09/08 19:22:00,-9999,-9999,-9999,70,2,5415,-9999,-9999,-9999
2026/09/08 19:22:00,-9999,-9999,-9999,70,2,5445,-9999,-9999,-9999
2026/09/08 19:22:00,-9999,-9999,-9999,70,2,5475,-9999,-9999,-9999
2026/09/08 19:22:00,-9999,-9999,-9999,70,2,5505,-9999,-9999,-9999
2026/09/08 19:22:00,-9999,-9999,-9999,70,2,5535,-9999,-9999,-9999
2026/09/08 19:22:00,-9999,-9999,-9999,70,2,5565,-9999,-9999,-9999
2026/09/08 19:22:00,-9999,-9999,-9999,70,2,5595,-9999,-9999,-9999
2026/09/08 19:22:00,-9999,-9999,-9999,70,2,5625,-9999,-9999,-9999
2026/09/08 19:22:00,-9999,-9999,-9999,70,2,5655,-9999,-9999,-9999
2026/09/08 19:22:00,-9999,-9999,-9999,70,2,5685,-9999,-9999,-9999
2026/09/08 19:22:00,-9999,-9999,-9999,70,2,5715,-9999,-9999,-9999
2026/09/08 19:22:00,-9999,-9999,-9999,70,2,5745,-9999,-9999,-9999
2026/09/08 19:22:00,-9999,-9999,-9999,70,2,5775,-9999,-9999,-9999
2026/09/08 19:22:00,-9999,-9999,-9999,70,2,5805,-9999,-9999,-9999
2026/09/08 19:22:00,-9999,-9999,-9999,70,2,5835,-9999,-9999,-9999
2026/09/08 19:22:00,-9999,-9999,-9999,70,2,5865,-9999,-9999,-9999
2026/09/08 19:22:00,-9999,-9999,-9999,70,2,5895,-9999,-9999,-9999
2026/09/08 19:22:00,-9999,-9999,-9999,70,2,5925,-9999,-9999,-9999
2026/09/08 19:22:00,-9999,-9999,-9999,70,2,5955,-9999,-9999,-9999
2026/09/08 19:22:00,-9999,-9999,-9999,70,2,5985,-9999,-9999,-9999
2026/09/08 19:22:00,-9999,-9999,-9999,80,2,15,-9999,-9999,-9999
2026/09/08 19:22:00,-9999,-9999,-9999,80,2,45,1.581583,66.06364,-9999
2026/09/08 19:22:00,-9999,-9999,-9999,80,2,75,1.840829,70.17859,-9999
2026/09/08 19:22:00,-9999,-9999,-9999,80,2,105,2.001371,70.53083,-9999
2026/09/08 19:22:00,-9999,-9999,-9999,80,2,135,2.09729,71.34318,-9999
2026/09/08 19:22:00,-9999,-9999,-9999,80,2,165,2.19852,72.32445,-9999
2026/09/08 19:22:00,-9999,-9999,-9999,80,2,195,2.209924,71.64644,-9999
2026/09/08 19:22:00,-9999,-9999,-9999,80,2,225,2.239449,73.15381,-9999
2026/09/08 19:22:00,-9999,-9999,-9999,80,2,255,2.288364,74.55907,-9999
2026/09/08 19:22:00,-9999,-9999,-9999,80,2,285,2.401147,75.30215,-9999
2026/09/08 19:22:00,-9999,-9999,-9999,80,2,315,2.510235,76.15642,-9999
2026/09/08 19:22:00,-9999,-9999,-9999,80,2,345,2.625146,74.2467,-9999
2026/09/08 19:22:00,-9999,-9999,-9999,80,2,375,2.715416,70.7419,-9999
2026/09/08 19:22:00,-9999,-9999,-9999,80,2,405,2.767581,68.54739,-9999
2026/09/08 19:22:00,-9999,-9999,-9999,80,2,435,2.852466,67.99221,-9999
2026/09/08 19:22:00,-9999,-9999,-9999,80,2,465,2.880428,66.8835,-9999
2026/09/08 19:22:00,-9999,-9999,-9999,80,2,495,2.968587,66.17061,-9999
2026/09/08 19:22:00,-9999,-9999,-9999,80,2,525,3.026799,65.95412,-9999
2026/09/08 19:22:00,-9999,-9999,-9999,80,2,555,3.114865,62.71311,-9999
2026/09/08 19:22:00,-9999,-9999,-9999,80,2,585,3.177096,60.74389,-9999
2026/09/08 19:22:00,-9999,-9999,-9999,80,2,615,3.145831,60.477,-9999
2026/09/08 19:22:00,-9999,-9999,-9999,80,2,645,3.125472,58.16551,-9999
2026/09/08 19:22:00,-9999,-9999,-9999,80,2,675,3.066656,58.56936,-9999
2026/09/08 19:22:00,-9999,-9999,-9999,80,2,705,3.029598,58.7721,-9999
2026/09/08 19:22:00,-9999,-9999,-9999,80,2,735,3.026365,57.54686,-9999
2026/09/08 19:22:00,-9999,-9999,-9999,80,2,765,3.114027,55.94505,-9999
2026/09/08 19:22:00,-9999,-9999,-9999,80,2,795,3.222715,54.54448,-9999
2026/09/08 19:22:00,-9999,-9999,-9999,80,2,825,3.361897,54.21466,-9999
2026/09/08 19:22:00,-9999,-9999,-9999,80,2,855,3.504753,53.75182,-9999
2026/09/08 19:22:00,-9999,-9999,-9999,80,2,885,3.625026,56.12822,-9999
2026/09/08 19:22:00,-9999,-9999,-9999,80,2,915,3.575027,56.87542,-9999
2026/09/08 19:22:00,-9999,-9999,-9999,80,2,945,3.625422,56.14705,-9999
2026/09/08 19:22:00,-9999,-9999,-9999,80,2,975,3.541267,55.77246,-9999
2026/09/08 19:22:00,-9999,-9999,-9999,80,2,1005,3.474843,55.66908,-9999
2026/09/08 19:22:00,-9999,-9999,-9999,80,2,1035,3.571,58.98409,-9999
2026/09/08 19:22:00,-9999,-9999,-9999,80,2,1065,3.499345,60.88862,-9999
2026/09/08 19:22:00,-9999,-9999,-9999,80,2,1095,3.556674,61.96811,-9999
2026/09/08 19:22:00,-9999,-9999,-9999,80,2,1125,3.635451,60.96539,-9999
2026/09/08 19:22:00,-9999,-9999,-9999,80,2,1155,3.80598,58.97453,-9999
2026/09/08 19:22:00,-9999,-9999,-9999,80,2,1185,4.005334,56.35244,-9999
2026/09/08 19:22:00,-9999,-9999,-9999,80,2,1215,4.32067,52.18681,-9999
2026/09/08 19:22:00,-9999,-9999,-9999,80,2,1245,4.115422,53.06081,-9999
2026/09/08 19:22:00,-9999,-9999,-9999,80,2,1275,4.095851,53.22586,-9999
2026/09/08 19:22:00,-9999,-9999,-9999,80,2,1305,4.076065,53.57747,-9999
2026/09/08 19:22:00,-9999,-9999,-9999,80,2,1335,4.072435,55.35455,-9999
2026/09/08 19:22:00,-9999,-9999,-9999,80,2,1365,4.073694,56.15444,-9999
2026/09/08 19:22:00,-9999,-9999,-9999,80,2,1395,3.999333,57.49568,-9999
2026/09/08 19:22:00,-9999,-9999,-9999,80,2,1425,3.934472,59.06342,-9999
2026/09/08 19:22:00,-9999,-9999,-9999,80,2,1455,3.879211,59.83376,-9999
2026/09/08 19:22:00,-9999,-9999,-9999,80,2,1485,3.909356,60.23276,-9999
2026/09/08 19:22:00,-9999,-9999,-9999,80,2,1515,3.450461,64.83656,-9999
2026/09/08 19:22:00,-9999,-9999,-9999,80,2,1545,3.465577,64.93333,-9999
2026/09/08 19:22:00,-9999,-9999,-9999,80,2,1575,3.528406,64.47161,-9999
2026/09/08 19:22:00,-9999,-9999,-9999,80,2,1605,-9999,-9999,-9999
2026/09/08 19:22:00,-9999,-9999,-9999,80,2,1635,3.667056,63.24043,-9999
2026/09/08 19:22:00,-9999,-9999,-9999,80,2,1665,-9999,-9999,-9999
2026/09/08 19:22:00,-9999,-9999,-9999,80,2,1695,-9999,-9999,-9999
2026/09/08 19:22:00,-9999,-9999,-9999,80,2,1725,-9999,-9999,-9999
2026/09/08 19:22:00,-9999,-9999,-9999,80,2,1755,-9999,-9999,-9999
2026/09/08 19:22:00,-9999,-9999,-9999,80,2,1785,-9999,-9999,-9999
2026/09/08 19:22:00,-9999,-9999,-9999,80,2,1815,-9999,-9999,-9999
2026/09/08 19:22:00,-9999,-9999,-9999,80,2,1845,-9999,-9999,-9999
2026/09/08 19:22:00,-9999,-9999,-9999,80,2,1875,-9999,-9999,-9999
2026/09/08 19:22:00,-9999,-9999,-9999,80,2,1905,-9999,-9999,-9999
2026/09/08 19:22:00,-9999,-9999,-9999,80,2,1935,-9999,-9999,-9999
2026/09/08 19:22:00,-9999,-9999,-9999,80,2,1965,-9999,-9999,-9999
2026/09/08 19:22:00,-9999,-9999,-9999,80,2,1995,-9999,-9999,-9999
2026/09/08 19:22:00,-9999,-9999,-9999,80,2,2025,-9999,-9999,-9999
2026/09/08 19:22:00,-9999,-9999,-9999,80,2,2055,-9999,-9999,-9999
2026/09/08 19:22:00,-9999,-9999,-9999,80,2,2085,-9999,-9999,-9999
2026/09/08 19:22:00,-9999,-9999,-9999,80,2,2115,-9999,-9999,-9999
2026/09/08 19:22:00,-9999,-9999,-9999,80,2,2145,-9999,-9999,-9999
2026/09/08 19:22:00,-9999,-9999,-9999,80,2,2175,-9999,-9999,-9999
2026/09/08 19:22:00,-9999,-9999,-9999,80,2,2205,-9999,-9999,-9999
2026/09/08 19:22:00,-9999,-9999,-9999,80,2,2235,-9999,-9999,-9999
2026/09/08 19:22:00,-9999,-9999,-9999,80,2,2265,-9999,-9999,-9999
2026/09/08 19:22:00,-9999,-9999,-9999,80,2,2295,-9999,-9999,-9999
2026/09/08 19:22:00,-9999,-9999,-9999,80,2,2325,-9999,-9999,-9999
2026/09/08 19:22:00,-9999,-9999,-9999,80,2,2355,-9999,-9999,-9999
2026/09/08 19:22:00,-9999,-9999,-9999,80,2,2385,-9999,-9999,-9999
2026/09/08 19:22:00,-9999,-9999,-9999,80,2,2415,-9999,-9999,-9999
2026/09/08 19:22:00,-9999,-9999,-9999,80,2,2445,-9999,-9999,-9999
2026/09/08 19:22:00,-9999,-9999,-9999,80,2,2475,-9999,-9999,-9999
2026/09/08 19:22:00,-9999,-9999,-9999,80,2,2505,-9999,-9999,-9999
2026/09/08 19:22:00,-9999,-9999,-9999,80,2,2535,-9999,-9999,-9999
2026/09/08 19:22:00,-9999,-9999,-9999,80,2,2565,-9999,-9999,-9999
2026/09/08 19:22:00,-9999,-9999,-9999,80,2,2595,-9999,-9999,-9999
2026/09/08 19:22:00,-9999,-9999,-9999,80,2,2625,-9999,-9999,-9999
2026/09/08 19:22:00,-9999,-9999,-9999,80,2,2655,-9999,-9999,-9999
2026/09/08 19:22:00,-9999,-9999,-9999,80,2,2685,-9999,-9999,-9999
2026/09/08 19:22:00,-9999,-9999,-9999,80,2,2715,-9999,-9999,-9999
2026/09/08 19:22:00,-9999,-9999,-9999,80,2,2745,-9999,-9999,-9999
2026/09/08 19:22:00,-9999,-9999,-9999,80,2,2775,-9999,-9999,-9999
2026/09/08 19:22:00,-9999,-9999,-9999,80,2,2805,-9999,-9999,-9999
2026/09/08 19:22:00,-9999,-9999,-9999,80,2,2835,-9999,-9999,-9999
2026/09/08 19:22:00,-9999,-9999,-9999,80,2,2865,-9999,-9999,-9999
2026/09/08 19:22:00,-9999,-9999,-9999,80,2,2895,-9999,-9999,-9999
2026/09/08 19:22:00,-9999,-9999,-9999,80,2,2925,-9999,-9999,-9999
2026/09/08 19:22:00,-9999,-9999,-9999,80,2,2955,-9999,-9999,-9999
2026/09/08 19:22:00,-9999,-9999,-9999,80,2,2985,-9999,-9999,-9999
2026/09/08 19:22:00,-9999,-9999,-9999,80,2,3015,-9999,-9999,-9999
2026/09/08 19:22:00,-9999,-9999,-9999,80,2,3045,-9999,-9999,-9999
2026/09/08 19:22:00,-9999,-9999,-9999,80,2,3075,-9999,-9999,-9999
2026/09/08 19:22:00,-9999,-9999,-9999,80,2,3105,-9999,-9999,-9999
2026/09/08 19:22:00,-9999,-9999,-9999,80,2,3135,-9999,-9999,-9999
2026/09/08 19:22:00,-9999,-9999,-9999,80,2,3165,-9999,-9999,-9999
2026/09/08 19:22:00,-9999,-9999,-9999,80,2,3195,-9999,-9999,-9999
2026/09/08 19:22:00,-9999,-9999,-9999,80,2,3225,-9999,-9999,-9999
2026/09/08 19:22:00,-9999,-9999,-9999,80,2,3255,-9999,-9999,-9999
2026/09/08 19:22:00,-9999,-9999,-9999,80,2,3285,-9999,-9999,-9999
2026/09/08 19:22:00,-9999,-9999,-9999,80,2,3315,-9999,-9999,-9999
2026/09/08 19:22:00,-9999,-9999,-9999,80,2,3345,-9999,-9999,-9999
2026/09/08 19:22:00,-9999,-9999,-9999,80,2,3375,-9999,-9999,-9999
2026/09/08 19:22:00,-9999,-9999,-9999,80,2,3405,-9999,-9999,-9999
2026/09/08 19:22:00,-9999,-9999,-9999,80,2,3435,-9999,-9999,-9999
2026/09/08 19:22:00,-9999,-9999,-9999,80,2,3465,-9999,-9999,-9999
2026/09/08 19:22:00,-9999,-9999,-9999,80,2,3495,-9999,-9999,-9999
2026/09/08 19:22:00,-9999,-9999,-9999,80,2,3525,-9999,-9999,-9999
2026/09/08 19:22:00,-9999,-9999,-9999,80,2,3555,-9999,-9999,-9999
2026/09/08 19:22:00,-9999,-9999,-9999,80,2,3585,-9999,-9999,-9999
2026/09/08 19:22:00,-9999,-9999,-9999,80,2,3615,-9999,-9999,-9999
2026/09/08 19:22:00,-9999,-9999,-9999,80,2,3645,-9999,-9999,-9999
2026/09/08 19:22:00,-9999,-9999,-9999,80,2,3675,-9999,-9999,-9999
2026/09/08 19:22:00,-9999,-9999,-9999,80,2,3705,-9999,-9999,-9999
2026/09/08 19:22:00,-9999,-9999,-9999,80,2,3735,-9999,-9999,-9999
2026/09/08 19:22:00,-9999,-9999,-9999,80,2,3765,-9999,-9999,-9999
2026/09/08 19:22:00,-9999,-9999,-9999,80,2,3795,-9999,-9999,-9999
2026/09/08 19:22:00,-9999,-9999,-9999,80,2,3825,-9999,-9999,-9999
2026/09/08 19:22:00,-9999,-9999,-9999,80,2,3855,-9999,-9999,-9999
2026/09/08 19:22:00,-9999,-9999,-9999,80,2,3885,-9999,-9999,-9999
2026/09/08 19:22:00,-9999,-9999,-9999,80,2,3915,-9999,-9999,-9999
2026/09/08 19:22:00,-9999,-9999,-9999,80,2,3945,-9999,-9999,-9999
2026/09/08 19:22:00,-9999,-9999,-9999,80,2,3975,-9999,-9999,-9999
2026/09/08 19:22:00,-9999,-9999,-9999,80,2,4005,-9999,-9999,-9999
2026/09/08 19:22:00,-9999,-9999,-9999,80,2,4035,-9999,-9999,-9999
2026/09/08 19:22:00,-9999,-9999,-9999,80,2,4065,-9999,-9999,-9999
2026/09/08 19:22:00,-9999,-9999,-9999,80,2,4095,-9999,-9999,-9999
2026/09/08 19:22:00,-9999,-9999,-9999,80,2,4125,-9999,-9999,-9999
2026/09/08 19:22:00,-9999,-9999,-9999,80,2,4155,-9999,-9999,-9999
2026/09/08 19:22:00,-9999,-9999,-9999,80,2,4185,-9999,-9999,-9999
2026/09/08 19:22:00,-9999,-9999,-9999,80,2,4215,-9999,-9999,-9999
2026/09/08 19:22:00,-9999,-9999,-9999,80,2,4245,-9999,-9999,-9999
2026/09/08 19:22:00,-9999,-9999,-9999,80,2,4275,-9999,-9999,-9999
2026/09/08 19:22:00,-9999,-9999,-9999,80,2,4305,-9999,-9999,-9999
2026/09/08 19:22:00,-9999,-9999,-9999,80,2,4335,-9999,-9999,-9999
2026/09/08 19:22:00,-9999,-9999,-9999,80,2,4365,-9999,-9999,-9999
2026/09/08 19:22:00,-9999,-9999,-9999,80,2,4395,-9999,-9999,-9999
2026/09/08 19:22:00,-9999,-9999,-9999,80,2,4425,-9999,-9999,-9999
2026/09/08 19:22:00,-9999,-9999,-9999,80,2,4455,-9999,-9999,-9999
2026/09/08 19:22:00,-9999,-9999,-9999,80,2,4485,-9999,-9999,-9999
2026/09/08 19:22:00,-9999,-9999,-9999,80,2,4515,-9999,-9999,-9999
2026/09/08 19:22:00,-9999,-9999,-9999,80,2,4545,-9999,-9999,-9999
2026/09/08 19:22:00,-9999,-9999,-9999,80,2,4575,-9999,-9999,-9999
2026/09/08 19:22:00,-9999,-9999,-9999,80,2,4605,-9999,-9999,-9999
2026/09/08 19:22:00,-9999,-9999,-9999,80,2,4635,-9999,-9999,-9999
2026/09/08 19:22:00,-9999,-9999,-9999,80,2,4665,-9999,-9999,-9999
2026/09/08 19:22:00,-9999,-9999,-9999,80,2,4695,-9999,-9999,-9999
2026/09/08 19:22:00,-9999,-9999,-9999,80,2,4725,-9999,-9999,-9999
2026/09/08 19:22:00,-9999,-9999,-9999,80,2,4755,-9999,-9999,-9999
2026/09/08 19:22:00,-9999,-9999,-9999,80,2,4785,-9999,-9999,-9999
2026/09/08 19:22:00,-9999,-9999,-9999,80,2,4815,-9999,-9999,-9999
2026/09/08 19:22:00,-9999,-9999,-9999,80,2,4845,-9999,-9999,-9999
2026/09/08 19:22:00,-9999,-9999,-9999,80,2,4875,-9999,-9999,-9999
2026/09/08 19:22:00,-9999,-9999,-9999,80,2,4905,-9999,-9999,-9999
2026/09/08 19:22:00,-9999,-9999,-9999,80,2,4935,-9999,-9999,-9999
2026/09/08 19:22:00,-9999,-9999,-9999,80,2,4965,-9999,-9999,-9999
2026/09/08 19:22:00,-9999,-9999,-9999,80,2,4995,-9999,-9999,-9999
2026/09/08 19:22:00,-9999,-9999,-9999,80,2,5025,-9999,-9999,-9999
2026/09/08 19:22:00,-9999,-9999,-9999,80,2,5055,-9999,-9999,-9999
2026/09/08 19:22:00,-9999,-9999,-9999,80,2,5085,-9999,-9999,-9999
2026/09/08 19:22:00,-9999,-9999,-9999,80,2,5115,-9999,-9999,-9999
2026/09/08 19:22:00,-9999,-9999,-9999,80,2,5145,-9999,-9999,-9999
2026/09/08 19:22:00,-9999,-9999,-9999,80,2,5175,-9999,-9999,-9999
2026/09/08 19:22:00,-9999,-9999,-9999,80,2,5205,-9999,-9999,-9999
2026/09/08 19:22:00,-9999,-9999,-9999,80,2,5235,-9999,-9999,-9999
2026/09/08 19:22:00,-9999,-9999,-9999,80,2,5265,-9999,-9999,-9999
2026/09/08 19:22:00,-9999,-9999,-9999,80,2,5295,-9999,-9999,-9999
2026/09/08 19:22:00,-9999,-9999,-9999,80,2,5325,-9999,-9999,-9999
2026/09/08 19:22:00,-9999,-9999,-9999,80,2,5355,-9999,-9999,-9999
2026/09/08 19:22:00,-9999,-9999,-9999,80,2,5385,-9999,-9999,-9999
2026/09/08 19:22:00,-9999,-9999,-9999,80,2,5415,-9999,-9999,-9999
2026/09/08 19:22:00,-9999,-9999,-9999,80,2,5445,-9999,-9999,-9999
2026/09/08 19:22:00,-9999,-9999,-9999,80,2,5475,-9999,-9999,-9999
2026/09/08 19:22:00,-9999,-9999,-9999,80,2,5505,-9999,-9999,-9999
2026/09/08 19:22:00,-9999,-9999,-9999,80,2,5535,-9999,-9999,-9999
2026/09/08 19:22:00,-9999,-9999,-9999,80,2,5565,-9999,-9999,-9999
2026/09/08 19:22:00,-9999,-9999,-9999,80,2,5595,-9999,-9999,-9999
2026/09/08 19:22:00,-9999,-9999,-9999,80,2,5625,-9999,-9999,-9999
2026/09/08 19:22:00,-9999,-9999,-9999,80,2,5655,-9999,-9999,-9999
2026/09/08 19:22:00,-9999,-9999,-9999,80,2,5685,-9999,-9999,-9999
2026/09/08 19:22:00,-9999,-9999,-9999,80,2,5715,-9999,-9999,-9999
2026/09/08 19:22:00,-9999,-9999,-9999,80,2,5745,-9999,-9999,-9999
2026/09/08 19:22:00,-9999,-9999,-9999,80,2,5775,-9999,-9999,-9999
2026/09/08 19:22:00,-9999,-9999,-9999,80,2,5805,-9999,-9999,-9999
2026/09/08 19:22:00,-9999,-9999,-9999,80,2,5835,-9999,-9999,-9999
2026/09/08 19:22:00,-9999,-9999,-9999,80,2,5865,-9999,-9999,-9999
2026/09/08 19:22:00,-9999,-9999,-9999,80,2,5895,-9999,-9999,-9999
2026/09/08 19:22:00,-9999,-9999,-9999,80,2,5925,-9999,-9999,-9999
2026/09/08 19:22:00,-9999,-9999,-9999,80,2,5955,-9999,-9999,-9999
2026/09/08 19:22:00,-9999,-9999,-9999,80,2,5985,-9999,-9999,-9999
2026/09/08 19:22:00,-9999,-9999,-9999,90,2,15,-9999,-9999,-9999
2026/09/08 19:22:00,-9999,-9999,-9999,90,2,45,1.509838,67.8415,-9999
2026/09/08 19:22:00,-9999,-9999,-9999,90,2,75,1.729788,73.62541,-9999
2026/09/08 19:22:00,-9999,-9999,-9999,90,2,105,1.866076,75.57564,-9999
2026/09/08 19:22:00,-9999,-9999,-9999,90,2,135,1.928854,76.79982,-9999
2026/09/08 19:22:00,-9999,-9999,-9999,90,2,165,1.994285,78.01363,-9999
2026/09/08 19:22:00,-9999,-9999,-9999,90,2,195,2.027898,74.95236,-9999
2026/09/08 19:22:00,-9999,-9999,-9999,90,2,225,2.032495,74.14574,-9999
2026/09/08 19:22:00,-9999,-9999,-9999,90,2,255,2.109325,72.51749,-9999
2026/09/08 19:22:00,-9999,-9999,-9999,90,2,285,2.22371,70.54155,-9999
2026/09/08 19:22:00,-9999,-9999,-9999,90,2,315,2.280394,70.37297,-9999
2026/09/08 19:22:00,-9999,-9999,-9999,90,2,345,2.399648,65.49881,-9999
2026/09/08 19:22:00,-9999,-9999,-9999,90,2,375,2.465119,60.81876,-9999
2026/09/08 19:22:00,-9999,-9999,-9999,90,2,405,2.517251,58.17465,-9999
2026/09/08 19:22:00,-9999,-9999,-9999,90,2,435,2.604479,57.14861,-9999
2026/09/08 19:22:00,-9999,-9999,-9999,90,2,465,2.679301,56.82565,-9999
2026/09/08 19:22:00,-9999,-9999,-9999,90,2,495,2.857836,56.51591,-9999
2026/09/08 19:22:00,-9999,-9999,-9999,90,2,525,2.988663,56.39023,-9999
2026/09/08 19:22:00,-9999,-9999,-9999,90,2,555,3.165097,54.4139,-9999
2026/09/08 19:22:00,-9999,-9999,-9999,90,2,585,3.221064,53.64077,-9999
2026/09/08 19:22:00,-9999,-9999,-9999,90,2,615,3.122878,53.74048,-9999
2026/09/08 19:22:00,-9999,-9999,-9999,90,2,645,3.073571,51.7344,-9999
2026/09/08 19:22:00,-9999,-9999,-9999,90,2,675,2.944603,51.79643,-9999
2026/09/08 19:22:00,-9999,-9999,-9999,90,2,705,2.846475,52.77475,-9999
2026/09/08 19:22:00,-9999,-9999,-9999,90,2,735,2.815196,52.71126,-9999
2026/09/08 19:22:00,-9999,-9999,-9999,90,2,765,2.883528,53.50908,-9999
2026/09/08 19:22:00,-9999,-9999,-9999,90,2,795,3.022241,53.2468,-9999
2026/09/08 19:22:00,-9999,-9999,-9999,90,2,825,3.233833,52.12432,-9999
2026/09/08 19:22:00,-9999,-9999,-9999,90,2,855,3.414327,51.33654,-9999
2026/09/08 19:22:00,-9999,-9999,-9999,90,2,885,3.585506,51.32979,-9999
2026/09/08 19:22:00,-9999,-9999,-9999,90,2,915,3.600095,50.28386,-9999
2026/09/08 19:22:00,-9999,-9999,-9999,90,2,945,3.785263,48.14749,-9999
2026/09/08 19:22:00,-9999,-9999,-9999,90,2,975,3.898052,41.75536,-9999
2026/09/08 19:22:00,-9999,-9999,-9999,90,2,1005,3.955501,40.14122,-9999
2026/09/08 19:22:00,-9999,-9999,-9999,90,2,1035,3.918303,46.28146,-9999
2026/09/08 19:22:00,-9999,-9999,-9999,90,2,1065,3.769652,47.67741,-9999
2026/09/08 19:22:00,-9999,-9999,-9999,90,2,1095,3.781418,50.03585,-9999
2026/09/08 19:22:00,-9999,-9999,-9999,90,2,1125,3.816085,50.79759,-9999
2026/09/08 19:22:00,-9999,-9999,-9999,90,2,1155,4.027699,49.71454,-9999
2026/09/08 19:22:00,-9999,-9999,-9999,90,2,1185,4.287437,47.7142,-9999
2026/09/08 19:22:00,-9999,-9999,-9999,90,2,1215,-9999,-9999,-9999
2026/09/08 19:22:00,-9999,-9999,-9999,90,2,1245,4.41967,44.80486,-9999
2026/09/08 19:22:00,-9999,-9999,-9999,90,2,1275,4.392167,44.90003,-9999
2026/09/08 19:22:00,-9999,-9999,-9999,90,2,1305,4.383691,45.58639,-9999
2026/09/08 19:22:00,-9999,-9999,-9999,90,2,1335,4.37131,47.2866,-9999
2026/09/08 19:22:00,-9999,-9999,-9999,90,2,1365,4.418325,47.64845,-9999
2026/09/08 19:22:00,-9999,-9999,-9999,90,2,1395,4.360705,48.59364,-9999
2026/09/08 19:22:00,-9999,-9999,-9999,90,2,1425,4.287444,49.61021,-9999
2026/09/08 19:22:00,-9999,-9999,-9999,90,2,1455,4.272093,49.77946,-9999
2026/09/08 19:22:00,-9999,-9999,-9999,90,2,1485,4.244107,50.74625,-9999
2026/09/08 19:22:00,-9999,-9999,-9999,90,2,1515,3.84732,51.93938,-9999
2026/09/08 19:22:00,-9999,-9999,-9999,90,2,1545,3.916729,51.91131,-9999
2026/09/08 19:22:00,-9999,-9999,-9999,90,2,1575,3.995688,52.33413,-9999
2026/09/08 19:22:00,-9999,-9999,-9999,90,2,1605,-9999,-9999,-9999
2026/09/08 19:22:00,-9999,-9999,-9999,90,2,1635,4.338629,51.94359,-9999
2026/09/08 19:22:00,-9999,-9999,-9999,90,2,1665,-9999,-9999,-9999
2026/09/08 19:22:00,-9999,-9999,-9999,90,2,1695,-9999,-9999,-9999
2026/09/08 19:22:00,-9999,-9999,-9999,90,2,1725,-9999,-9999,-9999
2026/09/08 19:22:00,-9999,-9999,-9999,90,2,1755,-9999,-9999,-9999
2026/09/08 19:22:00,-9999,-9999,-9999,90,2,1785,-9999,-9999,-9999
2026/09/08 19:22:00,-9999,-9999,-9999,90,2,1815,-9999,-9999,-9999
2026/09/08 19:22:00,-9999,-9999,-9999,90,2,1845,-9999,-9999,-9999
2026/09/08 19:22:00,-9999,-9999,-9999,90,2,1875,-9999,-9999,-9999
2026/09/08 19:22:00,-9999,-9999,-9999,90,2,1905,-9999,-9999,-9999
2026/09/08 19:22:00,-9999,-9999,-9999,90,2,1935,-9999,-9999,-9999
2026/09/08 19:22:00,-9999,-9999,-9999,90,2,1965,-9999,-9999,-9999
2026/09/08 19:22:00,-9999,-9999,-9999,90,2,1995,-9999,-9999,-9999
2026/09/08 19:22:00,-9999,-9999,-9999,90,2,2025,-9999,-9999,-9999
2026/09/08 19:22:00,-9999,-9999,-9999,90,2,2055,-9999,-9999,-9999
2026/09/08 19:22:00,-9999,-9999,-9999,90,2,2085,-9999,-9999,-9999
2026/09/08 19:22:00,-9999,-9999,-9999,90,2,2115,-9999,-9999,-9999
2026/09/08 19:22:00,-9999,-9999,-9999,90,2,2145,-9999,-9999,-9999
2026/09/08 19:22:00,-9999,-9999,-9999,90,2,2175,-9999,-9999,-9999
2026/09/08 19:22:00,-9999,-9999,-9999,90,2,2205,-9999,-9999,-9999
2026/09/08 19:22:00,-9999,-9999,-9999,90,2,2235,-9999,-9999,-9999
2026/09/08 19:22:00,-9999,-9999,-9999,90,2,2265,-9999,-9999,-9999
2026/09/08 19:22:00,-9999,-9999,-9999,90,2,2295,-9999,-9999,-9999
2026/09/08 19:22:00,-9999,-9999,-9999,90,2,2325,-9999,-9999,-9999
2026/09/08 19:22:00,-9999,-9999,-9999,90,2,2355,-9999,-9999,-9999
2026/09/08 19:22:00,-9999,-9999,-9999,90,2,2385,-9999,-9999,-9999
2026/09/08 19:22:00,-9999,-9999,-9999,90,2,2415,-9999,-9999,-9999
2026/09/08 19:22:00,-9999,-9999,-9999,90,2,2445,-9999,-9999,-9999
2026/09/08 19:22:00,-9999,-9999,-9999,90,2,2475,-9999,-9999,-9999
2026/09/08 19:22:00,-9999,-9999,-9999,90,2,2505,-9999,-9999,-9999
2026/09/08 19:22:00,-9999,-9999,-9999,90,2,2535,-9999,-9999,-9999
2026/09/08 19:22:00,-9999,-9999,-9999,90,2,2565,-9999,-9999,-9999
2026/09/08 19:22:00,-9999,-9999,-9999,90,2,2595,-9999,-9999,-9999
2026/09/08 19:22:00,-9999,-9999,-9999,90,2,2625,-9999,-9999,-9999
2026/09/08 19:22:00,-9999,-9999,-9999,90,2,2655,-9999,-9999,-9999
2026/09/08 19:22:00,-9999,-9999,-9999,90,2,2685,-9999,-9999,-9999
2026/09/08 19:22:00,-9999,-9999,-9999,90,2,2715,-9999,-9999,-9999
2026/09/08 19:22:00,-9999,-9999,-9999,90,2,2745,-9999,-9999,-9999
2026/09/08 19:22:00,-9999,-9999,-9999,90,2,2775,-9999,-9999,-9999
2026/09/08 19:22:00,-9999,-9999,-9999,90,2,2805,-9999,-9999,-9999
2026/09/08 19:22:00,-9999,-9999,-9999,90,2,2835,-9999,-9999,-9999
2026/09/08 19:22:00,-9999,-9999,-9999,90,2,2865,-9999,-9999,-9999
2026/09/08 19:22:00,-9999,-9999,-9999,90,2,2895,-9999,-9999,-9999
2026/09/08 19:22:00,-9999,-9999,-9999,90,2,2925,-9999,-9999,-9999
2026/09/08 19:22:00,-9999,-9999,-9999,90,2,2955,-9999,-9999,-9999
2026/09/08 19:22:00,-9999,-9999,-9999,90,2,2985,-9999,-9999,-9999
2026/09/08 19:22:00,-9999,-9999,-9999,90,2,3015,-9999,-9999,-9999
2026/09/08 19:22:00,-9999,-9999,-9999,90,2,3045,-9999,-9999,-9999
2026/09/08 19:22:00,-9999,-9999,-9999,90,2,3075,-9999,-9999,-9999
2026/09/08 19:22:00,-9999,-9999,-9999,90,2,3105,-9999,-9999,-9999
2026/09/08 19:22:00,-9999,-9999,-9999,90,2,3135,-9999,-9999,-9999
2026/09/08 19:22:00,-9999,-9999,-9999,90,2,3165,-9999,-9999,-9999
2026/09/08 19:22:00,-9999,-9999,-9999,90,2,3195,-9999,-9999,-9999
2026/09/08 19:22:00,-9999,-9999,-9999,90,2,3225,-9999,-9999,-9999
2026/09/08 19:22:00,-9999,-9999,-9999,90,2,3255,-9999,-9999,-9999
2026/09/08 19:22:00,-9999,-9999,-9999,90,2,3285,-9999,-9999,-9999
2026/09/08 19:22:00,-9999,-9999,-9999,90,2,3315,-9999,-9999,-9999
2026/09/08 19:22:00,-9999,-9999,-9999,90,2,3345,-9999,-9999,-9999
2026/09/08 19:22:00,-9999,-9999,-9999,90,2,3375,-9999,-9999,-9999
2026/09/08 19:22:00,-9999,-9999,-9999,90,2,3405,-9999,-9999,-9999
2026/09/08 19:22:00,-9999,-9999,-9999,90,2,3435,-9999,-9999,-9999
2026/09/08 19:22:00,-9999,-9999,-9999,90,2,3465,-9999,-9999,-9999
2026/09/08 19:22:00,-9999,-9999,-9999,90,2,3495,-9999,-9999,-9999
2026/09/08 19:22:00,-9999,-9999,-9999,90,2,3525,-9999,-9999,-9999
2026/09/08 19:22:00,-9999,-9999,-9999,90,2,3555,-9999,-9999,-9999
2026/09/08 19:22:00,-9999,-9999,-9999,90,2,3585,-9999,-9999,-9999
2026/09/08 19:22:00,-9999,-9999,-9999,90,2,3615,-9999,-9999,-9999
2026/09/08 19:22:00,-9999,-9999,-9999,90,2,3645,-9999,-9999,-9999
2026/09/08 19:22:00,-9999,-9999,-9999,90,2,3675,-9999,-9999,-9999
2026/09/08 19:22:00,-9999,-9999,-9999,90,2,3705,-9999,-9999,-9999
2026/09/08 19:22:00,-9999,-9999,-9999,90,2,3735,-9999,-9999,-9999
2026/09/08 19:22:00,-9999,-9999,-9999,90,2,3765,-9999,-9999,-9999
2026/09/08 19:22:00,-9999,-9999,-9999,90,2,3795,-9999,-9999,-9999
2026/09/08 19:22:00,-9999,-9999,-9999,90,2,3825,-9999,-9999,-9999
2026/09/08 19:22:00,-9999,-9999,-9999,90,2,3855,-9999,-9999,-9999
2026/09/08 19:22:00,-9999,-9999,-9999,90,2,3885,-9999,-9999,-9999
2026/09/08 19:22:00,-9999,-9999,-9999,90,2,3915,-9999,-9999,-9999
2026/09/08 19:22:00,-9999,-9999,-9999,90,2,3945,-9999,-9999,-9999
2026/09/08 19:22:00,-9999,-9999,-9999,90,2,3975,-9999,-9999,-9999
2026/09/08 19:22:00,-9999,-9999,-9999,90,2,4005,-9999,-9999,-9999
2026/09/08 19:22:00,-9999,-9999,-9999,90,2,4035,-9999,-9999,-9999
2026/09/08 19:22:00,-9999,-9999,-9999,90,2,4065,-9999,-9999,-9999
2026/09/08 19:22:00,-9999,-9999,-9999,90,2,4095,-9999,-9999,-9999
2026/09/08 19:22:00,-9999,-9999,-9999,90,2,4125,-9999,-9999,-9999
2026/09/08 19:22:00,-9999,-9999,-9999,90,2,4155,-9999,-9999,-9999
2026/09/08 19:22:00,-9999,-9999,-9999,90,2,4185,-9999,-9999,-9999
2026/09/08 19:22:00,-9999,-9999,-9999,90,2,4215,-9999,-9999,-9999
2026/09/08 19:22:00,-9999,-9999,-9999,90,2,4245,-9999,-9999,-9999
2026/09/08 19:22:00,-9999,-9999,-9999,90,2,4275,-9999,-9999,-9999
2026/09/08 19:22:00,-9999,-9999,-9999,90,2,4305,-9999,-9999,-9999
2026/09/08 19:22:00,-9999,-9999,-9999,90,2,4335,-9999,-9999,-9999
2026/09/08 19:22:00,-9999,-9999,-9999,90,2,4365,-9999,-9999,-9999
2026/09/08 19:22:00,-9999,-9999,-9999,90,2,4395,-9999,-9999,-9999
2026/09/08 19:22:00,-9999,-9999,-9999,90,2,4425,-9999,-9999,-9999
2026/09/08 19:22:00,-9999,-9999,-9999,90,2,4455,-9999,-9999,-9999
2026/09/08 19:22:00,-9999,-9999,-9999,90,2,4485,-9999,-9999,-9999
2026/09/08 19:22:00,-9999,-9999,-9999,90,2,4515,-9999,-9999,-9999
2026/09/08 19:22:00,-9999,-9999,-9999,90,2,4545,-9999,-9999,-9999
2026/09/08 19:22:00,-9999,-9999,-9999,90,2,4575,-9999,-9999,-9999
2026/09/08 19:22:00,-9999,-9999,-9999,90,2,4605,-9999,-9999,-9999
2026/09/08 19:22:00,-9999,-9999,-9999,90,2,4635,-9999,-9999,-9999
2026/09/08 19:22:00,-9999,-9999,-9999,90,2,4665,-9999,-9999,-9999
2026/09/08 19:22:00,-9999,-9999,-9999,90,2,4695,-9999,-9999,-9999
2026/09/08 19:22:00,-9999,-9999,-9999,90,2,4725,-9999,-9999,-9999
2026/09/08 19:22:00,-9999,-9999,-9999,90,2,4755,-9999,-9999,-9999
2026/09/08 19:22:00,-9999,-9999,-9999,90,2,4785,-9999,-9999,-9999
2026/09/08 19:22:00,-9999,-9999,-9999,90,2,4815,-9999,-9999,-9999
2026/09/08 19:22:00,-9999,-9999,-9999,90,2,4845,-9999,-9999,-9999
2026/09/08 19:22:00,-9999,-9999,-9999,90,2,4875,-9999,-9999,-9999
2026/09/08 19:22:00,-9999,-9999,-9999,90,2,4905,-9999,-9999,-9999
2026/09/08 19:22:00,-9999,-9999,-9999,90,2,4935,-9999,-9999,-9999
2026/09/08 19:22:00,-9999,-9999,-9999,90,2,4965,-9999,-9999,-9999
2026/09/08 19:22:00,-9999,-9999,-9999,90,2,4995,-9999,-9999,-9999
2026/09/08 19:22:00,-9999,-9999,-9999,90,2,5025,-9999,-9999,-9999
2026/09/08 19:22:00,-9999,-9999,-9999,90,2,5055,-9999,-9999,-9999
2026/09/08 19:22:00,-9999,-9999,-9999,90,2,5085,-9999,-9999,-9999
2026/09/08 19:22:00,-9999,-9999,-9999,90,2,5115,-9999,-9999,-9999
2026/09/08 19:22:00,-9999,-9999,-9999,90,2,5145,-9999,-9999,-9999
2026/09/08 19:22:00,-9999,-9999,-9999,90,2,5175,-9999,-9999,-9999
2026/09/08 19:22:00,-9999,-9999,-9999,90,2,5205,-9999,-9999,-9999
2026/09/08 19:22:00,-9999,-9999,-9999,90,2,5235,-9999,-9999,-9999
2026/09/08 19:22:00,-9999,-9999,-9999,90,2,5265,-9999,-9999,-9999
2026/09/08 19:22:00,-9999,-9999,-9999,90,2,5295,-9999,-9999,-9999
2026/09/08 19:22:00,-9999,-9999,-9999,90,2,5325,-9999,-9999,-9999
2026/09/08 19:22:00,-9999,-9999,-9999,90,2,5355,-9999,-9999,-9999
2026/09/08 19:22:00,-9999,-9999,-9999,90,2,5385,-9999,-9999,-9999
2026/09/08 19:22:00,-9999,-9999,-9999,90,2,5415,-9999,-9999,-9999
2026/09/08 19:22:00,-9999,-9999,-9999,90,2,5445,-9999,-9999,-9999
2026/09/08 19:22:00,-9999,-9999,-9999,90,2,5475,-9999,-9999,-9999
2026/09/08 19:22:00,-9999,-9999,-9999,90,2,5505,-9999,-9999,-9999
2026/09/08 19:22:00,-9999,-9999,-9999,90,2,5535,-9999,-9999,-9999
2026/09/08 19:22:00,-9999,-9999,-9999,90,2,5565,-9999,-9999,-9999
2026/09/08 19:22:00,-9999,-9999,-9999,90,2,5595,-9999,-9999,-9999
2026/09/08 19:22:00,-9999,-9999,-9999,90,2,5625,-9999,-9999,-9999
2026/09/08 19:22:00,-9999,-9999,-9999,90,2,5655,-9999,-9999,-9999
2026/09/08 19:22:00,-9999,-9999,-9999,90,2,5685,-9999,-9999,-9999
2026/09/08 19:22:00,-9999,-9999,-9999,90,2,5715,-9999,-9999,-9999
2026/09/08 19:22:00,-9999,-9999,-9999,90,2,5745,-9999,-9999,-9999
2026/09/08 19:22:00,-9999,-9999,-9999,90,2,5775,-9999,-9999,-9999
2026/09/08 19:22:00,-9999,-9999,-9999,90,2,5805,-9999,-9999,-9999
2026/09/08 19:22:00,-9999,-9999,-9999,90,2,5835,-9999,-9999,-9999
2026/09/08 19:22:00,-9999,-9999,-9999,90,2,5865,-9999,-9999,-9999
2026/09/08 19:22:00,-9999,-9999,-9999,90,2,5895,-9999,-9999,-9999
2026/09/08 19:22:00,-9999,-9999,-9999,90,2,5925,-9999,-9999,-9999
2026/09/08 19:22:00,-9999,-9999,-9999,90,2,5955,-9999,-9999,-9999
2026/09/08 19:22:00,-9999,-9999,-9999,90,2,5985,-9999,-9999,-9999
2026/09/08 19:22:00,-9999,-9999,-9999,100,2,15,-9999,-9999,-9999
2026/09/08 19:22:00,-9999,-9999,-9999,100,2,45,1.536484,64.06495,-9999
2026/09/08 19:22:00,-9999,-9999,-9999,100,2,75,1.698554,69.86359,-9999
2026/09/08 19:22:00,-9999,-9999,-9999,100,2,105,1.778807,73.1495,-9999
2026/09/08 19:22:00,-9999,-9999,-9999,100,2,135,1.838217,74.76734,-9999
2026/09/08 19:22:00,-9999,-9999,-9999,100,2,165,1.920669,75.92873,-9999
2026/09/08 19:22:00,-9999,-9999,-9999,100,2,195,1.982432,72.79324,-9999
2026/09/08 19:22:00,-9999,-9999,-9999,100,2,225,2.041773,69.7661,-9999
2026/09/08 19:22:00,-9999,-9999,-9999,100,2,255,2.150187,66.04362,-9999
2026/09/08 19:22:00,-9999,-9999,-9999,100,2,285,2.290622,62.20192,-9999
2026/09/08 19:22:00,-9999,-9999,-9999,100,2,315,2.408373,59.01489,-9999
2026/09/08 19:22:00,-9999,-9999,-9999,100,2,345,2.612899,53.61147,-9999
2026/09/08 19:22:00,-9999,-9999,-9999,100,2,375,2.761166,49.4078,-9999
2026/09/08 19:22:00,-9999,-9999,-9999,100,2,405,2.870742,46.90113,-9999
2026/09/08 19:22:00,-9999,-9999,-9999,100,2,435,2.966863,46.37429,-9999
2026/09/08 19:22:00,-9999,-9999,-9999,100,2,465,3.048751,46.52976,-9999
2026/09/08 19:22:00,-9999,-9999,-9999,100,2,495,3.215572,47.48681,-9999
2026/09/08 19:22:00,-9999,-9999,-9999,100,2,525,3.389292,47.9468,-9999
2026/09/08 19:22:00,-9999,-9999,-9999,100,2,555,3.614324,47.83158,-9999
2026/09/08 19:22:00,-9999,-9999,-9999,100,2,585,3.693352,47.99601,-9999
2026/09/08 19:22:00,-9999,-9999,-9999,100,2,615,3.648213,47.6545,-9999
2026/09/08 19:22:00,-9999,-9999,-9999,100,2,645,3.643678,46.16974,-9999
2026/09/08 19:22:00,-9999,-9999,-9999,100,2,675,3.543674,45.59326,-9999
2026/09/08 19:22:00,-9999,-9999,-9999,100,2,705,3.485211,46.2324,-9999
2026/09/08 19:22:00,-9999,-9999,-9999,100,2,735,3.484195,46.09581,-9999
2026/09/08 19:22:00,-9999,-9999,-9999,100,2,765,3.506422,46.84462,-9999
2026/09/08 19:22:00,-9999,-9999,-9999,100,2,795,3.60508,46.86386,-9999
2026/09/08 19:22:00,-9999,-9999,-9999,100,2,825,3.783899,45.85553,-9999
2026/09/08 19:22:00,-9999,-9999,-9999,100,2,855,3.86946,45.16235,-9999
2026/09/08 19:22:00,-9999,-9999,-9999,100,2,885,4.063137,44.65237,-9999
2026/09/08 19:22:00,-9999,-9999,-9999,100,2,915,4.114238,43.18246,-9999
2026/09/08 19:22:00,-9999,-9999,-9999,100,2,945,-9999,-9999,-9999
2026/09/08 19:22:00,-9999,-9999,-9999,100,2,975,-9999,-9999,-9999
2026/09/08 19:22:00,-9999,-9999,-9999,100,2,1005,-9999,-9999,-9999
2026/09/08 19:22:00,-9999,-9999,-9999,100,2,1035,4.82705,40.9649,-9999
2026/09/08 19:22:00,-9999,-9999,-9999,100,2,1065,4.692656,41.48234,-9999
2026/09/08 19:22:00,-9999,-9999,-9999,100,2,1095,4.562469,43.66217,-9999
2026/09/08 19:22:00,-9999,-9999,-9999,100,2,1125,4.501348,45.51739,-9999
2026/09/08 19:22:00,-9999,-9999,-9999,100,2,1155,4.628421,46.34052,-9999
2026/09/08 19:22:00,-9999,-9999,-9999,100,2,1185,4.888054,46.18682,-9999
2026/09/08 19:22:00,-9999,-9999,-9999,100,2,1215,5.227838,44.9933,-9999
2026/09/08 19:22:00,-9999,-9999,-9999,100,2,1245,5.163078,44.43868,-9999
2026/09/08 19:22:00,-9999,-9999,-9999,100,2,1275,5.2202,44.15754,-9999
2026/09/08 19:22:00,-9999,-9999,-9999,100,2,1305,5.192849,44.60043,-9999
2026/09/08 19:22:00,-9999,-9999,-9999,100,2,1335,5.17243,45.38563,-9999
2026/09/08 19:22:00,-9999,-9999,-9999,100,2,1365,5.180286,45.4261,-9999
2026/09/08 19:22:00,-9999,-9999,-9999,100,2,1395,5.121623,45.71891,-9999
2026/09/08 19:22:00,-9999,-9999,-9999,100,2,1425,5.06777,45.9383,-9999
2026/09/08 19:22:00,-9999,-9999,-9999,100,2,1455,5.049189,46.11747,-9999
2026/09/08 19:22:00,-9999,-9999,-9999,100,2,1485,5.02651,46.54865,-9999
2026/09/08 19:22:00,-9999,-9999,-9999,100,2,1515,-9999,-9999,-9999
2026/09/08 19:22:00,-9999,-9999,-9999,100,2,1545,-9999,-9999,-9999
2026/09/08 19:22:00,-9999,-9999,-9999,100,2,1575,-9999,-9999,-9999
2026/09/08 19:22:00,-9999,-9999,-9999,100,2,1605,-9999,-9999,-9999
2026/09/08 19:22:00,-9999,-9999,-9999,100,2,1635,-9999,-9999,-9999
2026/09/08 19:22:00,-9999,-9999,-9999,100,2,1665,-9999,-9999,-9999
2026/09/08 19:22:00,-9999,-9999,-9999,100,2,1695,-9999,-9999,-9999
2026/09/08 19:22:00,-9999,-9999,-9999,100,2,1725,-9999,-9999,-9999
2026/09/08 19:22:00,-9999,-9999,-9999,100,2,1755,-9999,-9999,-9999
2026/09/08 19:22:00,-9999,-9999,-9999,100,2,1785,-9999,-9999,-9999
2026/09/08 19:22:00,-9999,-9999,-9999,100,2,1815,-9999,-9999,-9999
2026/09/08 19:22:00,-9999,-9999,-9999,100,2,1845,-9999,-9999,-9999
2026/09/08 19:22:00,-9999,-9999,-9999,100,2,1875,-9999,-9999,-9999
2026/09/08 19:22:00,-9999,-9999,-9999,100,2,1905,-9999,-9999,-9999
2026/09/08 19:22:00,-9999,-9999,-9999,100,2,1935,-9999,-9999,-9999
2026/09/08 19:22:00,-9999,-9999,-9999,100,2,1965,-9999,-9999,-9999
2026/09/08 19:22:00,-9999,-9999,-9999,100,2,1995,-9999,-9999,-9999
2026/09/08 19:22:00,-9999,-9999,-9999,100,2,2025,-9999,-9999,-9999
2026/09/08 19:22:00,-9999,-9999,-9999,100,2,2055,-9999,-9999,-9999
2026/09/08 19:22:00,-9999,-9999,-9999,100,2,2085,-9999,-9999,-9999
2026/09/08 19:22:00,-9999,-9999,-9999,100,2,2115,-9999,-9999,-9999
2026/09/08 19:22:00,-9999,-9999,-9999,100,2,2145,-9999,-9999,-9999
2026/09/08 19:22:00,-9999,-9999,-9999,100,2,2175,-9999,-9999,-9999
2026/09/08 19:22:00,-9999,-9999,-9999,100,2,2205,-9999,-9999,-9999
2026/09/08 19:22:00,-9999,-9999,-9999,100,2,2235,-9999,-9999,-9999
2026/09/08 19:22:00,-9999,-9999,-9999,100,2,2265,-9999,-9999,-9999
2026/09/08 19:22:00,-9999,-9999,-9999,100,2,2295,-9999,-9999,-9999
2026/09/08 19:22:00,-9999,-9999,-9999,100,2,2325,-9999,-9999,-9999
2026/09/08 19:22:00,-9999,-9999,-9999,100,2,2355,-9999,-9999,-9999
2026/09/08 19:22:00,-9999,-9999,-9999,100,2,2385,-9999,-9999,-9999
2026/09/08 19:22:00,-9999,-9999,-9999,100,2,2415,-9999,-9999,-9999
2026/09/08 19:22:00,-9999,-9999,-9999,100,2,2445,-9999,-9999,-9999
2026/09/08 19:22:00,-9999,-9999,-9999,100,2,2475,-9999,-9999,-9999
2026/09/08 19:22:00,-9999,-9999,-9999,100,2,2505,-9999,-9999,-9999
2026/09/08 19:22:00,-9999,-9999,-9999,100,2,2535,-9999,-9999,-9999
2026/09/08 19:22:00,-9999,-9999,-9999,100,2,2565,-9999,-9999,-9999
2026/09/08 19:22:00,-9999,-9999,-9999,100,2,2595,-9999,-9999,-9999
2026/09/08 19:22:00,-9999,-9999,-9999,100,2,2625,-9999,-9999,-9999
2026/09/08 19:22:00,-9999,-9999,-9999,100,2,2655,-9999,-9999,-9999
2026/09/08 19:22:00,-9999,-9999,-9999,100,2,2685,-9999,-9999,-9999
2026/09/08 19:22:00,-9999,-9999,-9999,100,2,2715,-9999,-9999,-9999
2026/09/08 19:22:00,-9999,-9999,-9999,100,2,2745,-9999,-9999,-9999
2026/09/08 19:22:00,-9999,-9999,-9999,100,2,2775,-9999,-9999,-9999
2026/09/08 19:22:00,-9999,-9999,-9999,100,2,2805,-9999,-9999,-9999
2026/09/08 19:22:00,-9999,-9999,-9999,100,2,2835,-9999,-9999,-9999
2026/09/08 19:22:00,-9999,-9999,-9999,100,2,2865,-9999,-9999,-9999
2026/09/08 19:22:00,-9999,-9999,-9999,100,2,2895,-9999,-9999,-9999
2026/09/08 19:22:00,-9999,-9999,-9999,100,2,2925,-9999,-9999,-9999
2026/09/08 19:22:00,-9999,-9999,-9999,100,2,2955,-9999,-9999,-9999
2026/09/08 19:22:00,-9999,-9999,-9999,100,2,2985,-9999,-9999,-9999
2026/09/08 19:22:00,-9999,-9999,-9999,100,2,3015,-9999,-9999,-9999
2026/09/08 19:22:00,-9999,-9999,-9999,100,2,3045,-9999,-9999,-9999
2026/09/08 19:22:00,-9999,-9999,-9999,100,2,3075,-9999,-9999,-9999
2026/09/08 19:22:00,-9999,-9999,-9999,100,2,3105,-9999,-9999,-9999
2026/09/08 19:22:00,-9999,-9999,-9999,100,2,3135,-9999,-9999,-9999
2026/09/08 19:22:00,-9999,-9999,-9999,100,2,3165,-9999,-9999,-9999
2026/09/08 19:22:00,-9999,-9999,-9999,100,2,3195,-9999,-9999,-9999
2026/09/08 19:22:00,-9999,-9999,-9999,100,2,3225,-9999,-9999,-9999
2026/09/08 19:22:00,-9999,-9999,-9999,100,2,3255,-9999,-9999,-9999
2026/09/08 19:22:00,-9999,-9999,-9999,100,2,3285,-9999,-9999,-9999
2026/09/08 19:22:00,-9999,-9999,-9999,100,2,3315,-9999,-9999,-9999
2026/09/08 19:22:00,-9999,-9999,-9999,100,2,3345,-9999,-9999,-9999
2026/09/08 19:22:00,-9999,-9999,-9999,100,2,3375,-9999,-9999,-9999
2026/09/08 19:22:00,-9999,-9999,-9999,100,2,3405,-9999,-9999,-9999
2026/09/08 19:22:00,-9999,-9999,-9999,100,2,3435,-9999,-9999,-9999
2026/09/08 19:22:00,-9999,-9999,-9999,100,2,3465,-9999,-9999,-9999
2026/09/08 19:22:00,-9999,-9999,-9999,100,2,3495,-9999,-9999,-9999
2026/09/08 19:22:00,-9999,-9999,-9999,100,2,3525,-9999,-9999,-9999
2026/09/08 19:22:00,-9999,-9999,-9999,100,2,3555,-9999,-9999,-9999
2026/09/08 19:22:00,-9999,-9999,-9999,100,2,3585,-9999,-9999,-9999
2026/09/08 19:22:00,-9999,-9999,-9999,100,2,3615,-9999,-9999,-9999
2026/09/08 19:22:00,-9999,-9999,-9999,100,2,3645,-9999,-9999,-9999
2026/09/08 19:22:00,-9999,-9999,-9999,100,2,3675,-9999,-9999,-9999
2026/09/08 19:22:00,-9999,-9999,-9999,100,2,3705,-9999,-9999,-9999
2026/09/08 19:22:00,-9999,-9999,-9999,100,2,3735,-9999,-9999,-9999
2026/09/08 19:22:00,-9999,-9999,-9999,100,2,3765,-9999,-9999,-9999
2026/09/08 19:22:00,-9999,-9999,-9999,100,2,3795,-9999,-9999,-9999
2026/09/08 19:22:00,-9999,-9999,-9999,100,2,3825,-9999,-9999,-9999
2026/09/08 19:22:00,-9999,-9999,-9999,100,2,3855,-9999,-9999,-9999
2026/09/08 19:22:00,-9999,-9999,-9999,100,2,3885,-9999,-9999,-9999
2026/09/08 19:22:00,-9999,-9999,-9999,100,2,3915,-9999,-9999,-9999
2026/09/08 19:22:00,-9999,-9999,-9999,100,2,3945,-9999,-9999,-9999
2026/09/08 19:22:00,-9999,-9999,-9999,100,2,3975,-9999,-9999,-9999
2026/09/08 19:22:00,-9999,-9999,-9999,100,2,4005,-9999,-9999,-9999
2026/09/08 19:22:00,-9999,-9999,-9999,100,2,4035,-9999,-9999,-9999
2026/09/08 19:22:00,-9999,-9999,-9999,100,2,4065,-9999,-9999,-9999
2026/09/08 19:22:00,-9999,-9999,-9999,100,2,4095,-9999,-9999,-9999
2026/09/08 19:22:00,-9999,-9999,-9999,100,2,4125,-9999,-9999,-9999
2026/09/08 19:22:00,-9999,-9999,-9999,100,2,4155,-9999,-9999,-9999
2026/09/08 19:22:00,-9999,-9999,-9999,100,2,4185,-9999,-9999,-9999
2026/09/08 19:22:00,-9999,-9999,-9999,100,2,4215,-9999,-9999,-9999
2026/09/08 19:22:00,-9999,-9999,-9999,100,2,4245,-9999,-9999,-9999
2026/09/08 19:22:00,-9999,-9999,-9999,100,2,4275,-9999,-9999,-9999
2026/09/08 19:22:00,-9999,-9999,-9999,100,2,4305,-9999,-9999,-9999
2026/09/08 19:22:00,-9999,-9999,-9999,100,2,4335,-9999,-9999,-9999
2026/09/08 19:22:00,-9999,-9999,-9999,100,2,4365,-9999,-9999,-9999
2026/09/08 19:22:00,-9999,-9999,-9999,100,2,4395,-9999,-9999,-9999
2026/09/08 19:22:00,-9999,-9999,-9999,100,2,4425,-9999,-9999,-9999
2026/09/08 19:22:00,-9999,-9999,-9999,100,2,4455,-9999,-9999,-9999
2026/09/08 19:22:00,-9999,-9999,-9999,100,2,4485,-9999,-9999,-9999
2026/09/08 19:22:00,-9999,-9999,-9999,100,2,4515,-9999,-9999,-9999
2026/09/08 19:22:00,-9999,-9999,-9999,100,2,4545,-9999,-9999,-9999
2026/09/08 19:22:00,-9999,-9999,-9999,100,2,4575,-9999,-9999,-9999
2026/09/08 19:22:00,-9999,-9999,-9999,100,2,4605,-9999,-9999,-9999
2026/09/08 19:22:00,-9999,-9999,-9999,100,2,4635,-9999,-9999,-9999
2026/09/08 19:22:00,-9999,-9999,-9999,100,2,4665,-9999,-9999,-9999
2026/09/08 19:22:00,-9999,-9999,-9999,100,2,4695,-9999,-9999,-9999
2026/09/08 19:22:00,-9999,-9999,-9999,100,2,4725,-9999,-9999,-9999
2026/09/08 19:22:00,-9999,-9999,-9999,100,2,4755,-9999,-9999,-9999
2026/09/08 19:22:00,-9999,-9999,-9999,100,2,4785,-9999,-9999,-9999
2026/09/08 19:22:00,-9999,-9999,-9999,100,2,4815,-9999,-9999,-9999
2026/09/08 19:22:00,-9999,-9999,-9999,100,2,4845,-9999,-9999,-9999
2026/09/08 19:22:00,-9999,-9999,-9999,100,2,4875,-9999,-9999,-9999
2026/09/08 19:22:00,-9999,-9999,-9999,100,2,4905,-9999,-9999,-9999
2026/09/08 19:22:00,-9999,-9999,-9999,100,2,4935,-9999,-9999,-9999
2026/09/08 19:22:00,-9999,-9999,-9999,100,2,4965,-9999,-9999,-9999
2026/09/08 19:22:00,-9999,-9999,-9999,100,2,4995,-9999,-9999,-9999
2026/09/08 19:22:00,-9999,-9999,-9999,100,2,5025,-9999,-9999,-9999
2026/09/08 19:22:00,-9999,-9999,-9999,100,2,5055,-9999,-9999,-9999
2026/09/08 19:22:00,-9999,-9999,-9999,100,2,5085,-9999,-9999,-9999
2026/09/08 19:22:00,-9999,-9999,-9999,100,2,5115,-9999,-9999,-9999
2026/09/08 19:22:00,-9999,-9999,-9999,100,2,5145,-9999,-9999,-9999
2026/09/08 19:22:00,-9999,-9999,-9999,100,2,5175,-9999,-9999,-9999
2026/09/08 19:22:00,-9999,-9999,-9999,100,2,5205,-9999,-9999,-9999
2026/09/08 19:22:00,-9999,-9999,-9999,100,2,5235,-9999,-9999,-9999
2026/09/08 19:22:00,-9999,-9999,-9999,100,2,5265,-9999,-9999,-9999
2026/09/08 19:22:00,-9999,-9999,-9999,100,2,5295,-9999,-9999,-9999
2026/09/08 19:22:00,-9999,-9999,-9999,100,2,5325,-9999,-9999,-9999
2026/09/08 19:22:00,-9999,-9999,-9999,100,2,5355,-9999,-9999,-9999
2026/09/08 19:22:00,-9999,-9999,-9999,100,2,5385,-9999,-9999,-9999
2026/09/08 19:22:00,-9999,-9999,-9999,100,2,5415,-9999,-9999,-9999
2026/09/08 19:22:00,-9999,-9999,-9999,100,2,5445,-9999,-9999,-9999
2026/09/08 19:22:00,-9999,-9999,-9999,100,2,5475,-9999,-9999,-9999
2026/09/08 19:22:00,-9999,-9999,-9999,100,2,5505,-9999,-9999,-9999
2026/09/08 19:22:00,-9999,-9999,-9999,100,2,5535,-9999,-9999,-9999
2026/09/08 19:22:00,-9999,-9999,-9999,100,2,5565,-9999,-9999,-9999
2026/09/08 19:22:00,-9999,-9999,-9999,100,2,5595,-9999,-9999,-9999
2026/09/08 19:22:00,-9999,-9999,-9999,100,2,5625,-9999,-9999,-9999
2026/09/08 19:22:00,-9999,-9999,-9999,100,2,5655,-9999,-9999,-9999
2026/09/08 19:22:00,-9999,-9999,-9999,100,2,5685,-9999,-9999,-9999
2026/09/08 19:22:00,-9999,-9999,-9999,100,2,5715,-9999,-9999,-9999
2026/09/08 19:22:00,-9999,-9999,-9999,100,2,5745,-9999,-9999,-9999
2026/09/08 19:22:00,-9999,-9999,-9999,100,2,5775,-9999,-9999,-9999
2026/09/08 19:22:00,-9999,-9999,-9999,100,2,5805,-9999,-9999,-9999
2026/09/08 19:22:00,-9999,-9999,-9999,100,2,5835,-9999,-9999,-9999
2026/09/08 19:22:00,-9999,-9999,-9999,100,2,5865,-9999,-9999,-9999
2026/09/08 19:22:00,-9999,-9999,-9999,100,2,5895,-9999,-9999,-9999
2026/09/08 19:22:00,-9999,-9999,-9999,100,2,5925,-9999,-9999,-9999
2026/09/08 19:22:00,-9999,-9999,-9999,100,2,5955,-9999,-9999,-9999
2026/09/08 19:22:00,-9999,-9999,-9999,100,2,5985,-9999,-9999,-9999
2026/09/08 19:22:00,-9999,-9999,-9999,110,2,15,-9999,-9999,-9999
2026/09/08 19:22:00,-9999,-9999,-9999,110,2,45,1.642727,59.02748,-9999
2026/09/08 19:22:00,-9999,-9999,-9999,110,2,75,1.765362,63.52276,-9999
2026/09/08 19:22:00,-9999,-9999,-9999,110,2,105,1.827917,65.42258,-9999
2026/09/08 19:22:00,-9999,-9999,-9999,110,2,135,1.870095,67.55363,-9999
2026/09/08 19:22:00,-9999,-9999,-9999,110,2,165,1.981514,68.00764,-9999
2026/09/08 19:22:00,-9999,-9999,-9999,110,2,195,2.10988,65.47779,-9999
2026/09/08 19:22:00,-9999,-9999,-9999,110,2,225,2.239945,62.80613,-9999
2026/09/08 19:22:00,-9999,-9999,-9999,110,2,255,2.410828,58.85794,-9999
2026/09/08 19:22:00,-9999,-9999,-9999,110,2,285,2.582311,55.34753,-9999
2026/09/08 19:22:00,-9999,-9999,-9999,110,2,315,2.75141,51.86209,-9999
2026/09/08 19:22:00,-9999,-9999,-9999,110,2,345,3.077644,47.47425,-9999
2026/09/08 19:22:00,-9999,-9999,-9999,110,2,375,3.321664,43.80894,-9999
2026/09/08 19:22:00,-9999,-9999,-9999,110,2,405,3.523558,41.40199,-9999
2026/09/08 19:22:00,-9999,-9999,-9999,110,2,435,3.715428,40.35293,-9999
2026/09/08 19:22:00,-9999,-9999,-9999,110,2,465,3.795234,40.17583,-9999
2026/09/08 19:22:00,-9999,-9999,-9999,110,2,495,3.962862,41.52632,-9999
2026/09/08 19:22:00,-9999,-9999,-9999,110,2,525,4.145406,42.53679,-9999
2026/09/08 19:22:00,-9999,-9999,-9999,110,2,555,4.299225,43.63638,-9999
2026/09/08 19:22:00,-9999,-9999,-9999,110,2,585,4.370881,44.87167,-9999
2026/09/08 19:22:00,-9999,-9999,-9999,110,2,615,4.325301,45.39067,-9999
2026/09/08 19:22:00,-9999,-9999,-9999,110,2,645,4.29314,45.23743,-9999
2026/09/08 19:22:00,-9999,-9999,-9999,110,2,675,4.22296,45.15324,-9999
2026/09/08 19:22:00,-9999,-9999,-9999,110,2,705,4.114403,44.99638,-9999
2026/09/08 19:22:00,-9999,-9999,-9999,110,2,735,4.083037,43.92968,-9999
2026/09/08 19:22:00,-9999,-9999,-9999,110,2,765,4.065233,43.71342,-9999
2026/09/08 19:22:00,-9999,-9999,-9999,110,2,795,4.111228,43.7945,-9999
2026/09/08 19:22:00,-9999,-9999,-9999,110,2,825,4.274083,43.61409,-9999
2026/09/08 19:22:00,-9999,-9999,-9999,110,2,855,4.359485,43.75983,-9999
2026/09/08 19:22:00,-9999,-9999,-9999,110,2,885,4.551496,44.58887,-9999
2026/09/08 19:22:00,-9999,-9999,-9999,110,2,915,4.634909,43.58437,-9999
2026/09/08 19:22:00,-9999,-9999,-9999,110,2,945,4.820374,43.24194,-9999
2026/09/08 19:22:00,-9999,-9999,-9999,110,2,975,5.272361,41.43117,-9999
2026/09/08 19:22:00,-9999,-9999,-9999,110,2,1005,5.401533,40.40993,-9999
2026/09/08 19:22:00,-9999,-9999,-9999,110,2,1035,5.282294,42.16416,-9999
2026/09/08 19:22:00,-9999,-9999,-9999,110,2,1065,5.175564,42.03618,-9999
2026/09/08 19:22:00,-9999,-9999,-9999,110,2,1095,5.02279,43.23138,-9999
2026/09/08 19:22:00,-9999,-9999,-9999,110,2,1125,4.913337,44.39865,-9999
2026/09/08 19:22:00,-9999,-9999,-9999,110,2,1155,4.99797,45.18609,-9999
2026/09/08 19:22:00,-9999,-9999,-9999,110,2,1185,5.215357,45.68424,-9999
2026/09/08 19:22:00,-9999,-9999,-9999,110,2,1215,5.488256,45.32589,-9999
2026/09/08 19:22:00,-9999,-9999,-9999,110,2,1245,5.506931,44.62816,-9999
2026/09/08 19:22:00,-9999,-9999,-9999,110,2,1275,5.619993,43.91489,-9999
2026/09/08 19:22:00,-9999,-9999,-9999,110,2,1305,5.60358,43.69606,-9999
2026/09/08 19:22:00,-9999,-9999,-9999,110,2,1335,5.585346,44.1792,-9999
2026/09/08 19:22:00,-9999,-9999,-9999,110,2,1365,5.606667,44.23538,-9999
2026/09/08 19:22:00,-9999,-9999,-9999,110,2,1395,5.525659,44.77332,-9999
2026/09/08 19:22:00,-9999,-9999,-9999,110,2,1425,5.481522,45.105,-9999
2026/09/08 19:22:00,-9999,-9999,-9999,110,2,1455,5.484418,44.95055,-9999
2026/09/08 19:22:00,-9999,-9999,-9999,110,2,1485,5.440182,45.37947,-9999
2026/09/08 19:22:00,-9999,-9999,-9999,110,2,1515,5.26399,44.68952,-9999
2026/09/08 19:22:00,-9999,-9999,-9999,110,2,1545,5.278938,44.89804,-9999
2026/09/08 19:22:00,-9999,-9999,-9999,110,2,1575,5.26725,45.5708,-9999
2026/09/08 19:22:00,-9999,-9999,-9999,110,2,1605,5.654527,46.04104,-9999
2026/09/08 19:22:00,-9999,-9999,-9999,110,2,1635,5.368783,45.76249,-9999
2026/09/08 19:22:00,-9999,-9999,-9999,110,2,1665,-9999,-9999,-9999
2026/09/08 19:22:00,-9999,-9999,-9999,110,2,1695,-9999,-9999,-9999
2026/09/08 19:22:00,-9999,-9999,-9999,110,2,1725,-9999,-9999,-9999
2026/09/08 19:22:00,-9999,-9999,-9999,110,2,1755,-9999,-9999,-9999
2026/09/08 19:22:00,-9999,-9999,-9999,110,2,1785,-9999,-9999,-9999
2026/09/08 19:22:00,-9999,-9999,-9999,110,2,1815,-9999,-9999,-9999
2026/09/08 19:22:00,-9999,-9999,-9999,110,2,1845,-9999,-9999,-9999
2026/09/08 19:22:00,-9999,-9999,-9999,110,2,1875,-9999,-9999,-9999
2026/09/08 19:22:00,-9999,-9999,-9999,110,2,1905,-9999,-9999,-9999
2026/09/08 19:22:00,-9999,-9999,-9999,110,2,1935,-9999,-9999,-9999
2026/09/08 19:22:00,-9999,-9999,-9999,110,2,1965,-9999,-9999,-9999
2026/09/08 19:22:00,-9999,-9999,-9999,110,2,1995,-9999,-9999,-9999
2026/09/08 19:22:00,-9999,-9999,-9999,110,2,2025,-9999,-9999,-9999
2026/09/08 19:22:00,-9999,-9999,-9999,110,2,2055,-9999,-9999,-9999
2026/09/08 19:22:00,-9999,-9999,-9999,110,2,2085,-9999,-9999,-9999
2026/09/08 19:22:00,-9999,-9999,-9999,110,2,2115,-9999,-9999,-9999
2026/09/08 19:22:00,-9999,-9999,-9999,110,2,2145,-9999,-9999,-9999
2026/09/08 19:22:00,-9999,-9999,-9999,110,2,2175,-9999,-9999,-9999
2026/09/08 19:22:00,-9999,-9999,-9999,110,2,2205,-9999,-9999,-9999
2026/09/08 19:22:00,-9999,-9999,-9999,110,2,2235,-9999,-9999,-9999
2026/09/08 19:22:00,-9999,-9999,-9999,110,2,2265,-9999,-9999,-9999
2026/09/08 19:22:00,-9999,-9999,-9999,110,2,2295,-9999,-9999,-9999
2026/09/08 19:22:00,-9999,-9999,-9999,110,2,2325,-9999,-9999,-9999
2026/09/08 19:22:00,-9999,-9999,-9999,110,2,2355,-9999,-9999,-9999
2026/09/08 19:22:00,-9999,-9999,-9999,110,2,2385,-9999,-9999,-9999
2026/09/08 19:22:00,-9999,-9999,-9999,110,2,2415,-9999,-9999,-9999
2026/09/08 19:22:00,-9999,-9999,-9999,110,2,2445,-9999,-9999,-9999
2026/09/08 19:22:00,-9999,-9999,-9999,110,2,2475,-9999,-9999,-9999
2026/09/08 19:22:00,-9999,-9999,-9999,110,2,2505,-9999,-9999,-9999
2026/09/08 19:22:00,-9999,-9999,-9999,110,2,2535,-9999,-9999,-9999
2026/09/08 19:22:00,-9999,-9999,-9999,110,2,2565,-9999,-9999,-9999
2026/09/08 19:22:00,-9999,-9999,-9999,110,2,2595,-9999,-9999,-9999
2026/09/08 19:22:00,-9999,-9999,-9999,110,2,2625,-9999,-9999,-9999
2026/09/08 19:22:00,-9999,-9999,-9999,110,2,2655,-9999,-9999,-9999
2026/09/08 19:22:00,-9999,-9999,-9999,110,2,2685,-9999,-9999,-9999
2026/09/08 19:22:00,-9999,-9999,-9999,110,2,2715,-9999,-9999,-9999
2026/09/08 19:22:00,-9999,-9999,-9999,110,2,2745,-9999,-9999,-9999
2026/09/08 19:22:00,-9999,-9999,-9999,110,2,2775,-9999,-9999,-9999
2026/09/08 19:22:00,-9999,-9999,-9999,110,2,2805,-9999,-9999,-9999
2026/09/08 19:22:00,-9999,-9999,-9999,110,2,2835,-9999,-9999,-9999
2026/09/08 19:22:00,-9999,-9999,-9999,110,2,2865,-9999,-9999,-9999
2026/09/08 19:22:00,-9999,-9999,-9999,110,2,2895,-9999,-9999,-9999
2026/09/08 19:22:00,-9999,-9999,-9999,110,2,2925,-9999,-9999,-9999
2026/09/08 19:22:00,-9999,-9999,-9999,110,2,2955,-9999,-9999,-9999
2026/09/08 19:22:00,-9999,-9999,-9999,110,2,2985,-9999,-9999,-9999
2026/09/08 19:22:00,-9999,-9999,-9999,110,2,3015,-9999,-9999,-9999
2026/09/08 19:22:00,-9999,-9999,-9999,110,2,3045,-9999,-9999,-9999
2026/09/08 19:22:00,-9999,-9999,-9999,110,2,3075,-9999,-9999,-9999
2026/09/08 19:22:00,-9999,-9999,-9999,110,2,3105,-9999,-9999,-9999
2026/09/08 19:22:00,-9999,-9999,-9999,110,2,3135,-9999,-9999,-9999
2026/09/08 19:22:00,-9999,-9999,-9999,110,2,3165,-9999,-9999,-9999
2026/09/08 19:22:00,-9999,-9999,-9999,110,2,3195,-9999,-9999,-9999
2026/09/08 19:22:00,-9999,-9999,-9999,110,2,3225,-9999,-9999,-9999
2026/09/08 19:22:00,-9999,-9999,-9999,110,2,3255,-9999,-9999,-9999
2026/09/08 19:22:00,-9999,-9999,-9999,110,2,3285,-9999,-9999,-9999
2026/09/08 19:22:00,-9999,-9999,-9999,110,2,3315,-9999,-9999,-9999
2026/09/08 19:22:00,-9999,-9999,-9999,110,2,3345,-9999,-9999,-9999
2026/09/08 19:22:00,-9999,-9999,-9999,110,2,3375,-9999,-9999,-9999
2026/09/08 19:22:00,-9999,-9999,-9999,110,2,3405,-9999,-9999,-9999
2026/09/08 19:22:00,-9999,-9999,-9999,110,2,3435,-9999,-9999,-9999
2026/09/08 19:22:00,-9999,-9999,-9999,110,2,3465,-9999,-9999,-9999
2026/09/08 19:22:00,-9999,-9999,-9999,110,2,3495,-9999,-9999,-9999
2026/09/08 19:22:00,-9999,-9999,-9999,110,2,3525,-9999,-9999,-9999
2026/09/08 19:22:00,-9999,-9999,-9999,110,2,3555,-9999,-9999,-9999
2026/09/08 19:22:00,-9999,-9999,-9999,110,2,3585,-9999,-9999,-9999
2026/09/08 19:22:00,-9999,-9999,-9999,110,2,3615,-9999,-9999,-9999
2026/09/08 19:22:00,-9999,-9999,-9999,110,2,3645,-9999,-9999,-9999
2026/09/08 19:22:00,-9999,-9999,-9999,110,2,3675,-9999,-9999,-9999
2026/09/08 19:22:00,-9999,-9999,-9999,110,2,3705,-9999,-9999,-9999
2026/09/08 19:22:00,-9999,-9999,-9999,110,2,3735,-9999,-9999,-9999
2026/09/08 19:22:00,-9999,-9999,-9999,110,2,3765,-9999,-9999,-9999
2026/09/08 19:22:00,-9999,-9999,-9999,110,2,3795,-9999,-9999,-9999
2026/09/08 19:22:00,-9999,-9999,-9999,110,2,3825,-9999,-9999,-9999
2026/09/08 19:22:00,-9999,-9999,-9999,110,2,3855,-9999,-9999,-9999
2026/09/08 19:22:00,-9999,-9999,-9999,110,2,3885,-9999,-9999,-9999
2026/09/08 19:22:00,-9999,-9999,-9999,110,2,3915,-9999,-9999,-9999
2026/09/08 19:22:00,-9999,-9999,-9999,110,2,3945,-9999,-9999,-9999
2026/09/08 19:22:00,-9999,-9999,-9999,110,2,3975,-9999,-9999,-9999
2026/09/08 19:22:00,-9999,-9999,-9999,110,2,4005,-9999,-9999,-9999
2026/09/08 19:22:00,-9999,-9999,-9999,110,2,4035,-9999,-9999,-9999
2026/09/08 19:22:00,-9999,-9999,-9999,110,2,4065,-9999,-9999,-9999
2026/09/08 19:22:00,-9999,-9999,-9999,110,2,4095,-9999,-9999,-9999
2026/09/08 19:22:00,-9999,-9999,-9999,110,2,4125,-9999,-9999,-9999
2026/09/08 19:22:00,-9999,-9999,-9999,110,2,4155,-9999,-9999,-9999
2026/09/08 19:22:00,-9999,-9999,-9999,110,2,4185,-9999,-9999,-9999
2026/09/08 19:22:00,-9999,-9999,-9999,110,2,4215,-9999,-9999,-9999
2026/09/08 19:22:00,-9999,-9999,-9999,110,2,4245,-9999,-9999,-9999
2026/09/08 19:22:00,-9999,-9999,-9999,110,2,4275,-9999,-9999,-9999
2026/09/08 19:22:00,-9999,-9999,-9999,110,2,4305,-9999,-9999,-9999
2026/09/08 19:22:00,-9999,-9999,-9999,110,2,4335,-9999,-9999,-9999
2026/09/08 19:22:00,-9999,-9999,-9999,110,2,4365,-9999,-9999,-9999
2026/09/08 19:22:00,-9999,-9999,-9999,110,2,4395,-9999,-9999,-9999
2026/09/08 19:22:00,-9999,-9999,-9999,110,2,4425,-9999,-9999,-9999
2026/09/08 19:22:00,-9999,-9999,-9999,110,2,4455,-9999,-9999,-9999
2026/09/08 19:22:00,-9999,-9999,-9999,110,2,4485,-9999,-9999,-9999
2026/09/08 19:22:00,-9999,-9999,-9999,110,2,4515,-9999,-9999,-9999
2026/09/08 19:22:00,-9999,-9999,-9999,110,2,4545,-9999,-9999,-9999
2026/09/08 19:22:00,-9999,-9999,-9999,110,2,4575,-9999,-9999,-9999
2026/09/08 19:22:00,-9999,-9999,-9999,110,2,4605,-9999,-9999,-9999
2026/09/08 19:22:00,-9999,-9999,-9999,110,2,4635,-9999,-9999,-9999
2026/09/08 19:22:00,-9999,-9999,-9999,110,2,4665,-9999,-9999,-9999
2026/09/08 19:22:00,-9999,-9999,-9999,110,2,4695,-9999,-9999,-9999
2026/09/08 19:22:00,-9999,-9999,-9999,110,2,4725,-9999,-9999,-9999
2026/09/08 19:22:00,-9999,-9999,-9999,110,2,4755,-9999,-9999,-9999
2026/09/08 19:22:00,-9999,-9999,-9999,110,2,4785,-9999,-9999,-9999
2026/09/08 19:22:00,-9999,-9999,-9999,110,2,4815,-9999,-9999,-9999
2026/09/08 19:22:00,-9999,-9999,-9999,110,2,4845,-9999,-9999,-9999
2026/09/08 19:22:00,-9999,-9999,-9999,110,2,4875,-9999,-9999,-9999
2026/09/08 19:22:00,-9999,-9999,-9999,110,2,4905,-9999,-9999,-9999
2026/09/08 19:22:00,-9999,-9999,-9999,110,2,4935,-9999,-9999,-9999
2026/09/08 19:22:00,-9999,-9999,-9999,110,2,4965,-9999,-9999,-9999
2026/09/08 19:22:00,-9999,-9999,-9999,110,2,4995,-9999,-9999,-9999
2026/09/08 19:22:00,-9999,-9999,-9999,110,2,5025,-9999,-9999,-9999
2026/09/08 19:22:00,-9999,-9999,-9999,110,2,5055,-9999,-9999,-9999
2026/09/08 19:22:00,-9999,-9999,-9999,110,2,5085,-9999,-9999,-9999
2026/09/08 19:22:00,-9999,-9999,-9999,110,2,5115,-9999,-9999,-9999
2026/09/08 19:22:00,-9999,-9999,-9999,110,2,5145,-9999,-9999,-9999
2026/09/08 19:22:00,-9999,-9999,-9999,110,2,5175,-9999,-9999,-9999
2026/09/08 19:22:00,-9999,-9999,-9999,110,2,5205,-9999,-9999,-9999
2026/09/08 19:22:00,-9999,-9999,-9999,110,2,5235,-9999,-9999,-9999
2026/09/08 19:22:00,-9999,-9999,-9999,110,2,5265,-9999,-9999,-9999
2026/09/08 19:22:00,-9999,-9999,-9999,110,2,5295,-9999,-9999,-9999
2026/09/08 19:22:00,-9999,-9999,-9999,110,2,5325,-9999,-9999,-9999
2026/09/08 19:22:00,-9999,-9999,-9999,110,2,5355,-9999,-9999,-9999
2026/09/08 19:22:00,-9999,-9999,-9999,110,2,5385,-9999,-9999,-9999
2026/09/08 19:22:00,-9999,-9999,-9999,110,2,5415,-9999,-9999,-9999
2026/09/08 19:22:00,-9999,-9999,-9999,110,2,5445,-9999,-9999,-9999
2026/09/08 19:22:00,-9999,-9999,-9999,110,2,5475,-9999,-9999,-9999
2026/09/08 19:22:00,-9999,-9999,-9999,110,2,5505,-9999,-9999,-9999
2026/09/08 19:22:00,-9999,-9999,-9999,110,2,5535,-9999,-9999,-9999
2026/09/08 19:22:00,-9999,-9999,-9999,110,2,5565,-9999,-9999,-9999
2026/09/08 19:22:00,-9999,-9999,-9999,110,2,5595,-9999,-9999,-9999
2026/09/08 19:22:00,-9999,-9999,-9999,110,2,5625,-9999,-9999,-9999
2026/09/08 19:22:00,-9999,-9999,-9999,110,2,5655,-9999,-9999,-9999
2026/09/08 19:22:00,-9999,-9999,-9999,110,2,5685,-9999,-9999,-9999
2026/09/08 19:22:00,-9999,-9999,-9999,110,2,5715,-9999,-9999,-9999
2026/09/08 19:22:00,-9999,-9999,-9999,110,2,5745,-9999,-9999,-9999
2026/09/08 19:22:00,-9999,-9999,-9999,110,2,5775,-9999,-9999,-9999
2026/09/08 19:22:00,-9999,-9999,-9999,110,2,5805,-9999,-9999,-9999
2026/09/08 19:22:00,-9999,-9999,-9999,110,2,5835,-9999,-9999,-9999
2026/09/08 19:22:00,-9999,-9999,-9999,110,2,5865,-9999,-9999,-9999
2026/09/08 19:22:00,-9999,-9999,-9999,110,2,5895,-9999,-9999,-9999
2026/09/08 19:22:00,-9999,-9999,-9999,110,2,5925,-9999,-9999,-9999
2026/09/08 19:22:00,-9999,-9999,-9999,110,2,5955,-9999,-9999,-9999
2026/09/08 19:22:00,-9999,-9999,-9999,110,2,5985,-9999,-9999,-9999
2026/09/08 19:22:00,-9999,-9999,-9999,120,2,15,-9999,-9999,-9999
2026/09/08 19:22:00,-9999,-9999,-9999,120,2,45,1.725897,56.0262,-9999
2026/09/08 19:22:00,-9999,-9999,-9999,120,2,75,1.898738,57.62933,-9999
2026/09/08 19:22:00,-9999,-9999,-9999,120,2,105,2.009055,57.88401,-9999
2026/09/08 19:22:00,-9999,-9999,-9999,120,2,135,2.081626,58.17058,-9999
2026/09/08 19:22:00,-9999,-9999,-9999,120,2,165,2.200411,57.61305,-9999
2026/09/08 19:22:00,-9999,-9999,-9999,120,2,195,2.342902,56.28773,-9999
2026/09/08 19:22:00,-9999,-9999,-9999,120,2,225,2.532323,54.9355,-9999
2026/09/08 19:22:00,-9999,-9999,-9999,120,2,255,2.776136,53.54602,-9999
2026/09/08 19:22:00,-9999,-9999,-9999,120,2,285,3.05133,52.33907,-9999
2026/09/08 19:22:00,-9999,-9999,-9999,120,2,315,3.31177,50.57113,-9999
2026/09/08 19:22:00,-9999,-9999,-9999,120,2,345,3.638768,47.81118,-9999
2026/09/08 19:22:00,-9999,-9999,-9999,120,2,375,3.835683,45.11906,-9999
2026/09/08 19:22:00,-9999,-9999,-9999,120,2,405,4.000698,43.26585,-9999
2026/09/08 19:22:00,-9999,-9999,-9999,120,2,435,4.158155,42.35582,-9999
2026/09/08 19:22:00,-9999,-9999,-9999,120,2,465,4.198964,42.36845,-9999
2026/09/08 19:22:00,-9999,-9999,-9999,120,2,495,4.287683,43.25357,-9999
2026/09/08 19:22:00,-9999,-9999,-9999,120,2,525,4.404685,43.69908,-9999
2026/09/08 19:22:00,-9999,-9999,-9999,120,2,555,4.449926,44.40839,-9999
2026/09/08 19:22:00,-9999,-9999,-9999,120,2,585,4.420276,45.38595,-9999
2026/09/08 19:22:00,-9999,-9999,-9999,120,2,615,4.356431,45.68431,-9999
2026/09/08 19:22:00,-9999,-9999,-9999,120,2,645,4.235189,45.75045,-9999
2026/09/08 19:22:00,-9999,-9999,-9999,120,2,675,4.145268,45.97867,-9999
2026/09/08 19:22:00,-9999,-9999,-9999,120,2,705,4.056081,45.92182,-9999
2026/09/08 19:22:00,-9999,-9999,-9999,120,2,735,4.025949,45.46468,-9999
2026/09/08 19:22:00,-9999,-9999,-9999,120,2,765,4.015328,45.67144,-9999
2026/09/08 19:22:00,-9999,-9999,-9999,120,2,795,4.044991,45.80515,-9999
2026/09/08 19:22:00,-9999,-9999,-9999,120,2,825,4.199328,46.2098,-9999
2026/09/08 19:22:00,-9999,-9999,-9999,120,2,855,4.26151,46.69904,-9999
2026/09/08 19:22:00,-9999,-9999,-9999,120,2,885,4.502859,47.56845,-9999
2026/09/08 19:22:00,-9999,-9999,-9999,120,2,915,4.612966,47.33002,-9999
2026/09/08 19:22:00,-9999,-9999,-9999,120,2,945,4.711176,46.82666,-9999
2026/09/08 19:22:00,-9999,-9999,-9999,120,2,975,5.228591,45.22356,-9999
2026/09/08 19:22:00,-9999,-9999,-9999,120,2,1005,5.405588,43.8328,-9999
2026/09/08 19:22:00,-9999,-9999,-9999,120,2,1035,5.436403,44.23183,-9999
2026/09/08 19:22:00,-9999,-9999,-9999,120,2,1065,5.552087,43.16792,-9999
2026/09/08 19:22:00,-9999,-9999,-9999,120,2,1095,5.571347,43.10001,-9999
2026/09/08 19:22:00,-9999,-9999,-9999,120,2,1125,5.527807,43.05981,-9999
2026/09/08 19:22:00,-9999,-9999,-9999,120,2,1155,5.621584,43.50415,-9999
2026/09/08 19:22:00,-9999,-9999,-9999,120,2,1185,5.736357,43.91653,-9999
2026/09/08 19:22:00,-9999,-9999,-9999,120,2,1215,5.807157,43.60414,-9999
2026/09/08 19:22:00,-9999,-9999,-9999,120,2,1245,5.85815,43.41246,-9999
2026/09/08 19:22:00,-9999,-9999,-9999,120,2,1275,5.887246,43.16236,-9999
2026/09/08 19:22:00,-9999,-9999,-9999,120,2,1305,5.83413,42.88092,-9999
2026/09/08 19:22:00,-9999,-9999,-9999,120,2,1335,5.838574,43.19075,-9999
2026/09/08 19:22:00,-9999,-9999,-9999,120,2,1365,5.862282,43.37749,-9999
2026/09/08 19:22:00,-9999,-9999,-9999,120,2,1395,5.842214,43.43443,-9999
2026/09/08 19:22:00,-9999,-9999,-9999,120,2,1425,5.837534,43.64582,-9999
2026/09/08 19:22:00,-9999,-9999,-9999,120,2,1455,5.828158,43.63348,-9999
2026/09/08 19:22:00,-9999,-9999,-9999,120,2,1485,5.817103,43.67748,-9999
2026/09/08 19:22:00,-9999,-9999,-9999,120,2,1515,5.61046,42.93645,-9999
2026/09/08 19:22:00,-9999,-9999,-9999,120,2,1545,5.608915,43.34916,-9999
2026/09/08 19:22:00,-9999,-9999,-9999,120,2,1575,5.578372,43.9838,-9999
2026/09/08 19:22:00,-9999,-9999,-9999,120,2,1605,5.618475,44.56532,-9999
2026/09/08 19:22:00,-9999,-9999,-9999,120,2,1635,5.618062,44.84893,-9999
2026/09/08 19:22:00,-9999,-9999,-9999,120,2,1665,-9999,-9999,-9999
2026/09/08 19:22:00,-9999,-9999,-9999,120,2,1695,-9999,-9999,-9999
2026/09/08 19:22:00,-9999,-9999,-9999,120,2,1725,-9999,-9999,-9999
2026/09/08 19:22:00,-9999,-9999,-9999,120,2,1755,-9999,-9999,-9999
2026/09/08 19:22:00,-9999,-9999,-9999,120,2,1785,-9999,-9999,-9999
2026/09/08 19:22:00,-9999,-9999,-9999,120,2,1815,-9999,-9999,-9999
2026/09/08 19:22:00,-9999,-9999,-9999,120,2,1845,-9999,-9999,-9999
2026/09/08 19:22:00,-9999,-9999,-9999,120,2,1875,-9999,-9999,-9999
2026/09/08 19:22:00,-9999,-9999,-9999,120,2,1905,-9999,-9999,-9999
2026/09/08 19:22:00,-9999,-9999,-9999,120,2,1935,-9999,-9999,-9999
2026/09/08 19:22:00,-9999,-9999,-9999,120,2,1965,-9999,-9999,-9999
2026/09/08 19:22:00,-9999,-9999,-9999,120,2,1995,-9999,-9999,-9999
2026/09/08 19:22:00,-9999,-9999,-9999,120,2,2025,-9999,-9999,-9999
2026/09/08 19:22:00,-9999,-9999,-9999,120,2,2055,-9999,-9999,-9999
2026/09/08 19:22:00,-9999,-9999,-9999,120,2,2085,-9999,-9999,-9999
2026/09/08 19:22:00,-9999,-9999,-9999,120,2,2115,-9999,-9999,-9999
2026/09/08 19:22:00,-9999,-9999,-9999,120,2,2145,-9999,-9999,-9999
2026/09/08 19:22:00,-9999,-9999,-9999,120,2,2175,-9999,-9999,-9999
2026/09/08 19:22:00,-9999,-9999,-9999,120,2,2205,-9999,-9999,-9999
2026/09/08 19:22:00,-9999,-9999,-9999,120,2,2235,-9999,-9999,-9999
2026/09/08 19:22:00,-9999,-9999,-9999,120,2,2265,-9999,-9999,-9999
2026/09/08 19:22:00,-9999,-9999,-9999,120,2,2295,-9999,-9999,-9999
2026/09/08 19:22:00,-9999,-9999,-9999,120,2,2325,-9999,-9999,-9999
2026/09/08 19:22:00,-9999,-9999,-9999,120,2,2355,-9999,-9999,-9999
2026/09/08 19:22:00,-9999,-9999,-9999,120,2,2385,-9999,-9999,-9999
2026/09/08 19:22:00,-9999,-9999,-9999,120,2,2415,-9999,-9999,-9999
2026/09/08 19:22:00,-9999,-9999,-9999,120,2,2445,-9999,-9999,-9999
2026/09/08 19:22:00,-9999,-9999,-9999,120,2,2475,-9999,-9999,-9999
2026/09/08 19:22:00,-9999,-9999,-9999,120,2,2505,-9999,-9999,-9999
2026/09/08 19:22:00,-9999,-9999,-9999,120,2,2535,-9999,-9999,-9999
2026/09/08 19:22:00,-9999,-9999,-9999,120,2,2565,-9999,-9999,-9999
2026/09/08 19:22:00,-9999,-9999,-9999,120,2,2595,-9999,-9999,-9999
2026/09/08 19:22:00,-9999,-9999,-9999,120,2,2625,-9999,-9999,-9999
2026/09/08 19:22:00,-9999,-9999,-9999,120,2,2655,-9999,-9999,-9999
2026/09/08 19:22:00,-9999,-9999,-9999,120,2,2685,-9999,-9999,-9999
2026/09/08 19:22:00,-9999,-9999,-9999,120,2,2715,-9999,-9999,-9999
2026/09/08 19:22:00,-9999,-9999,-9999,120,2,2745,-9999,-9999,-9999
2026/09/08 19:22:00,-9999,-9999,-9999,120,2,2775,-9999,-9999,-9999
2026/09/08 19:22:00,-9999,-9999,-9999,120,2,2805,-9999,-9999,-9999
2026/09/08 19:22:00,-9999,-9999,-9999,120,2,2835,-9999,-9999,-9999
2026/09/08 19:22:00,-9999,-9999,-9999,120,2,2865,-9999,-9999,-9999
2026/09/08 19:22:00,-9999,-9999,-9999,120,2,2895,-9999,-9999,-9999
2026/09/08 19:22:00,-9999,-9999,-9999,120,2,2925,-9999,-9999,-9999
2026/09/08 19:22:00,-9999,-9999,-9999,120,2,2955,-9999,-9999,-9999
2026/09/08 19:22:00,-9999,-9999,-9999,120,2,2985,-9999,-9999,-9999
2026/09/08 19:22:00,-9999,-9999,-9999,120,2,3015,-9999,-9999,-9999
2026/09/08 19:22:00,-9999,-9999,-9999,120,2,3045,-9999,-9999,-9999
2026/09/08 19:22:00,-9999,-9999,-9999,120,2,3075,-9999,-9999,-9999
2026/09/08 19:22:00,-9999,-9999,-9999,120,2,3105,-9999,-9999,-9999
2026/09/08 19:22:00,-9999,-9999,-9999,120,2,3135,-9999,-9999,-9999
2026/09/08 19:22:00,-9999,-9999,-9999,120,2,3165,-9999,-9999,-9999
2026/09/08 19:22:00,-9999,-9999,-9999,120,2,3195,-9999,-9999,-9999
2026/09/08 19:22:00,-9999,-9999,-9999,120,2,3225,-9999,-9999,-9999
2026/09/08 19:22:00,-9999,-9999,-9999,120,2,3255,-9999,-9999,-9999
2026/09/08 19:22:00,-9999,-9999,-9999,120,2,3285,-9999,-9999,-9999
2026/09/08 19:22:00,-9999,-9999,-9999,120,2,3315,-9999,-9999,-9999
2026/09/08 19:22:00,-9999,-9999,-9999,120,2,3345,-9999,-9999,-9999
2026/09/08 19:22:00,-9999,-9999,-9999,120,2,3375,-9999,-9999,-9999
2026/09/08 19:22:00,-9999,-9999,-9999,120,2,3405,-9999,-9999,-9999
2026/09/08 19:22:00,-9999,-9999,-9999,120,2,3435,-9999,-9999,-9999
2026/09/08 19:22:00,-9999,-9999,-9999,120,2,3465,-9999,-9999,-9999
2026/09/08 19:22:00,-9999,-9999,-9999,120,2,3495,-9999,-9999,-9999
2026/09/08 19:22:00,-9999,-9999,-9999,120,2,3525,-9999,-9999,-9999
2026/09/08 19:22:00,-9999,-9999,-9999,120,2,3555,-9999,-9999,-9999
2026/09/08 19:22:00,-9999,-9999,-9999,120,2,3585,-9999,-9999,-9999
2026/09/08 19:22:00,-9999,-9999,-9999,120,2,3615,-9999,-9999,-9999
2026/09/08 19:22:00,-9999,-9999,-9999,120,2,3645,-9999,-9999,-9999
2026/09/08 19:22:00,-9999,-9999,-9999,120,2,3675,-9999,-9999,-9999
2026/09/08 19:22:00,-9999,-9999,-9999,120,2,3705,-9999,-9999,-9999
2026/09/08 19:22:00,-9999,-9999,-9999,120,2,3735,-9999,-9999,-9999
2026/09/08 19:22:00,-9999,-9999,-9999,120,2,3765,-9999,-9999,-9999
2026/09/08 19:22:00,-9999,-9999,-9999,120,2,3795,-9999,-9999,-9999
2026/09/08 19:22:00,-9999,-9999,-9999,120,2,3825,-9999,-9999,-9999
2026/09/08 19:22:00,-9999,-9999,-9999,120,2,3855,-9999,-9999,-9999
2026/09/08 19:22:00,-9999,-9999,-9999,120,2,3885,-9999,-9999,-9999
2026/09/08 19:22:00,-9999,-9999,-9999,120,2,3915,-9999,-9999,-9999
2026/09/08 19:22:00,-9999,-9999,-9999,120,2,3945,-9999,-9999,-9999
2026/09/08 19:22:00,-9999,-9999,-9999,120,2,3975,-9999,-9999,-9999
2026/09/08 19:22:00,-9999,-9999,-9999,120,2,4005,-9999,-9999,-9999
2026/09/08 19:22:00,-9999,-9999,-9999,120,2,4035,-9999,-9999,-9999
2026/09/08 19:22:00,-9999,-9999,-9999,120,2,4065,-9999,-9999,-9999
2026/09/08 19:22:00,-9999,-9999,-9999,120,2,4095,-9999,-9999,-9999
2026/09/08 19:22:00,-9999,-9999,-9999,120,2,4125,-9999,-9999,-9999
2026/09/08 19:22:00,-9999,-9999,-9999,120,2,4155,-9999,-9999,-9999
2026/09/08 19:22:00,-9999,-9999,-9999,120,2,4185,-9999,-9999,-9999
2026/09/08 19:22:00,-9999,-9999,-9999,120,2,4215,-9999,-9999,-9999
2026/09/08 19:22:00,-9999,-9999,-9999,120,2,4245,-9999,-9999,-9999
2026/09/08 19:22:00,-9999,-9999,-9999,120,2,4275,-9999,-9999,-9999
2026/09/08 19:22:00,-9999,-9999,-9999,120,2,4305,-9999,-9999,-9999
2026/09/08 19:22:00,-9999,-9999,-9999,120,2,4335,-9999,-9999,-9999
2026/09/08 19:22:00,-9999,-9999,-9999,120,2,4365,-9999,-9999,-9999
2026/09/08 19:22:00,-9999,-9999,-9999,120,2,4395,-9999,-9999,-9999
2026/09/08 19:22:00,-9999,-9999,-9999,120,2,4425,-9999,-9999,-9999
2026/09/08 19:22:00,-9999,-9999,-9999,120,2,4455,-9999,-9999,-9999
2026/09/08 19:22:00,-9999,-9999,-9999,120,2,4485,-9999,-9999,-9999
2026/09/08 19:22:00,-9999,-9999,-9999,120,2,4515,-9999,-9999,-9999
2026/09/08 19:22:00,-9999,-9999,-9999,120,2,4545,-9999,-9999,-9999
2026/09/08 19:22:00,-9999,-9999,-9999,120,2,4575,-9999,-9999,-9999
2026/09/08 19:22:00,-9999,-9999,-9999,120,2,4605,-9999,-9999,-9999
2026/09/08 19:22:00,-9999,-9999,-9999,120,2,4635,-9999,-9999,-9999
2026/09/08 19:22:00,-9999,-9999,-9999,120,2,4665,-9999,-9999,-9999
2026/09/08 19:22:00,-9999,-9999,-9999,120,2,4695,-9999,-9999,-9999
2026/09/08 19:22:00,-9999,-9999,-9999,120,2,4725,-9999,-9999,-9999
2026/09/08 19:22:00,-9999,-9999,-9999,120,2,4755,-9999,-9999,-9999
2026/09/08 19:22:00,-9999,-9999,-9999,120,2,4785,-9999,-9999,-9999
2026/09/08 19:22:00,-9999,-9999,-9999,120,2,4815,-9999,-9999,-9999
2026/09/08 19:22:00,-9999,-9999,-9999,120,2,4845,-9999,-9999,-9999
2026/09/08 19:22:00,-9999,-9999,-9999,120,2,4875,-9999,-9999,-9999
2026/09/08 19:22:00,-9999,-9999,-9999,120,2,4905,-9999,-9999,-9999
2026/09/08 19:22:00,-9999,-9999,-9999,120,2,4935,-9999,-9999,-9999
2026/09/08 19:22:00,-9999,-9999,-9999,120,2,4965,-9999,-9999,-9999
2026/09/08 19:22:00,-9999,-9999,-9999,120,2,4995,-9999,-9999,-9999
2026/09/08 19:22:00,-9999,-9999,-9999,120,2,5025,-9999,-9999,-9999
2026/09/08 19:22:00,-9999,-9999,-9999,120,2,5055,-9999,-9999,-9999
2026/09/08 19:22:00,-9999,-9999,-9999,120,2,5085,-9999,-9999,-9999
2026/09/08 19:22:00,-9999,-9999,-9999,120,2,5115,-9999,-9999,-9999
2026/09/08 19:22:00,-9999,-9999,-9999,120,2,5145,-9999,-9999,-9999
2026/09/08 19:22:00,-9999,-9999,-9999,120,2,5175,-9999,-9999,-9999
2026/09/08 19:22:00,-9999,-9999,-9999,120,2,5205,-9999,-9999,-9999
2026/09/08 19:22:00,-9999,-9999,-9999,120,2,5235,-9999,-9999,-9999
2026/09/08 19:22:00,-9999,-9999,-9999,120,2,5265,-9999,-9999,-9999
2026/09/08 19:22:00,-9999,-9999,-9999,120,2,5295,-9999,-9999,-9999
2026/09/08 19:22:00,-9999,-9999,-9999,120,2,5325,-9999,-9999,-9999
2026/09/08 19:22:00,-9999,-9999,-9999,120,2,5355,-9999,-9999,-9999
2026/09/08 19:22:00,-9999,-9999,-9999,120,2,5385,-9999,-9999,-9999
2026/09/08 19:22:00,-9999,-9999,-9999,120,2,5415,-9999,-9999,-9999
2026/09/08 19:22:00,-9999,-9999,-9999,120,2,5445,-9999,-9999,-9999
2026/09/08 19:22:00,-9999,-9999,-9999,120,2,5475,-9999,-9999,-9999
2026/09/08 19:22:00,-9999,-9999,-9999,120,2,5505,-9999,-9999,-9999
2026/09/08 19:22:00,-9999,-9999,-9999,120,2,5535,-9999,-9999,-9999
2026/09/08 19:22:00,-9999,-9999,-9999,120,2,5565,-9999,-9999,-9999
2026/09/08 19:22:00,-9999,-9999,-9999,120,2,5595,-9999,-9999,-9999
2026/09/08 19:22:00,-9999,-9999,-9999,120,2,5625,-9999,-9999,-9999
2026/09/08 19:22:00,-9999,-9999,-9999,120,2,5655,-9999,-9999,-9999
2026/09/08 19:22:00,-9999,-9999,-9999,120,2,5685,-9999,-9999,-9999
2026/09/08 19:22:00,-9999,-9999,-9999,120,2,5715,-9999,-9999,-9999
2026/09/08 19:22:00,-9999,-9999,-9999,120,2,5745,-9999,-9999,-9999
2026/09/08 19:22:00,-9999,-9999,-9999,120,2,5775,-9999,-9999,-9999
2026/09/08 19:22:00,-9999,-9999,-9999,120,2,5805,-9999,-9999,-9999
2026/09/08 19:22:00,-9999,-9999,-9999,120,2,5835,-9999,-9999,-9999
2026/09/08 19:22:00,-9999,-9999,-9999,120,2,5865,-9999,-9999,-9999
2026/09/08 19:22:00,-9999,-9999,-9999,120,2,5895,-9999,-9999,-9999
2026/09/08 19:22:00,-9999,-9999,-9999,120,2,5925,-9999,-9999,-9999
2026/09/08 19:22:00,-9999,-9999,-9999,120,2,5955,-9999,-9999,-9999
2026/09/08 19:22:00,-9999,-9999,-9999,120,2,5985,-9999,-9999,-9999
2026/09/08 19:22:00,-9999,-9999,-9999,130,2,15,-9999,-9999,-9999
2026/09/08 19:22:00,-9999,-9999,-9999,130,2,45,1.944945,53.03397,-9999
2026/09/08 19:22:00,-9999,-9999,-9999,130,2,75,2.182955,54.33256,-9999
2026/09/08 19:22:00,-9999,-9999,-9999,130,2,105,2.376355,53.80517,-9999
2026/09/08 19:22:00,-9999,-9999,-9999,130,2,135,2.505121,53.45321,-9999
2026/09/08 19:22:00,-9999,-9999,-9999,130,2,165,2.725867,52.00594,-9999
2026/09/08 19:22:00,-9999,-9999,-9999,130,2,195,2.867729,50.58238,-9999
2026/09/08 19:22:00,-9999,-9999,-9999,130,2,225,3.031996,50.73314,-9999
2026/09/08 19:22:00,-9999,-9999,-9999,130,2,255,3.213628,50.97896,-9999
2026/09/08 19:22:00,-9999,-9999,-9999,130,2,285,3.430121,51.82057,-9999
2026/09/08 19:22:00,-9999,-9999,-9999,130,2,315,3.710096,51.80354,-9999
2026/09/08 19:22:00,-9999,-9999,-9999,130,2,345,3.979411,50.38114,-9999
2026/09/08 19:22:00,-9999,-9999,-9999,130,2,375,4.170455,48.85882,-9999
2026/09/08 19:22:00,-9999,-9999,-9999,130,2,405,4.346791,47.54559,-9999
2026/09/08 19:22:00,-9999,-9999,-9999,130,2,435,4.510839,47.13594,-9999
2026/09/08 19:22:00,-9999,-9999,-9999,130,2,465,4.565303,46.80997,-9999
2026/09/08 19:22:00,-9999,-9999,-9999,130,2,495,4.650128,46.66735,-9999
2026/09/08 19:22:00,-9999,-9999,-9999,130,2,525,4.749647,46.35585,-9999
2026/09/08 19:22:00,-9999,-9999,-9999,130,2,555,4.740039,46.07575,-9999
2026/09/08 19:22:00,-9999,-9999,-9999,130,2,585,4.683357,46.15766,-9999
2026/09/08 19:22:00,-9999,-9999,-9999,130,2,615,4.597686,46.38763,-9999
2026/09/08 19:22:00,-9999,-9999,-9999,130,2,645,4.435616,46.14594,-9999
2026/09/08 19:22:00,-9999,-9999,-9999,130,2,675,4.338445,46.39776,-9999
2026/09/08 19:22:00,-9999,-9999,-9999,130,2,705,4.301914,46.94199,-9999
2026/09/08 19:22:00,-9999,-9999,-9999,130,2,735,4.351141,46.53585,-9999
2026/09/08 19:22:00,-9999,-9999,-9999,130,2,765,4.424035,46.54276,-9999
2026/09/08 19:22:00,-9999,-9999,-9999,130,2,795,4.486379,46.59201,-9999
2026/09/08 19:22:00,-9999,-9999,-9999,130,2,825,4.562701,46.83635,-9999
2026/09/08 19:22:00,-9999,-9999,-9999,130,2,855,4.512389,47.27571,-9999
2026/09/08 19:22:00,-9999,-9999,-9999,130,2,885,4.572742,48.5952,-9999
2026/09/08 19:22:00,-9999,-9999,-9999,130,2,915,4.531671,48.85728,-9999
2026/09/08 19:22:00,-9999,-9999,-9999,130,2,945,4.353622,48.39424,-9999
2026/09/08 19:22:00,-9999,-9999,-9999,130,2,975,-9999,-9999,-9999
2026/09/08 19:22:00,-9999,-9999,-9999,130,2,1005,-9999,-9999,-9999
2026/09/08 19:22:00,-9999,-9999,-9999,130,2,1035,5.024082,48.01954,-9999
2026/09/08 19:22:00,-9999,-9999,-9999,130,2,1065,5.217028,46.64351,-9999
2026/09/08 19:22:00,-9999,-9999,-9999,130,2,1095,5.313693,46.05571,-9999
2026/09/08 19:22:00,-9999,-9999,-9999,130,2,1125,5.343196,45.71064,-9999
2026/09/08 19:22:00,-9999,-9999,-9999,130,2,1155,5.41945,46.05429,-9999
2026/09/08 19:22:00,-9999,-9999,-9999,130,2,1185,5.483778,46.41779,-9999
2026/09/08 19:22:00,-9999,-9999,-9999,130,2,1215,5.53707,46.16811,-9999
2026/09/08 19:22:00,-9999,-9999,-9999,130,2,1245,5.51983,45.71149,-9999
2026/09/08 19:22:00,-9999,-9999,-9999,130,2,1275,5.554923,45.39923,-9999
2026/09/08 19:22:00,-9999,-9999,-9999,130,2,1305,5.566463,44.67099,-9999
2026/09/08 19:22:00,-9999,-9999,-9999,130,2,1335,5.634873,44.79641,-9999
2026/09/08 19:22:00,-9999,-9999,-9999,130,2,1365,5.684118,44.85699,-9999
2026/09/08 19:22:00,-9999,-9999,-9999,130,2,1395,5.755536,44.44196,-9999
2026/09/08 19:22:00,-9999,-9999,-9999,130,2,1425,5.803506,44.64336,-9999
2026/09/08 19:22:00,-9999,-9999,-9999,130,2,1455,5.857015,44.41587,-9999
2026/09/08 19:22:00,-9999,-9999,-9999,130,2,1485,5.937374,43.96204,-9999
2026/09/08 19:22:00,-9999,-9999,-9999,130,2,1515,5.686769,42.4165,-9999
2026/09/08 19:22:00,-9999,-9999,-9999,130,2,1545,5.697122,42.51253,-9999
2026/09/08 19:22:00,-9999,-9999,-9999,130,2,1575,5.692451,42.81977,-9999
2026/09/08 19:22:00,-9999,-9999,-9999,130,2,1605,5.798477,43.331,-9999
2026/09/08 19:22:00,-9999,-9999,-9999,130,2,1635,5.72668,43.35354,-9999
2026/09/08 19:22:00,-9999,-9999,-9999,130,2,1665,5.277131,40.19636,-9999
2026/09/08 19:22:00,-9999,-9999,-9999,130,2,1695,5.19057,40.84634,-9999
2026/09/08 19:22:00,-9999,-9999,-9999,130,2,1725,-9999,-9999,-9999
2026/09/08 19:22:00,-9999,-9999,-9999,130,2,1755,-9999,-9999,-9999
2026/09/08 19:22:00,-9999,-9999,-9999,130,2,1785,-9999,-9999,-9999
2026/09/08 19:22:00,-9999,-9999,-9999,130,2,1815,-9999,-9999,-9999
2026/09/08 19:22:00,-9999,-9999,-9999,130,2,1845,-9999,-9999,-9999
2026/09/08 19:22:00,-9999,-9999,-9999,130,2,1875,-9999,-9999,-9999
2026/09/08 19:22:00,-9999,-9999,-9999,130,2,1905,-9999,-9999,-9999
2026/09/08 19:22:00,-9999,-9999,-9999,130,2,1935,-9999,-9999,-9999
2026/09/08 19:22:00,-9999,-9999,-9999,130,2,1965,-9999,-9999,-9999
2026/09/08 19:22:00,-9999,-9999,-9999,130,2,1995,-9999,-9999,-9999
2026/09/08 19:22:00,-9999,-9999,-9999,130,2,2025,-9999,-9999,-9999
2026/09/08 19:22:00,-9999,-9999,-9999,130,2,2055,-9999,-9999,-9999
2026/09/08 19:22:00,-9999,-9999,-9999,130,2,2085,-9999,-9999,-9999
2026/09/08 19:22:00,-9999,-9999,-9999,130,2,2115,-9999,-9999,-9999
2026/09/08 19:22:00,-9999,-9999,-9999,130,2,2145,-9999,-9999,-9999
2026/09/08 19:22:00,-9999,-9999,-9999,130,2,2175,-9999,-9999,-9999
2026/09/08 19:22:00,-9999,-9999,-9999,130,2,2205,-9999,-9999,-9999
2026/09/08 19:22:00,-9999,-9999,-9999,130,2,2235,-9999,-9999,-9999
2026/09/08 19:22:00,-9999,-9999,-9999,130,2,2265,-9999,-9999,-9999
2026/09/08 19:22:00,-9999,-9999,-9999,130,2,2295,-9999,-9999,-9999
2026/09/08 19:22:00,-9999,-9999,-9999,130,2,2325,-9999,-9999,-9999
2026/09/08 19:22:00,-9999,-9999,-9999,130,2,2355,-9999,-9999,-9999
2026/09/08 19:22:00,-9999,-9999,-9999,130,2,2385,-9999,-9999,-9999
2026/09/08 19:22:00,-9999,-9999,-9999,130,2,2415,-9999,-9999,-9999
2026/09/08 19:22:00,-9999,-9999,-9999,130,2,2445,-9999,-9999,-9999
2026/09/08 19:22:00,-9999,-9999,-9999,130,2,2475,-9999,-9999,-9999
2026/09/08 19:22:00,-9999,-9999,-9999,130,2,2505,-9999,-9999,-9999
2026/09/08 19:22:00,-9999,-9999,-9999,130,2,2535,-9999,-9999,-9999
2026/09/08 19:22:00,-9999,-9999,-9999,130,2,2565,-9999,-9999,-9999
2026/09/08 19:22:00,-9999,-9999,-9999,130,2,2595,-9999,-9999,-9999
2026/09/08 19:22:00,-9999,-9999,-9999,130,2,2625,-9999,-9999,-9999
2026/09/08 19:22:00,-9999,-9999,-9999,130,2,2655,-9999,-9999,-9999
2026/09/08 19:22:00,-9999,-9999,-9999,130,2,2685,-9999,-9999,-9999
2026/09/08 19:22:00,-9999,-9999,-9999,130,2,2715,-9999,-9999,-9999
2026/09/08 19:22:00,-9999,-9999,-9999,130,2,2745,-9999,-9999,-9999
2026/09/08 19:22:00,-9999,-9999,-9999,130,2,2775,-9999,-9999,-9999
2026/09/08 19:22:00,-9999,-9999,-9999,130,2,2805,-9999,-9999,-9999
2026/09/08 19:22:00,-9999,-9999,-9999,130,2,2835,-9999,-9999,-9999
2026/09/08 19:22:00,-9999,-9999,-9999,130,2,2865,-9999,-9999,-9999
2026/09/08 19:22:00,-9999,-9999,-9999,130,2,2895,-9999,-9999,-9999
2026/09/08 19:22:00,-9999,-9999,-9999,130,2,2925,-9999,-9999,-9999
2026/09/08 19:22:00,-9999,-9999,-9999,130,2,2955,-9999,-9999,-9999
2026/09/08 19:22:00,-9999,-9999,-9999,130,2,2985,-9999,-9999,-9999
2026/09/08 19:22:00,-9999,-9999,-9999,130,2,3015,-9999,-9999,-9999
2026/09/08 19:22:00,-9999,-9999,-9999,130,2,3045,-9999,-9999,-9999
2026/09/08 19:22:00,-9999,-9999,-9999,130,2,3075,-9999,-9999,-9999
2026/09/08 19:22:00,-9999,-9999,-9999,130,2,3105,-9999,-9999,-9999
2026/09/08 19:22:00,-9999,-9999,-9999,130,2,3135,-9999,-9999,-9999
2026/09/08 19:22:00,-9999,-9999,-9999,130,2,3165,-9999,-9999,-9999
2026/09/08 19:22:00,-9999,-9999,-9999,130,2,3195,-9999,-9999,-9999
2026/09/08 19:22:00,-9999,-9999,-9999,130,2,3225,-9999,-9999,-9999
2026/09/08 19:22:00,-9999,-9999,-9999,130,2,3255,-9999,-9999,-9999
2026/09/08 19:22:00,-9999,-9999,-9999,130,2,3285,-9999,-9999,-9999
2026/09/08 19:22:00,-9999,-9999,-9999,130,2,3315,-9999,-9999,-9999
2026/09/08 19:22:00,-9999,-9999,-9999,130,2,3345,-9999,-9999,-9999
2026/09/08 19:22:00,-9999,-9999,-9999,130,2,3375,-9999,-9999,-9999
2026/09/08 19:22:00,-9999,-9999,-9999,130,2,3405,-9999,-9999,-9999
2026/09/08 19:22:00,-9999,-9999,-9999,130,2,3435,-9999,-9999,-9999
2026/09/08 19:22:00,-9999,-9999,-9999,130,2,3465,-9999,-9999,-9999
2026/09/08 19:22:00,-9999,-9999,-9999,130,2,3495,-9999,-9999,-9999
2026/09/08 19:22:00,-9999,-9999,-9999,130,2,3525,-9999,-9999,-9999
2026/09/08 19:22:00,-9999,-9999,-9999,130,2,3555,-9999,-9999,-9999
2026/09/08 19:22:00,-9999,-9999,-9999,130,2,3585,-9999,-9999,-9999
2026/09/08 19:22:00,-9999,-9999,-9999,130,2,3615,-9999,-9999,-9999
2026/09/08 19:22:00,-9999,-9999,-9999,130,2,3645,-9999,-9999,-9999
2026/09/08 19:22:00,-9999,-9999,-9999,130,2,3675,-9999,-9999,-9999
2026/09/08 19:22:00,-9999,-9999,-9999,130,2,3705,-9999,-9999,-9999
2026/09/08 19:22:00,-9999,-9999,-9999,130,2,3735,-9999,-9999,-9999
2026/09/08 19:22:00,-9999,-9999,-9999,130,2,3765,-9999,-9999,-9999
2026/09/08 19:22:00,-9999,-9999,-9999,130,2,3795,-9999,-9999,-9999
2026/09/08 19:22:00,-9999,-9999,-9999,130,2,3825,-9999,-9999,-9999
2026/09/08 19:22:00,-9999,-9999,-9999,130,2,3855,-9999,-9999,-9999
2026/09/08 19:22:00,-9999,-9999,-9999,130,2,3885,-9999,-9999,-9999
2026/09/08 19:22:00,-9999,-9999,-9999,130,2,3915,-9999,-9999,-9999
2026/09/08 19:22:00,-9999,-9999,-9999,130,2,3945,-9999,-9999,-9999
2026/09/08 19:22:00,-9999,-9999,-9999,130,2,3975,-9999,-9999,-9999
2026/09/08 19:22:00,-9999,-9999,-9999,130,2,4005,-9999,-9999,-9999
2026/09/08 19:22:00,-9999,-9999,-9999,130,2,4035,-9999,-9999,-9999
2026/09/08 19:22:00,-9999,-9999,-9999,130,2,4065,-9999,-9999,-9999
2026/09/08 19:22:00,-9999,-9999,-9999,130,2,4095,-9999,-9999,-9999
2026/09/08 19:22:00,-9999,-9999,-9999,130,2,4125,-9999,-9999,-9999
2026/09/08 19:22:00,-9999,-9999,-9999,130,2,4155,-9999,-9999,-9999
2026/09/08 19:22:00,-9999,-9999,-9999,130,2,4185,-9999,-9999,-9999
2026/09/08 19:22:00,-9999,-9999,-9999,130,2,4215,-9999,-9999,-9999
2026/09/08 19:22:00,-9999,-9999,-9999,130,2,4245,-9999,-9999,-9999
2026/09/08 19:22:00,-9999,-9999,-9999,130,2,4275,-9999,-9999,-9999
2026/09/08 19:22:00,-9999,-9999,-9999,130,2,4305,-9999,-9999,-9999
2026/09/08 19:22:00,-9999,-9999,-9999,130,2,4335,-9999,-9999,-9999
2026/09/08 19:22:00,-9999,-9999,-9999,130,2,4365,-9999,-9999,-9999
2026/09/08 19:22:00,-9999,-9999,-9999,130,2,4395,-9999,-9999,-9999
2026/09/08 19:22:00,-9999,-9999,-9999,130,2,4425,-9999,-9999,-9999
2026/09/08 19:22:00,-9999,-9999,-9999,130,2,4455,-9999,-9999,-9999
2026/09/08 19:22:00,-9999,-9999,-9999,130,2,4485,-9999,-9999,-9999
2026/09/08 19:22:00,-9999,-9999,-9999,130,2,4515,-9999,-9999,-9999
2026/09/08 19:22:00,-9999,-9999,-9999,130,2,4545,-9999,-9999,-9999
2026/09/08 19:22:00,-9999,-9999,-9999,130,2,4575,-9999,-9999,-9999
2026/09/08 19:22:00,-9999,-9999,-9999,130,2,4605,-9999,-9999,-9999
2026/09/08 19:22:00,-9999,-9999,-9999,130,2,4635,-9999,-9999,-9999
2026/09/08 19:22:00,-9999,-9999,-9999,130,2,4665,-9999,-9999,-9999
2026/09/08 19:22:00,-9999,-9999,-9999,130,2,4695,-9999,-9999,-9999
2026/09/08 19:22:00,-9999,-9999,-9999,130,2,4725,-9999,-9999,-9999
2026/09/08 19:22:00,-9999,-9999,-9999,130,2,4755,-9999,-9999,-9999
2026/09/08 19:22:00,-9999,-9999,-9999,130,2,4785,-9999,-9999,-9999
2026/09/08 19:22:00,-9999,-9999,-9999,130,2,4815,-9999,-9999,-9999
2026/09/08 19:22:00,-9999,-9999,-9999,130,2,4845,-9999,-9999,-9999
2026/09/08 19:22:00,-9999,-9999,-9999,130,2,4875,-9999,-9999,-9999
2026/09/08 19:22:00,-9999,-9999,-9999,130,2,4905,-9999,-9999,-9999
2026/09/08 19:22:00,-9999,-9999,-9999,130,2,4935,-9999,-9999,-9999
2026/09/08 19:22:00,-9999,-9999,-9999,130,2,4965,-9999,-9999,-9999
2026/09/08 19:22:00,-9999,-9999,-9999,130,2,4995,-9999,-9999,-9999
2026/09/08 19:22:00,-9999,-9999,-9999,130,2,5025,-9999,-9999,-9999
2026/09/08 19:22:00,-9999,-9999,-9999,130,2,5055,-9999,-9999,-9999
2026/09/08 19:22:00,-9999,-9999,-9999,130,2,5085,-9999,-9999,-9999
2026/09/08 19:22:00,-9999,-9999,-9999,130,2,5115,-9999,-9999,-9999
2026/09/08 19:22:00,-9999,-9999,-9999,130,2,5145,-9999,-9999,-9999
2026/09/08 19:22:00,-9999,-9999,-9999,130,2,5175,-9999,-9999,-9999
2026/09/08 19:22:00,-9999,-9999,-9999,130,2,5205,-9999,-9999,-9999
2026/09/08 19:22:00,-9999,-9999,-9999,130,2,5235,-9999,-9999,-9999
2026/09/08 19:22:00,-9999,-9999,-9999,130,2,5265,-9999,-9999,-9999
2026/09/08 19:22:00,-9999,-9999,-9999,130,2,5295,-9999,-9999,-9999
2026/09/08 19:22:00,-9999,-9999,-9999,130,2,5325,-9999,-9999,-9999
2026/09/08 19:22:00,-9999,-9999,-9999,130,2,5355,-9999,-9999,-9999
2026/09/08 19:22:00,-9999,-9999,-9999,130,2,5385,-9999,-9999,-9999
2026/09/08 19:22:00,-9999,-9999,-9999,130,2,5415,-9999,-9999,-9999
2026/09/08 19:22:00,-9999,-9999,-9999,130,2,5445,-9999,-9999,-9999
2026/09/08 19:22:00,-9999,-9999,-9999,130,2,5475,-9999,-9999,-9999
2026/09/08 19:22:00,-9999,-9999,-9999,130,2,5505,-9999,-9999,-9999
2026/09/08 19:22:00,-9999,-9999,-9999,130,2,5535,-9999,-9999,-9999
2026/09/08 19:22:00,-9999,-9999,-9999,130,2,5565,-9999,-9999,-9999
2026/09/08 19:22:00,-9999,-9999,-9999,130,2,5595,-9999,-9999,-9999
2026/09/08 19:22:00,-9999,-9999,-9999,130,2,5625,-9999,-9999,-9999
2026/09/08 19:22:00,-9999,-9999,-9999,130,2,5655,-9999,-9999,-9999
2026/09/08 19:22:00,-9999,-9999,-9999,130,2,5685,-9999,-9999,-9999
2026/09/08 19:22:00,-9999,-9999,-9999,130,2,5715,-9999,-9999,-9999
2026/09/08 19:22:00,-9999,-9999,-9999,130,2,5745,-9999,-9999,-9999
2026/09/08 19:22:00,-9999,-9999,-9999,130,2,5775,-9999,-9999,-9999
2026/09/08 19:22:00,-9999,-9999,-9999,130,2,5805,-9999,-9999,-9999
2026/09/08 19:22:00,-9999,-9999,-9999,130,2,5835,-9999,-9999,-9999
2026/09/08 19:22:00,-9999,-9999,-9999,130,2,5865,-9999,-9999,-9999
2026/09/08 19:22:00,-9999,-9999,-9999,130,2,5895,-9999,-9999,-9999
2026/09/08 19:22:00,-9999,-9999,-9999,130,2,5925,-9999,-9999,-9999
2026/09/08 19:22:00,-9999,-9999,-9999,130,2,5955,-9999,-9999,-9999
2026/09/08 19:22:00,-9999,-9999,-9999,130,2,5985,-9999,-9999,-9999
2026/09/08 19:22:00,-9999,-9999,-9999,140,2,15,-9999,-9999,-9999
2026/09/08 19:22:00,-9999,-9999,-9999,140,2,45,2.138332,52.18255,-9999
2026/09/08 19:22:00,-9999,-9999,-9999,140,2,75,2.497217,54.48326,-9999
2026/09/08 19:22:00,-9999,-9999,-9999,140,2,105,2.777727,53.7939,-9999
2026/09/08 19:22:00,-9999,-9999,-9999,140,2,135,2.983201,53.29843,-9999
2026/09/08 19:22:00,-9999,-9999,-9999,140,2,165,3.289348,51.93851,-9999
2026/09/08 19:22:00,-9999,-9999,-9999,140,2,195,3.453313,50.12188,-9999
2026/09/08 19:22:00,-9999,-9999,-9999,140,2,225,3.582535,50.01565,-9999
2026/09/08 19:22:00,-9999,-9999,-9999,140,2,255,3.684662,50.39636,-9999
2026/09/08 19:22:00,-9999,-9999,-9999,140,2,285,3.772175,51.55673,-9999
2026/09/08 19:22:00,-9999,-9999,-9999,140,2,315,3.917291,52.15631,-9999
2026/09/08 19:22:00,-9999,-9999,-9999,140,2,345,4.047527,51.7591,-9999
2026/09/08 19:22:00,-9999,-9999,-9999,140,2,375,4.125973,50.63654,-9999
2026/09/08 19:22:00,-9999,-9999,-9999,140,2,405,4.234859,49.32864,-9999
2026/09/08 19:22:00,-9999,-9999,-9999,140,2,435,4.374675,48.9798,-9999
2026/09/08 19:22:00,-9999,-9999,-9999,140,2,465,4.474253,48.03015,-9999
2026/09/08 19:22:00,-9999,-9999,-9999,140,2,495,4.633245,47.53011,-9999
2026/09/08 19:22:00,-9999,-9999,-9999,140,2,525,4.792994,46.99515,-9999
2026/09/08 19:22:00,-9999,-9999,-9999,140,2,555,4.821581,45.99018,-9999
2026/09/08 19:22:00,-9999,-9999,-9999,140,2,585,4.765553,45.79342,-9999
2026/09/08 19:22:00,-9999,-9999,-9999,140,2,615,4.679693,45.87271,-9999
2026/09/08 19:22:00,-9999,-9999,-9999,140,2,645,4.493195,45.45718,-9999
2026/09/08 19:22:00,-9999,-9999,-9999,140,2,675,4.393559,45.79607,-9999
2026/09/08 19:22:00,-9999,-9999,-9999,140,2,705,4.354936,45.82637,-9999
2026/09/08 19:22:00,-9999,-9999,-9999,140,2,735,4.358716,45.03226,-9999
2026/09/08 19:22:00,-9999,-9999,-9999,140,2,765,4.36658,44.74784,-9999
2026/09/08 19:22:00,-9999,-9999,-9999,140,2,795,4.323098,45.00595,-9999
2026/09/08 19:22:00,-9999,-9999,-9999,140,2,825,4.318194,45.96171,-9999
2026/09/08 19:22:00,-9999,-9999,-9999,140,2,855,4.246399,47.29423,-9999
2026/09/08 19:22:00,-9999,-9999,-9999,140,2,885,4.29764,49.82272,-9999
2026/09/08 19:22:00,-9999,-9999,-9999,140,2,915,4.229912,50.47562,-9999
2026/09/08 19:22:00,-9999,-9999,-9999,140,2,945,4.139454,51.10524,-9999
2026/09/08 19:22:00,-9999,-9999,-9999,140,2,975,4.165837,49.7968,-9999
2026/09/08 19:22:00,-9999,-9999,-9999,140,2,1005,4.279519,48.25928,-9999
2026/09/08 19:22:00,-9999,-9999,-9999,140,2,1035,4.662555,48.80462,-9999
2026/09/08 19:22:00,-9999,-9999,-9999,140,2,1065,4.979282,47.38929,-9999
2026/09/08 19:22:00,-9999,-9999,-9999,140,2,1095,5.229551,47.05216,-9999
2026/09/08 19:22:00,-9999,-9999,-9999,140,2,1125,5.354243,46.43259,-9999
2026/09/08 19:22:00,-9999,-9999,-9999,140,2,1155,5.452922,46.04048,-9999
2026/09/08 19:22:00,-9999,-9999,-9999,140,2,1185,5.482284,45.66198,-9999
2026/09/08 19:22:00,-9999,-9999,-9999,140,2,1215,5.470547,44.87973,-9999
2026/09/08 19:22:00,-9999,-9999,-9999,140,2,1245,5.460414,44.27746,-9999
2026/09/08 19:22:00,-9999,-9999,-9999,140,2,1275,5.469223,44.22669,-9999
2026/09/08 19:22:00,-9999,-9999,-9999,140,2,1305,5.55229,43.95487,-9999
2026/09/08 19:22:00,-9999,-9999,-9999,140,2,1335,5.674297,44.53727,-9999
2026/09/08 19:22:00,-9999,-9999,-9999,140,2,1365,5.759107,44.66486,-9999
2026/09/08 19:22:00,-9999,-9999,-9999,140,2,1395,5.850121,44.59039,-9999
2026/09/08 19:22:00,-9999,-9999,-9999,140,2,1425,5.873563,44.96935,-9999
2026/09/08 19:22:00,-9999,-9999,-9999,140,2,1455,5.883681,44.98201,-9999
2026/09/08 19:22:00,-9999,-9999,-9999,140,2,1485,5.948232,45.11908,-9999
2026/09/08 19:22:00,-9999,-9999,-9999,140,2,1515,5.860039,44.52962,-9999
2026/09/08 19:22:00,-9999,-9999,-9999,140,2,1545,5.863449,44.67352,-9999
2026/09/08 19:22:00,-9999,-9999,-9999,140,2,1575,5.869162,44.90772,-9999
2026/09/08 19:22:00,-9999,-9999,-9999,140,2,1605,5.9465,45.37273,-9999
2026/09/08 19:22:00,-9999,-9999,-9999,140,2,1635,5.882142,45.28253,-9999
2026/09/08 19:22:00,-9999,-9999,-9999,140,2,1665,5.270407,39.33084,-9999
2026/09/08 19:22:00,-9999,-9999,-9999,140,2,1695,5.240126,39.39045,-9999
2026/09/08 19:22:00,-9999,-9999,-9999,140,2,1725,-9999,-9999,-9999
2026/09/08 19:22:00,-9999,-9999,-9999,140,2,1755,-9999,-9999,-9999
2026/09/08 19:22:00,-9999,-9999,-9999,140,2,1785,-9999,-9999,-9999
2026/09/08 19:22:00,-9999,-9999,-9999,140,2,1815,-9999,-9999,-9999
2026/09/08 19:22:00,-9999,-9999,-9999,140,2,1845,-9999,-9999,-9999
2026/09/08 19:22:00,-9999,-9999,-9999,140,2,1875,-9999,-9999,-9999
2026/09/08 19:22:00,-9999,-9999,-9999,140,2,1905,-9999,-9999,-9999
2026/09/08 19:22:00,-9999,-9999,-9999,140,2,1935,-9999,-9999,-9999
2026/09/08 19:22:00,-9999,-9999,-9999,140,2,1965,-9999,-9999,-9999
2026/09/08 19:22:00,-9999,-9999,-9999,140,2,1995,-9999,-9999,-9999
2026/09/08 19:22:00,-9999,-9999,-9999,140,2,2025,-9999,-9999,-9999
2026/09/08 19:22:00,-9999,-9999,-9999,140,2,2055,-9999,-9999,-9999
2026/09/08 19:22:00,-9999,-9999,-9999,140,2,2085,-9999,-9999,-9999
2026/09/08 19:22:00,-9999,-9999,-9999,140,2,2115,-9999,-9999,-9999
2026/09/08 19:22:00,-9999,-9999,-9999,140,2,2145,-9999,-9999,-9999
2026/09/08 19:22:00,-9999,-9999,-9999,140,2,2175,-9999,-9999,-9999
2026/09/08 19:22:00,-9999,-9999,-9999,140,2,2205,-9999,-9999,-9999
2026/09/08 19:22:00,-9999,-9999,-9999,140,2,2235,-9999,-9999,-9999
2026/09/08 19:22:00,-9999,-9999,-9999,140,2,2265,-9999,-9999,-9999
2026/09/08 19:22:00,-9999,-9999,-9999,140,2,2295,-9999,-9999,-9999
2026/09/08 19:22:00,-9999,-9999,-9999,140,2,2325,-9999,-9999,-9999
2026/09/08 19:22:00,-9999,-9999,-9999,140,2,2355,-9999,-9999,-9999
2026/09/08 19:22:00,-9999,-9999,-9999,140,2,2385,-9999,-9999,-9999
2026/09/08 19:22:00,-9999,-9999,-9999,140,2,2415,-9999,-9999,-9999
2026/09/08 19:22:00,-9999,-9999,-9999,140,2,2445,-9999,-9999,-9999
2026/09/08 19:22:00,-9999,-9999,-9999,140,2,2475,-9999,-9999,-9999
2026/09/08 19:22:00,-9999,-9999,-9999,140,2,2505,-9999,-9999,-9999
2026/09/08 19:22:00,-9999,-9999,-9999,140,2,2535,-9999,-9999,-9999
2026/09/08 19:22:00,-9999,-9999,-9999,140,2,2565,-9999,-9999,-9999
2026/09/08 19:22:00,-9999,-9999,-9999,140,2,2595,-9999,-9999,-9999
2026/09/08 19:22:00,-9999,-9999,-9999,140,2,2625,-9999,-9999,-9999
2026/09/08 19:22:00,-9999,-9999,-9999,140,2,2655,-9999,-9999,-9999
2026/09/08 19:22:00,-9999,-9999,-9999,140,2,2685,-9999,-9999,-9999
2026/09/08 19:22:00,-9999,-9999,-9999,140,2,2715,-9999,-9999,-9999
2026/09/08 19:22:00,-9999,-9999,-9999,140,2,2745,-9999,-9999,-9999
2026/09/08 19:22:00,-9999,-9999,-9999,140,2,2775,-9999,-9999,-9999
2026/09/08 19:22:00,-9999,-9999,-9999,140,2,2805,-9999,-9999,-9999
2026/09/08 19:22:00,-9999,-9999,-9999,140,2,2835,-9999,-9999,-9999
2026/09/08 19:22:00,-9999,-9999,-9999,140,2,2865,-9999,-9999,-9999
2026/09/08 19:22:00,-9999,-9999,-9999,140,2,2895,-9999,-9999,-9999
2026/09/08 19:22:00,-9999,-9999,-9999,140,2,2925,-9999,-9999,-9999
2026/09/08 19:22:00,-9999,-9999,-9999,140,2,2955,-9999,-9999,-9999
2026/09/08 19:22:00,-9999,-9999,-9999,140,2,2985,-9999,-9999,-9999
2026/09/08 19:22:00,-9999,-9999,-9999,140,2,3015,-9999,-9999,-9999
2026/09/08 19:22:00,-9999,-9999,-9999,140,2,3045,-9999,-9999,-9999
2026/09/08 19:22:00,-9999,-9999,-9999,140,2,3075,-9999,-9999,-9999
2026/09/08 19:22:00,-9999,-9999,-9999,140,2,3105,-9999,-9999,-9999
2026/09/08 19:22:00,-9999,-9999,-9999,140,2,3135,-9999,-9999,-9999
2026/09/08 19:22:00,-9999,-9999,-9999,140,2,3165,-9999,-9999,-9999
2026/09/08 19:22:00,-9999,-9999,-9999,140,2,3195,-9999,-9999,-9999
2026/09/08 19:22:00,-9999,-9999,-9999,140,2,3225,-9999,-9999,-9999
2026/09/08 19:22:00,-9999,-9999,-9999,140,2,3255,-9999,-9999,-9999
2026/09/08 19:22:00,-9999,-9999,-9999,140,2,3285,-9999,-9999,-9999
2026/09/08 19:22:00,-9999,-9999,-9999,140,2,3315,-9999,-9999,-9999
2026/09/08 19:22:00,-9999,-9999,-9999,140,2,3345,-9999,-9999,-9999
2026/09/08 19:22:00,-9999,-9999,-9999,140,2,3375,-9999,-9999,-9999
2026/09/08 19:22:00,-9999,-9999,-9999,140,2,3405,-9999,-9999,-9999
2026/09/08 19:22:00,-9999,-9999,-9999,140,2,3435,-9999,-9999,-9999
2026/09/08 19:22:00,-9999,-9999,-9999,140,2,3465,-9999,-9999,-9999
2026/09/08 19:22:00,-9999,-9999,-9999,140,2,3495,-9999,-9999,-9999
2026/09/08 19:22:00,-9999,-9999,-9999,140,2,3525,-9999,-9999,-9999
2026/09/08 19:22:00,-9999,-9999,-9999,140,2,3555,-9999,-9999,-9999
2026/09/08 19:22:00,-9999,-9999,-9999,140,2,3585,-9999,-9999,-9999
2026/09/08 19:22:00,-9999,-9999,-9999,140,2,3615,-9999,-9999,-9999
2026/09/08 19:22:00,-9999,-9999,-9999,140,2,3645,-9999,-9999,-9999
2026/09/08 19:22:00,-9999,-9999,-9999,140,2,3675,-9999,-9999,-9999
2026/09/08 19:22:00,-9999,-9999,-9999,140,2,3705,-9999,-9999,-9999
2026/09/08 19:22:00,-9999,-9999,-9999,140,2,3735,-9999,-9999,-9999
2026/09/08 19:22:00,-9999,-9999,-9999,140,2,3765,-9999,-9999,-9999
2026/09/08 19:22:00,-9999,-9999,-9999,140,2,3795,-9999,-9999,-9999
2026/09/08 19:22:00,-9999,-9999,-9999,140,2,3825,-9999,-9999,-9999
2026/09/08 19:22:00,-9999,-9999,-9999,140,2,3855,-9999,-9999,-9999
2026/09/08 19:22:00,-9999,-9999,-9999,140,2,3885,-9999,-9999,-9999
2026/09/08 19:22:00,-9999,-9999,-9999,140,2,3915,-9999,-9999,-9999
2026/09/08 19:22:00,-9999,-9999,-9999,140,2,3945,-9999,-9999,-9999
2026/09/08 19:22:00,-9999,-9999,-9999,140,2,3975,-9999,-9999,-9999
2026/09/08 19:22:00,-9999,-9999,-9999,140,2,4005,-9999,-9999,-9999
2026/09/08 19:22:00,-9999,-9999,-9999,140,2,4035,-9999,-9999,-9999
2026/09/08 19:22:00,-9999,-9999,-9999,140,2,4065,-9999,-9999,-9999
2026/09/08 19:22:00,-9999,-9999,-9999,140,2,4095,-9999,-9999,-9999
2026/09/08 19:22:00,-9999,-9999,-9999,140,2,4125,-9999,-9999,-9999
2026/09/08 19:22:00,-9999,-9999,-9999,140,2,4155,-9999,-9999,-9999
2026/09/08 19:22:00,-9999,-9999,-9999,140,2,4185,-9999,-9999,-9999
2026/09/08 19:22:00,-9999,-9999,-9999,140,2,4215,-9999,-9999,-9999
2026/09/08 19:22:00,-9999,-9999,-9999,140,2,4245,-9999,-9999,-9999
2026/09/08 19:22:00,-9999,-9999,-9999,140,2,4275,-9999,-9999,-9999
2026/09/08 19:22:00,-9999,-9999,-9999,140,2,4305,-9999,-9999,-9999
2026/09/08 19:22:00,-9999,-9999,-9999,140,2,4335,-9999,-9999,-9999
2026/09/08 19:22:00,-9999,-9999,-9999,140,2,4365,-9999,-9999,-9999
2026/09/08 19:22:00,-9999,-9999,-9999,140,2,4395,-9999,-9999,-9999
2026/09/08 19:22:00,-9999,-9999,-9999,140,2,4425,-9999,-9999,-9999
2026/09/08 19:22:00,-9999,-9999,-9999,140,2,4455,-9999,-9999,-9999
2026/09/08 19:22:00,-9999,-9999,-9999,140,2,4485,-9999,-9999,-9999
2026/09/08 19:22:00,-9999,-9999,-9999,140,2,4515,-9999,-9999,-9999
2026/09/08 19:22:00,-9999,-9999,-9999,140,2,4545,-9999,-9999,-9999
2026/09/08 19:22:00,-9999,-9999,-9999,140,2,4575,-9999,-9999,-9999
2026/09/08 19:22:00,-9999,-9999,-9999,140,2,4605,-9999,-9999,-9999
2026/09/08 19:22:00,-9999,-9999,-9999,140,2,4635,-9999,-9999,-9999
2026/09/08 19:22:00,-9999,-9999,-9999,140,2,4665,-9999,-9999,-9999
2026/09/08 19:22:00,-9999,-9999,-9999,140,2,4695,-9999,-9999,-9999
2026/09/08 19:22:00,-9999,-9999,-9999,140,2,4725,-9999,-9999,-9999
2026/09/08 19:22:00,-9999,-9999,-9999,140,2,4755,-9999,-9999,-9999
2026/09/08 19:22:00,-9999,-9999,-9999,140,2,4785,-9999,-9999,-9999
2026/09/08 19:22:00,-9999,-9999,-9999,140,2,4815,-9999,-9999,-9999
2026/09/08 19:22:00,-9999,-9999,-9999,140,2,4845,-9999,-9999,-9999
2026/09/08 19:22:00,-9999,-9999,-9999,140,2,4875,-9999,-9999,-9999
2026/09/08 19:22:00,-9999,-9999,-9999,140,2,4905,-9999,-9999,-9999
2026/09/08 19:22:00,-9999,-9999,-9999,140,2,4935,-9999,-9999,-9999
2026/09/08 19:22:00,-9999,-9999,-9999,140,2,4965,-9999,-9999,-9999
2026/09/08 19:22:00,-9999,-9999,-9999,140,2,4995,-9999,-9999,-9999
2026/09/08 19:22:00,-9999,-9999,-9999,140,2,5025,-9999,-9999,-9999
2026/09/08 19:22:00,-9999,-9999,-9999,140,2,5055,-9999,-9999,-9999
2026/09/08 19:22:00,-9999,-9999,-9999,140,2,5085,-9999,-9999,-9999
2026/09/08 19:22:00,-9999,-9999,-9999,140,2,5115,-9999,-9999,-9999
2026/09/08 19:22:00,-9999,-9999,-9999,140,2,5145,-9999,-9999,-9999
2026/09/08 19:22:00,-9999,-9999,-9999,140,2,5175,-9999,-9999,-9999
2026/09/08 19:22:00,-9999,-9999,-9999,140,2,5205,-9999,-9999,-9999
2026/09/08 19:22:00,-9999,-9999,-9999,140,2,5235,-9999,-9999,-9999
2026/09/08 19:22:00,-9999,-9999,-9999,140,2,5265,-9999,-9999,-9999
2026/09/08 19:22:00,-9999,-9999,-9999,140,2,5295,-9999,-9999,-9999
2026/09/08 19:22:00,-9999,-9999,-9999,140,2,5325,-9999,-9999,-9999
2026/09/08 19:22:00,-9999,-9999,-9999,140,2,5355,-9999,-9999,-9999
2026/09/08 19:22:00,-9999,-9999,-9999,140,2,5385,-9999,-9999,-9999
2026/09/08 19:22:00,-9999,-9999,-9999,140,2,5415,-9999,-9999,-9999
2026/09/08 19:22:00,-9999,-9999,-9999,140,2,5445,-9999,-9999,-9999
2026/09/08 19:22:00,-9999,-9999,-9999,140,2,5475,-9999,-9999,-9999
2026/09/08 19:22:00,-9999,-9999,-9999,140,2,5505,-9999,-9999,-9999
2026/09/08 19:22:00,-9999,-9999,-9999,140,2,5535,-9999,-9999,-9999
2026/09/08 19:22:00,-9999,-9999,-9999,140,2,5565,-9999,-9999,-9999
2026/09/08 19:22:00,-9999,-9999,-9999,140,2,5595,-9999,-9999,-9999
2026/09/08 19:22:00,-9999,-9999,-9999,140,2,5625,-9999,-9999,-9999
2026/09/08 19:22:00,-9999,-9999,-9999,140,2,5655,-9999,-9999,-9999
2026/09/08 19:22:00,-9999,-9999,-9999,140,2,5685,-9999,-9999,-9999
2026/09/08 19:22:00,-9999,-9999,-9999,140,2,5715,-9999,-9999,-9999
2026/09/08 19:22:00,-9999,-9999,-9999,140,2,5745,-9999,-9999,-9999
2026/09/08 19:22:00,-9999,-9999,-9999,140,2,5775,-9999,-9999,-9999
2026/09/08 19:22:00,-9999,-9999,-9999,140,2,5805,-9999,-9999,-9999
2026/09/08 19:22:00,-9999,-9999,-9999,140,2,5835,-9999,-9999,-9999
2026/09/08 19:22:00,-9999,-9999,-9999,140,2,5865,-9999,-9999,-9999
2026/09/08 19:22:00,-9999,-9999,-9999,140,2,5895,-9999,-9999,-9999
2026/09/08 19:22:00,-9999,-9999,-9999,140,2,5925,-9999,-9999,-9999
2026/09/08 19:22:00,-9999,-9999,-9999,140,2,5955,-9999,-9999,-9999
2026/09/08 19:22:00,-9999,-9999,-9999,140,2,5985,-9999,-9999,-9999
2026/09/08 19:22:00,-9999,-9999,-9999,150,2,15,-9999,-9999,-9999
2026/09/08 19:22:00,-9999,-9999,-9999,150,2,45,2.342656,53.29007,-9999
2026/09/08 19:22:00,-9999,-9999,-9999,150,2,75,2.71229,56.1049,-9999
2026/09/08 19:22:00,-9999,-9999,-9999,150,2,105,2.879173,57.57295,-9999
2026/09/08 19:22:00,-9999,-9999,-9999,150,2,135,3.096788,57.00327,-9999
2026/09/08 19:22:00,-9999,-9999,-9999,150,2,165,3.335188,56.38884,-9999
2026/09/08 19:22:00,-9999,-9999,-9999,150,2,195,3.381263,55.0704,-9999
2026/09/08 19:22:00,-9999,-9999,-9999,150,2,225,3.71189,52.41858,-9999
2026/09/08 19:22:00,-9999,-9999,-9999,150,2,255,3.722512,52.51616,-9999
2026/09/08 19:22:00,-9999,-9999,-9999,150,2,285,3.688672,53.06973,-9999
2026/09/08 19:22:00,-9999,-9999,-9999,150,2,315,3.716386,53.42007,-9999
2026/09/08 19:22:00,-9999,-9999,-9999,150,2,345,3.692512,52.17085,-9999
2026/09/08 19:22:00,-9999,-9999,-9999,150,2,375,3.650239,50.24214,-9999
2026/09/08 19:22:00,-9999,-9999,-9999,150,2,405,3.693635,48.77076,-9999
2026/09/08 19:22:00,-9999,-9999,-9999,150,2,435,3.761439,48.41812,-9999
2026/09/08 19:22:00,-9999,-9999,-9999,150,2,465,3.88964,48.11066,-9999
2026/09/08 19:22:00,-9999,-9999,-9999,150,2,495,4.083691,48.20577,-9999
2026/09/08 19:22:00,-9999,-9999,-9999,150,2,525,4.273556,48.11009,-9999
2026/09/08 19:22:00,-9999,-9999,-9999,150,2,555,4.366541,47.43357,-9999
2026/09/08 19:22:00,-9999,-9999,-9999,150,2,585,4.359613,47.23408,-9999
2026/09/08 19:22:00,-9999,-9999,-9999,150,2,615,4.32829,46.88631,-9999
2026/09/08 19:22:00,-9999,-9999,-9999,150,2,645,4.199442,45.72532,-9999
2026/09/08 19:22:00,-9999,-9999,-9999,150,2,675,4.112774,45.41717,-9999
2026/09/08 19:22:00,-9999,-9999,-9999,150,2,705,4.110997,45.54745,-9999
2026/09/08 19:22:00,-9999,-9999,-9999,150,2,735,4.123733,45.28228,-9999
2026/09/08 19:22:00,-9999,-9999,-9999,150,2,765,4.170205,46.01085,-9999
2026/09/08 19:22:00,-9999,-9999,-9999,150,2,795,4.141794,46.73854,-9999
2026/09/08 19:22:00,-9999,-9999,-9999,150,2,825,4.054872,47.47918,-9999
2026/09/08 19:22:00,-9999,-9999,-9999,150,2,855,3.896634,48.59099,-9999
2026/09/08 19:22:00,-9999,-9999,-9999,150,2,885,3.76944,50.24204,-9999
2026/09/08 19:22:00,-9999,-9999,-9999,150,2,915,3.587041,50.36094,-9999
2026/09/08 19:22:00,-9999,-9999,-9999,150,2,945,3.432483,50.08876,-9999
2026/09/08 19:22:00,-9999,-9999,-9999,150,2,975,3.248414,44.15095,-9999
2026/09/08 19:22:00,-9999,-9999,-9999,150,2,1005,3.376198,41.90483,-9999
2026/09/08 19:22:00,-9999,-9999,-9999,150,2,1035,3.949593,46.14893,-9999
2026/09/08 19:22:00,-9999,-9999,-9999,150,2,1065,4.316452,45.37828,-9999
2026/09/08 19:22:00,-9999,-9999,-9999,150,2,1095,4.640442,46.2116,-9999
2026/09/08 19:22:00,-9999,-9999,-9999,150,2,1125,4.84674,46.23411,-9999
2026/09/08 19:22:00,-9999,-9999,-9999,150,2,1155,4.950563,45.92922,-9999
2026/09/08 19:22:00,-9999,-9999,-9999,150,2,1185,4.966578,45.22812,-9999
2026/09/08 19:22:00,-9999,-9999,-9999,150,2,1215,4.90983,44.0941,-9999
2026/09/08 19:22:00,-9999,-9999,-9999,150,2,1245,4.841541,43.4892,-9999
2026/09/08 19:22:00,-9999,-9999,-9999,150,2,1275,4.771045,43.69267,-9999
2026/09/08 19:22:00,-9999,-9999,-9999,150,2,1305,4.856136,44.03712,-9999
2026/09/08 19:22:00,-9999,-9999,-9999,150,2,1335,5.006048,45.03888,-9999
2026/09/08 19:22:00,-9999,-9999,-9999,150,2,1365,5.115122,45.18142,-9999
2026/09/08 19:22:00,-9999,-9999,-9999,150,2,1395,5.30663,45.18979,-9999
2026/09/08 19:22:00,-9999,-9999,-9999,150,2,1425,5.371446,45.53867,-9999
2026/09/08 19:22:00,-9999,-9999,-9999,150,2,1455,5.383611,45.577,-9999
2026/09/08 19:22:00,-9999,-9999,-9999,150,2,1485,5.513907,45.82226,-9999
2026/09/08 19:22:00,-9999,-9999,-9999,150,2,1515,5.491396,45.17482,-9999
2026/09/08 19:22:00,-9999,-9999,-9999,150,2,1545,5.552398,45.26236,-9999
2026/09/08 19:22:00,-9999,-9999,-9999,150,2,1575,5.6315,45.64193,-9999
2026/09/08 19:22:00,-9999,-9999,-9999,150,2,1605,5.722486,46.28675,-9999
2026/09/08 19:22:00,-9999,-9999,-9999,150,2,1635,5.682288,46.57848,-9999
2026/09/08 19:22:00,-9999,-9999,-9999,150,2,1665,5.272021,41.51488,-9999
2026/09/08 19:22:00,-9999,-9999,-9999,150,2,1695,5.235894,41.69904,-9999
2026/09/08 19:22:00,-9999,-9999,-9999,150,2,1725,5.301147,40.45302,-9999
2026/09/08 19:22:00,-9999,-9999,-9999,150,2,1755,5.265888,40.87932,-9999
2026/09/08 19:22:00,-9999,-9999,-9999,150,2,1785,5.196565,41.0019,-9999
2026/09/08 19:22:00,-9999,-9999,-9999,150,2,1815,4.772129,33.86627,-9999
2026/09/08 19:22:00,-9999,-9999,-9999,150,2,1845,4.728028,33.80006,-9999
2026/09/08 19:22:00,-9999,-9999,-9999,150,2,1875,-9999,-9999,-9999
2026/09/08 19:22:00,-9999,-9999,-9999,150,2,1905,-9999,-9999,-9999
2026/09/08 19:22:00,-9999,-9999,-9999,150,2,1935,-9999,-9999,-9999
2026/09/08 19:22:00,-9999,-9999,-9999,150,2,1965,-9999,-9999,-9999
2026/09/08 19:22:00,-9999,-9999,-9999,150,2,1995,-9999,-9999,-9999
2026/09/08 19:22:00,-9999,-9999,-9999,150,2,2025,-9999,-9999,-9999
2026/09/08 19:22:00,-9999,-9999,-9999,150,2,2055,-9999,-9999,-9999
2026/09/08 19:22:00,-9999,-9999,-9999,150,2,2085,-9999,-9999,-9999
2026/09/08 19:22:00,-9999,-9999,-9999,150,2,2115,-9999,-9999,-9999
2026/09/08 19:22:00,-9999,-9999,-9999,150,2,2145,-9999,-9999,-9999
2026/09/08 19:22:00,-9999,-9999,-9999,150,2,2175,-9999,-9999,-9999
2026/09/08 19:22:00,-9999,-9999,-9999,150,2,2205,-9999,-9999,-9999
2026/09/08 19:22:00,-9999,-9999,-9999,150,2,2235,-9999,-9999,-9999
2026/09/08 19:22:00,-9999,-9999,-9999,150,2,2265,-9999,-9999,-9999
2026/09/08 19:22:00,-9999,-9999,-9999,150,2,2295,-9999,-9999,-9999
2026/09/08 19:22:00,-9999,-9999,-9999,150,2,2325,-9999,-9999,-9999
2026/09/08 19:22:00,-9999,-9999,-9999,150,2,2355,-9999,-9999,-9999
2026/09/08 19:22:00,-9999,-9999,-9999,150,2,2385,-9999,-9999,-9999
2026/09/08 19:22:00,-9999,-9999,-9999,150,2,2415,-9999,-9999,-9999
2026/09/08 19:22:00,-9999,-9999,-9999,150,2,2445,-9999,-9999,-9999
2026/09/08 19:22:00,-9999,-9999,-9999,150,2,2475,-9999,-9999,-9999
2026/09/08 19:22:00,-9999,-9999,-9999,150,2,2505,-9999,-9999,-9999
2026/09/08 19:22:00,-9999,-9999,-9999,150,2,2535,-9999,-9999,-9999
2026/09/08 19:22:00,-9999,-9999,-9999,150,2,2565,-9999,-9999,-9999
2026/09/08 19:22:00,-9999,-9999,-9999,150,2,2595,-9999,-9999,-9999
2026/09/08 19:22:00,-9999,-9999,-9999,150,2,2625,-9999,-9999,-9999
2026/09/08 19:22:00,-9999,-9999,-9999,150,2,2655,-9999,-9999,-9999
2026/09/08 19:22:00,-9999,-9999,-9999,150,2,2685,-9999,-9999,-9999
2026/09/08 19:22:00,-9999,-9999,-9999,150,2,2715,-9999,-9999,-9999
2026/09/08 19:22:00,-9999,-9999,-9999,150,2,2745,-9999,-9999,-9999
2026/09/08 19:22:00,-9999,-9999,-9999,150,2,2775,-9999,-9999,-9999
2026/09/08 19:22:00,-9999,-9999,-9999,150,2,2805,-9999,-9999,-9999
2026/09/08 19:22:00,-9999,-9999,-9999,150,2,2835,-9999,-9999,-9999
2026/09/08 19:22:00,-9999,-9999,-9999,150,2,2865,-9999,-9999,-9999
2026/09/08 19:22:00,-9999,-9999,-9999,150,2,2895,-9999,-9999,-9999
2026/09/08 19:22:00,-9999,-9999,-9999,150,2,2925,-9999,-9999,-9999
2026/09/08 19:22:00,-9999,-9999,-9999,150,2,2955,-9999,-9999,-9999
2026/09/08 19:22:00,-9999,-9999,-9999,150,2,2985,-9999,-9999,-9999
2026/09/08 19:22:00,-9999,-9999,-9999,150,2,3015,-9999,-9999,-9999
2026/09/08 19:22:00,-9999,-9999,-9999,150,2,3045,-9999,-9999,-9999
2026/09/08 19:22:00,-9999,-9999,-9999,150,2,3075,-9999,-9999,-9999
2026/09/08 19:22:00,-9999,-9999,-9999,150,2,3105,-9999,-9999,-9999
2026/09/08 19:22:00,-9999,-9999,-9999,150,2,3135,-9999,-9999,-9999
2026/09/08 19:22:00,-9999,-9999,-9999,150,2,3165,-9999,-9999,-9999
2026/09/08 19:22:00,-9999,-9999,-9999,150,2,3195,-9999,-9999,-9999
2026/09/08 19:22:00,-9999,-9999,-9999,150,2,3225,-9999,-9999,-9999
2026/09/08 19:22:00,-9999,-9999,-9999,150,2,3255,-9999,-9999,-9999
2026/09/08 19:22:00,-9999,-9999,-9999,150,2,3285,-9999,-9999,-9999
2026/09/08 19:22:00,-9999,-9999,-9999,150,2,3315,-9999,-9999,-9999
2026/09/08 19:22:00,-9999,-9999,-9999,150,2,3345,-9999,-9999,-9999
2026/09/08 19:22:00,-9999,-9999,-9999,150,2,3375,-9999,-9999,-9999
2026/09/08 19:22:00,-9999,-9999,-9999,150,2,3405,-9999,-9999,-9999
2026/09/08 19:22:00,-9999,-9999,-9999,150,2,3435,-9999,-9999,-9999
2026/09/08 19:22:00,-9999,-9999,-9999,150,2,3465,-9999,-9999,-9999
2026/09/08 19:22:00,-9999,-9999,-9999,150,2,3495,-9999,-9999,-9999
2026/09/08 19:22:00,-9999,-9999,-9999,150,2,3525,-9999,-9999,-9999
2026/09/08 19:22:00,-9999,-9999,-9999,150,2,3555,-9999,-9999,-9999
2026/09/08 19:22:00,-9999,-9999,-9999,150,2,3585,-9999,-9999,-9999
2026/09/08 19:22:00,-9999,-9999,-9999,150,2,3615,-9999,-9999,-9999
2026/09/08 19:22:00,-9999,-9999,-9999,150,2,3645,-9999,-9999,-9999
2026/09/08 19:22:00,-9999,-9999,-9999,150,2,3675,-9999,-9999,-9999
2026/09/08 19:22:00,-9999,-9999,-9999,150,2,3705,-9999,-9999,-9999
2026/09/08 19:22:00,-9999,-9999,-9999,150,2,3735,-9999,-9999,-9999
2026/09/08 19:22:00,-9999,-9999,-9999,150,2,3765,-9999,-9999,-9999
2026/09/08 19:22:00,-9999,-9999,-9999,150,2,3795,-9999,-9999,-9999
2026/09/08 19:22:00,-9999,-9999,-9999,150,2,3825,-9999,-9999,-9999
2026/09/08 19:22:00,-9999,-9999,-9999,150,2,3855,-9999,-9999,-9999
2026/09/08 19:22:00,-9999,-9999,-9999,150,2,3885,-9999,-9999,-9999
2026/09/08 19:22:00,-9999,-9999,-9999,150,2,3915,-9999,-9999,-9999
2026/09/08 19:22:00,-9999,-9999,-9999,150,2,3945,-9999,-9999,-9999
2026/09/08 19:22:00,-9999,-9999,-9999,150,2,3975,-9999,-9999,-9999
2026/09/08 19:22:00,-9999,-9999,-9999,150,2,4005,-9999,-9999,-9999
2026/09/08 19:22:00,-9999,-9999,-9999,150,2,4035,-9999,-9999,-9999
2026/09/08 19:22:00,-9999,-9999,-9999,150,2,4065,-9999,-9999,-9999
2026/09/08 19:22:00,-9999,-9999,-9999,150,2,4095,-9999,-9999,-9999
2026/09/08 19:22:00,-9999,-9999,-9999,150,2,4125,-9999,-9999,-9999
2026/09/08 19:22:00,-9999,-9999,-9999,150,2,4155,-9999,-9999,-9999
2026/09/08 19:22:00,-9999,-9999,-9999,150,2,4185,-9999,-9999,-9999
2026/09/08 19:22:00,-9999,-9999,-9999,150,2,4215,-9999,-9999,-9999
2026/09/08 19:22:00,-9999,-9999,-9999,150,2,4245,-9999,-9999,-9999
2026/09/08 19:22:00,-9999,-9999,-9999,150,2,4275,-9999,-9999,-9999
2026/09/08 19:22:00,-9999,-9999,-9999,150,2,4305,-9999,-9999,-9999
2026/09/08 19:22:00,-9999,-9999,-9999,150,2,4335,-9999,-9999,-9999
2026/09/08 19:22:00,-9999,-9999,-9999,150,2,4365,-9999,-9999,-9999
2026/09/08 19:22:00,-9999,-9999,-9999,150,2,4395,-9999,-9999,-9999
2026/09/08 19:22:00,-9999,-9999,-9999,150,2,4425,-9999,-9999,-9999
2026/09/08 19:22:00,-9999,-9999,-9999,150,2,4455,-9999,-9999,-9999
2026/09/08 19:22:00,-9999,-9999,-9999,150,2,4485,-9999,-9999,-9999
2026/09/08 19:22:00,-9999,-9999,-9999,150,2,4515,-9999,-9999,-9999
2026/09/08 19:22:00,-9999,-9999,-9999,150,2,4545,-9999,-9999,-9999
2026/09/08 19:22:00,-9999,-9999,-9999,150,2,4575,-9999,-9999,-9999
2026/09/08 19:22:00,-9999,-9999,-9999,150,2,4605,-9999,-9999,-9999
2026/09/08 19:22:00,-9999,-9999,-9999,150,2,4635,-9999,-9999,-9999
2026/09/08 19:22:00,-9999,-9999,-9999,150,2,4665,-9999,-9999,-9999
2026/09/08 19:22:00,-9999,-9999,-9999,150,2,4695,-9999,-9999,-9999
2026/09/08 19:22:00,-9999,-9999,-9999,150,2,4725,-9999,-9999,-9999
2026/09/08 19:22:00,-9999,-9999,-9999,150,2,4755,-9999,-9999,-9999
2026/09/08 19:22:00,-9999,-9999,-9999,150,2,4785,-9999,-9999,-9999
2026/09/08 19:22:00,-9999,-9999,-9999,150,2,4815,-9999,-9999,-9999
2026/09/08 19:22:00,-9999,-9999,-9999,150,2,4845,-9999,-9999,-9999
2026/09/08 19:22:00,-9999,-9999,-9999,150,2,4875,-9999,-9999,-9999
2026/09/08 19:22:00,-9999,-9999,-9999,150,2,4905,-9999,-9999,-9999
2026/09/08 19:22:00,-9999,-9999,-9999,150,2,4935,-9999,-9999,-9999
2026/09/08 19:22:00,-9999,-9999,-9999,150,2,4965,-9999,-9999,-9999
2026/09/08 19:22:00,-9999,-9999,-9999,150,2,4995,-9999,-9999,-9999
2026/09/08 19:22:00,-9999,-9999,-9999,150,2,5025,-9999,-9999,-9999
2026/09/08 19:22:00,-9999,-9999,-9999,150,2,5055,-9999,-9999,-9999
2026/09/08 19:22:00,-9999,-9999,-9999,150,2,5085,-9999,-9999,-9999
2026/09/08 19:22:00,-9999,-9999,-9999,150,2,5115,-9999,-9999,-9999
2026/09/08 19:22:00,-9999,-9999,-9999,150,2,5145,-9999,-9999,-9999
2026/09/08 19:22:00,-9999,-9999,-9999,150,2,5175,-9999,-9999,-9999
2026/09/08 19:22:00,-9999,-9999,-9999,150,2,5205,-9999,-9999,-9999
2026/09/08 19:22:00,-9999,-9999,-9999,150,2,5235,-9999,-9999,-9999
2026/09/08 19:22:00,-9999,-9999,-9999,150,2,5265,-9999,-9999,-9999
2026/09/08 19:22:00,-9999,-9999,-9999,150,2,5295,-9999,-9999,-9999
2026/09/08 19:22:00,-9999,-9999,-9999,150,2,5325,-9999,-9999,-9999
2026/09/08 19:22:00,-9999,-9999,-9999,150,2,5355,-9999,-9999,-9999
2026/09/08 19:22:00,-9999,-9999,-9999,150,2,5385,-9999,-9999,-9999
2026/09/08 19:22:00,-9999,-9999,-9999,150,2,5415,-9999,-9999,-9999
2026/09/08 19:22:00,-9999,-9999,-9999,150,2,5445,-9999,-9999,-9999
2026/09/08 19:22:00,-9999,-9999,-9999,150,2,5475,-9999,-9999,-9999
2026/09/08 19:22:00,-9999,-9999,-9999,150,2,5505,-9999,-9999,-9999
2026/09/08 19:22:00,-9999,-9999,-9999,150,2,5535,-9999,-9999,-9999
2026/09/08 19:22:00,-9999,-9999,-9999,150,2,5565,-9999,-9999,-9999
2026/09/08 19:22:00,-9999,-9999,-9999,150,2,5595,-9999,-9999,-9999
2026/09/08 19:22:00,-9999,-9999,-9999,150,2,5625,-9999,-9999,-9999
2026/09/08 19:22:00,-9999,-9999,-9999,150,2,5655,-9999,-9999,-9999
2026/09/08 19:22:00,-9999,-9999,-9999,150,2,5685,-9999,-9999,-9999
2026/09/08 19:22:00,-9999,-9999,-9999,150,2,5715,-9999,-9999,-9999
2026/09/08 19:22:00,-9999,-9999,-9999,150,2,5745,-9999,-9999,-9999
2026/09/08 19:22:00,-9999,-9999,-9999,150,2,5775,-9999,-9999,-9999
2026/09/08 19:22:00,-9999,-9999,-9999,150,2,5805,-9999,-9999,-9999
2026/09/08 19:22:00,-9999,-9999,-9999,150,2,5835,-9999,-9999,-9999
2026/09/08 19:22:00,-9999,-9999,-9999,150,2,5865,-9999,-9999,-9999
2026/09/08 19:22:00,-9999,-9999,-9999,150,2,5895,-9999,-9999,-9999
2026/09/08 19:22:00,-9999,-9999,-9999,150,2,5925,-9999,-9999,-9999
2026/09/08 19:22:00,-9999,-9999,-9999,150,2,5955,-9999,-9999,-9999
2026/09/08 19:22:00,-9999,-9999,-9999,150,2,5985,-9999,-9999,-9999
2026/09/08 19:22:00,-9999,-9999,-9999,160,2,15,-9999,-9999,-9999
2026/09/08 19:22:00,-9999,-9999,-9999,160,2,45,2.546445,54.24348,-9999
2026/09/08 19:22:00,-9999,-9999,-9999,160,2,75,2.895955,56.98091,-9999
2026/09/08 19:22:00,-9999,-9999,-9999,160,2,105,2.943871,59.29393,-9999
2026/09/08 19:22:00,-9999,-9999,-9999,160,2,135,3.134096,59.5398,-9999
2026/09/08 19:22:00,-9999,-9999,-9999,160,2,165,3.246329,60.31392,-9999
2026/09/08 19:22:00,-9999,-9999,-9999,160,2,195,3.208927,59.54814,-9999
2026/09/08 19:22:00,-9999,-9999,-9999,160,2,225,3.564139,56.5233,-9999
2026/09/08 19:22:00,-9999,-9999,-9999,160,2,255,3.541975,55.45803,-9999
2026/09/08 19:22:00,-9999,-9999,-9999,160,2,285,3.436332,54.58911,-9999
2026/09/08 19:22:00,-9999,-9999,-9999,160,2,315,3.398118,53.35103,-9999
2026/09/08 19:22:00,-9999,-9999,-9999,160,2,345,3.376405,50.49327,-9999
2026/09/08 19:22:00,-9999,-9999,-9999,160,2,375,3.359286,47.7214,-9999
2026/09/08 19:22:00,-9999,-9999,-9999,160,2,405,3.431499,45.76918,-9999
2026/09/08 19:22:00,-9999,-9999,-9999,160,2,435,3.526953,45.35879,-9999
2026/09/08 19:22:00,-9999,-9999,-9999,160,2,465,3.716385,45.35291,-9999
2026/09/08 19:22:00,-9999,-9999,-9999,160,2,495,3.982048,46.03971,-9999
2026/09/08 19:22:00,-9999,-9999,-9999,160,2,525,4.233543,46.35469,-9999
2026/09/08 19:22:00,-9999,-9999,-9999,160,2,555,4.401194,46.42485,-9999
2026/09/08 19:22:00,-9999,-9999,-9999,160,2,585,4.441571,46.64232,-9999
2026/09/08 19:22:00,-9999,-9999,-9999,160,2,615,4.433168,46.29309,-9999
2026/09/08 19:22:00,-9999,-9999,-9999,160,2,645,4.362144,45.15054,-9999
2026/09/08 19:22:00,-9999,-9999,-9999,160,2,675,4.329576,44.57557,-9999
2026/09/08 19:22:00,-9999,-9999,-9999,160,2,705,4.402248,44.93048,-9999
2026/09/08 19:22:00,-9999,-9999,-9999,160,2,735,4.497581,44.71875,-9999
2026/09/08 19:22:00,-9999,-9999,-9999,160,2,765,4.580719,45.23421,-9999
2026/09/08 19:22:00,-9999,-9999,-9999,160,2,795,4.555805,45.42661,-9999
2026/09/08 19:22:00,-9999,-9999,-9999,160,2,825,4.47079,44.95343,-9999
2026/09/08 19:22:00,-9999,-9999,-9999,160,2,855,4.281235,44.66467,-9999
2026/09/08 19:22:00,-9999,-9999,-9999,160,2,885,4.09688,44.61396,-9999
2026/09/08 19:22:00,-9999,-9999,-9999,160,2,915,3.907516,43.35102,-9999
2026/09/08 19:22:00,-9999,-9999,-9999,160,2,945,3.683116,42.17232,-9999
2026/09/08 19:22:00,-9999,-9999,-9999,160,2,975,3.421932,31.9768,-9999
2026/09/08 19:22:00,-9999,-9999,-9999,160,2,1005,3.516395,30.85294,-9999
2026/09/08 19:22:00,-9999,-9999,-9999,160,2,1035,4.043247,41.15197,-9999
2026/09/08 19:22:00,-9999,-9999,-9999,160,2,1065,4.357372,41.59643,-9999
2026/09/08 19:22:00,-9999,-9999,-9999,160,2,1095,4.60327,43.62967,-9999
2026/09/08 19:22:00,-9999,-9999,-9999,160,2,1125,4.7461,45.23205,-9999
2026/09/08 19:22:00,-9999,-9999,-9999,160,2,1155,4.789822,46.12603,-9999
2026/09/08 19:22:00,-9999,-9999,-9999,160,2,1185,4.763195,46.34966,-9999
2026/09/08 19:22:00,-9999,-9999,-9999,160,2,1215,4.70358,45.55151,-9999
2026/09/08 19:22:00,-9999,-9999,-9999,160,2,1245,4.678563,44.89943,-9999
2026/09/08 19:22:00,-9999,-9999,-9999,160,2,1275,4.664224,44.65416,-9999
2026/09/08 19:22:00,-9999,-9999,-9999,160,2,1305,4.820323,44.95681,-9999
2026/09/08 19:22:00,-9999,-9999,-9999,160,2,1335,4.943017,45.63638,-9999
2026/09/08 19:22:00,-9999,-9999,-9999,160,2,1365,5.03146,45.5871,-9999
2026/09/08 19:22:00,-9999,-9999,-9999,160,2,1395,5.188403,45.64505,-9999
2026/09/08 19:22:00,-9999,-9999,-9999,160,2,1425,5.21175,45.77369,-9999
2026/09/08 19:22:00,-9999,-9999,-9999,160,2,1455,5.290057,45.83794,-9999
2026/09/08 19:22:00,-9999,-9999,-9999,160,2,1485,5.438662,46.05045,-9999
2026/09/08 19:22:00,-9999,-9999,-9999,160,2,1515,5.444264,45.15429,-9999
2026/09/08 19:22:00,-9999,-9999,-9999,160,2,1545,5.525333,45.01269,-9999
2026/09/08 19:22:00,-9999,-9999,-9999,160,2,1575,5.576649,45.32819,-9999
2026/09/08 19:22:00,-9999,-9999,-9999,160,2,1605,5.643024,45.65373,-9999
2026/09/08 19:22:00,-9999,-9999,-9999,160,2,1635,5.625474,45.65588,-9999
2026/09/08 19:22:00,-9999,-9999,-9999,160,2,1665,5.579918,43.5758,-9999
2026/09/08 19:22:00,-9999,-9999,-9999,160,2,1695,5.618217,43.97045,-9999
2026/09/08 19:22:00,-9999,-9999,-9999,160,2,1725,-9999,-9999,-9999
2026/09/08 19:22:00,-9999,-9999,-9999,160,2,1755,-9999,-9999,-9999
2026/09/08 19:22:00,-9999,-9999,-9999,160,2,1785,-9999,-9999,-9999
2026/09/08 19:22:00,-9999,-9999,-9999,160,2,1815,-9999,-9999,-9999
2026/09/08 19:22:00,-9999,-9999,-9999,160,2,1845,-9999,-9999,-9999
2026/09/08 19:22:00,-9999,-9999,-9999,160,2,1875,-9999,-9999,-9999
2026/09/08 19:22:00,-9999,-9999,-9999,160,2,1905,-9999,-9999,-9999
2026/09/08 19:22:00,-9999,-9999,-9999,160,2,1935,-9999,-9999,-9999
2026/09/08 19:22:00,-9999,-9999,-9999,160,2,1965,-9999,-9999,-9999
2026/09/08 19:22:00,-9999,-9999,-9999,160,2,1995,-9999,-9999,-9999
2026/09/08 19:22:00,-9999,-9999,-9999,160,2,2025,-9999,-9999,-9999
2026/09/08 19:22:00,-9999,-9999,-9999,160,2,2055,-9999,-9999,-9999
2026/09/08 19:22:00,-9999,-9999,-9999,160,2,2085,-9999,-9999,-9999
2026/09/08 19:22:00,-9999,-9999,-9999,160,2,2115,-9999,-9999,-9999
2026/09/08 19:22:00,-9999,-9999,-9999,160,2,2145,-9999,-9999,-9999
2026/09/08 19:22:00,-9999,-9999,-9999,160,2,2175,-9999,-9999,-9999
2026/09/08 19:22:00,-9999,-9999,-9999,160,2,2205,-9999,-9999,-9999
2026/09/08 19:22:00,-9999,-9999,-9999,160,2,2235,-9999,-9999,-9999
2026/09/08 19:22:00,-9999,-9999,-9999,160,2,2265,-9999,-9999,-9999
2026/09/08 19:22:00,-9999,-9999,-9999,160,2,2295,-9999,-9999,-9999
2026/09/08 19:22:00,-9999,-9999,-9999,160,2,2325,-9999,-9999,-9999
2026/09/08 19:22:00,-9999,-9999,-9999,160,2,2355,-9999,-9999,-9999
2026/09/08 19:22:00,-9999,-9999,-9999,160,2,2385,-9999,-9999,-9999
2026/09/08 19:22:00,-9999,-9999,-9999,160,2,2415,-9999,-9999,-9999
2026/09/08 19:22:00,-9999,-9999,-9999,160,2,2445,-9999,-9999,-9999
2026/09/08 19:22:00,-9999,-9999,-9999,160,2,2475,-9999,-9999,-9999
2026/09/08 19:22:00,-9999,-9999,-9999,160,2,2505,-9999,-9999,-9999
2026/09/08 19:22:00,-9999,-9999,-9999,160,2,2535,-9999,-9999,-9999
2026/09/08 19:22:00,-9999,-9999,-9999,160,2,2565,-9999,-9999,-9999
2026/09/08 19:22:00,-9999,-9999,-9999,160,2,2595,-9999,-9999,-9999
2026/09/08 19:22:00,-9999,-9999,-9999,160,2,2625,-9999,-9999,-9999
2026/09/08 19:22:00,-9999,-9999,-9999,160,2,2655,-9999,-9999,-9999
2026/09/08 19:22:00,-9999,-9999,-9999,160,2,2685,-9999,-9999,-9999
2026/09/08 19:22:00,-9999,-9999,-9999,160,2,2715,-9999,-9999,-9999
2026/09/08 19:22:00,-9999,-9999,-9999,160,2,2745,-9999,-9999,-9999
2026/09/08 19:22:00,-9999,-9999,-9999,160,2,2775,-9999,-9999,-9999
2026/09/08 19:22:00,-9999,-9999,-9999,160,2,2805,-9999,-9999,-9999
2026/09/08 19:22:00,-9999,-9999,-9999,160,2,2835,-9999,-9999,-9999
2026/09/08 19:22:00,-9999,-9999,-9999,160,2,2865,-9999,-9999,-9999
2026/09/08 19:22:00,-9999,-9999,-9999,160,2,2895,-9999,-9999,-9999
2026/09/08 19:22:00,-9999,-9999,-9999,160,2,2925,-9999,-9999,-9999
2026/09/08 19:22:00,-9999,-9999,-9999,160,2,2955,-9999,-9999,-9999
2026/09/08 19:22:00,-9999,-9999,-9999,160,2,2985,-9999,-9999,-9999
2026/09/08 19:22:00,-9999,-9999,-9999,160,2,3015,-9999,-9999,-9999
2026/09/08 19:22:00,-9999,-9999,-9999,160,2,3045,-9999,-9999,-9999
2026/09/08 19:22:00,-9999,-9999,-9999,160,2,3075,-9999,-9999,-9999
2026/09/08 19:22:00,-9999,-9999,-9999,160,2,3105,-9999,-9999,-9999
2026/09/08 19:22:00,-9999,-9999,-9999,160,2,3135,-9999,-9999,-9999
2026/09/08 19:22:00,-9999,-9999,-9999,160,2,3165,-9999,-9999,-9999
2026/09/08 19:22:00,-9999,-9999,-9999,160,2,3195,-9999,-9999,-9999
2026/09/08 19:22:00,-9999,-9999,-9999,160,2,3225,-9999,-9999,-9999
2026/09/08 19:22:00,-9999,-9999,-9999,160,2,3255,-9999,-9999,-9999
2026/09/08 19:22:00,-9999,-9999,-9999,160,2,3285,-9999,-9999,-9999
2026/09/08 19:22:00,-9999,-9999,-9999,160,2,3315,-9999,-9999,-9999
2026/09/08 19:22:00,-9999,-9999,-9999,160,2,3345,-9999,-9999,-9999
2026/09/08 19:22:00,-9999,-9999,-9999,160,2,3375,-9999,-9999,-9999
2026/09/08 19:22:00,-9999,-9999,-9999,160,2,3405,-9999,-9999,-9999
2026/09/08 19:22:00,-9999,-9999,-9999,160,2,3435,-9999,-9999,-9999
2026/09/08 19:22:00,-9999,-9999,-9999,160,2,3465,-9999,-9999,-9999
2026/09/08 19:22:00,-9999,-9999,-9999,160,2,3495,-9999,-9999,-9999
2026/09/08 19:22:00,-9999,-9999,-9999,160,2,3525,-9999,-9999,-9999
2026/09/08 19:22:00,-9999,-9999,-9999,160,2,3555,-9999,-9999,-9999
2026/09/08 19:22:00,-9999,-9999,-9999,160,2,3585,-9999,-9999,-9999
2026/09/08 19:22:00,-9999,-9999,-9999,160,2,3615,-9999,-9999,-9999
2026/09/08 19:22:00,-9999,-9999,-9999,160,2,3645,-9999,-9999,-9999
2026/09/08 19:22:00,-9999,-9999,-9999,160,2,3675,-9999,-9999,-9999
2026/09/08 19:22:00,-9999,-9999,-9999,160,2,3705,-9999,-9999,-9999
2026/09/08 19:22:00,-9999,-9999,-9999,160,2,3735,-9999,-9999,-9999
2026/09/08 19:22:00,-9999,-9999,-9999,160,2,3765,-9999,-9999,-9999
2026/09/08 19:22:00,-9999,-9999,-9999,160,2,3795,-9999,-9999,-9999
2026/09/08 19:22:00,-9999,-9999,-9999,160,2,3825,-9999,-9999,-9999
2026/09/08 19:22:00,-9999,-9999,-9999,160,2,3855,-9999,-9999,-9999
2026/09/08 19:22:00,-9999,-9999,-9999,160,2,3885,-9999,-9999,-9999
2026/09/08 19:22:00,-9999,-9999,-9999,160,2,3915,-9999,-9999,-9999
2026/09/08 19:22:00,-9999,-9999,-9999,160,2,3945,-9999,-9999,-9999
2026/09/08 19:22:00,-9999,-9999,-9999,160,2,3975,-9999,-9999,-9999
2026/09/08 19:22:00,-9999,-9999,-9999,160,2,4005,-9999,-9999,-9999
2026/09/08 19:22:00,-9999,-9999,-9999,160,2,4035,-9999,-9999,-9999
2026/09/08 19:22:00,-9999,-9999,-9999,160,2,4065,-9999,-9999,-9999
2026/09/08 19:22:00,-9999,-9999,-9999,160,2,4095,-9999,-9999,-9999
2026/09/08 19:22:00,-9999,-9999,-9999,160,2,4125,-9999,-9999,-9999
2026/09/08 19:22:00,-9999,-9999,-9999,160,2,4155,-9999,-9999,-9999
2026/09/08 19:22:00,-9999,-9999,-9999,160,2,4185,-9999,-9999,-9999
2026/09/08 19:22:00,-9999,-9999,-9999,160,2,4215,-9999,-9999,-9999
2026/09/08 19:22:00,-9999,-9999,-9999,160,2,4245,-9999,-9999,-9999
2026/09/08 19:22:00,-9999,-9999,-9999,160,2,4275,-9999,-9999,-9999
2026/09/08 19:22:00,-9999,-9999,-9999,160,2,4305,-9999,-9999,-9999
2026/09/08 19:22:00,-9999,-9999,-9999,160,2,4335,-9999,-9999,-9999
2026/09/08 19:22:00,-9999,-9999,-9999,160,2,4365,-9999,-9999,-9999
2026/09/08 19:22:00,-9999,-9999,-9999,160,2,4395,-9999,-9999,-9999
2026/09/08 19:22:00,-9999,-9999,-9999,160,2,4425,-9999,-9999,-9999
2026/09/08 19:22:00,-9999,-9999,-9999,160,2,4455,-9999,-9999,-9999
2026/09/08 19:22:00,-9999,-9999,-9999,160,2,4485,-9999,-9999,-9999
2026/09/08 19:22:00,-9999,-9999,-9999,160,2,4515,-9999,-9999,-9999
2026/09/08 19:22:00,-9999,-9999,-9999,160,2,4545,-9999,-9999,-9999
2026/09/08 19:22:00,-9999,-9999,-9999,160,2,4575,-9999,-9999,-9999
2026/09/08 19:22:00,-9999,-9999,-9999,160,2,4605,-9999,-9999,-9999
2026/09/08 19:22:00,-9999,-9999,-9999,160,2,4635,-9999,-9999,-9999
2026/09/08 19:22:00,-9999,-9999,-9999,160,2,4665,-9999,-9999,-9999
2026/09/08 19:22:00,-9999,-9999,-9999,160,2,4695,-9999,-9999,-9999
2026/09/08 19:22:00,-9999,-9999,-9999,160,2,4725,-9999,-9999,-9999
2026/09/08 19:22:00,-9999,-9999,-9999,160,2,4755,-9999,-9999,-9999
2026/09/08 19:22:00,-9999,-9999,-9999,160,2,4785,-9999,-9999,-9999
2026/09/08 19:22:00,-9999,-9999,-9999,160,2,4815,-9999,-9999,-9999
2026/09/08 19:22:00,-9999,-9999,-9999,160,2,4845,-9999,-9999,-9999
2026/09/08 19:22:00,-9999,-9999,-9999,160,2,4875,-9999,-9999,-9999
2026/09/08 19:22:00,-9999,-9999,-9999,160,2,4905,-9999,-9999,-9999
2026/09/08 19:22:00,-9999,-9999,-9999,160,2,4935,-9999,-9999,-9999
2026/09/08 19:22:00,-9999,-9999,-9999,160,2,4965,-9999,-9999,-9999
2026/09/08 19:22:00,-9999,-9999,-9999,160,2,4995,-9999,-9999,-9999
2026/09/08 19:22:00,-9999,-9999,-9999,160,2,5025,-9999,-9999,-9999
2026/09/08 19:22:00,-9999,-9999,-9999,160,2,5055,-9999,-9999,-9999
2026/09/08 19:22:00,-9999,-9999,-9999,160,2,5085,-9999,-9999,-9999
2026/09/08 19:22:00,-9999,-9999,-9999,160,2,5115,-9999,-9999,-9999
2026/09/08 19:22:00,-9999,-9999,-9999,160,2,5145,-9999,-9999,-9999
2026/09/08 19:22:00,-9999,-9999,-9999,160,2,5175,-9999,-9999,-9999
2026/09/08 19:22:00,-9999,-9999,-9999,160,2,5205,-9999,-9999,-9999
2026/09/08 19:22:00,-9999,-9999,-9999,160,2,5235,-9999,-9999,-9999
2026/09/08 19:22:00,-9999,-9999,-9999,160,2,5265,-9999,-9999,-9999
2026/09/08 19:22:00,-9999,-9999,-9999,160,2,5295,-9999,-9999,-9999
2026/09/08 19:22:00,-9999,-9999,-9999,160,2,5325,-9999,-9999,-9999
2026/09/08 19:22:00,-9999,-9999,-9999,160,2,5355,-9999,-9999,-9999
2026/09/08 19:22:00,-9999,-9999,-9999,160,2,5385,-9999,-9999,-9999
2026/09/08 19:22:00,-9999,-9999,-9999,160,2,5415,-9999,-9999,-9999
2026/09/08 19:22:00,-9999,-9999,-9999,160,2,5445,-9999,-9999,-9999
2026/09/08 19:22:00,-9999,-9999,-9999,160,2,5475,-9999,-9999,-9999
2026/09/08 19:22:00,-9999,-9999,-9999,160,2,5505,-9999,-9999,-9999
2026/09/08 19:22:00,-9999,-9999,-9999,160,2,5535,-9999,-9999,-9999
2026/09/08 19:22:00,-9999,-9999,-9999,160,2,5565,-9999,-9999,-9999
2026/09/08 19:22:00,-9999,-9999,-9999,160,2,5595,-9999,-9999,-9999
2026/09/08 19:22:00,-9999,-9999,-9999,160,2,5625,-9999,-9999,-9999
2026/09/08 19:22:00,-9999,-9999,-9999,160,2,5655,-9999,-9999,-9999
2026/09/08 19:22:00,-9999,-9999,-9999,160,2,5685,-9999,-9999,-9999
2026/09/08 19:22:00,-9999,-9999,-9999,160,2,5715,-9999,-9999,-9999
2026/09/08 19:22:00,-9999,-9999,-9999,160,2,5745,-9999,-9999,-9999
2026/09/08 19:22:00,-9999,-9999,-9999,160,2,5775,-9999,-9999,-9999
2026/09/08 19:22:00,-9999,-9999,-9999,160,2,5805,-9999,-9999,-9999
2026/09/08 19:22:00,-9999,-9999,-9999,160,2,5835,-9999,-9999,-9999
2026/09/08 19:22:00,-9999,-9999,-9999,160,2,5865,-9999,-9999,-9999
2026/09/08 19:22:00,-9999,-9999,-9999,160,2,5895,-9999,-9999,-9999
2026/09/08 19:22:00,-9999,-9999,-9999,160,2,5925,-9999,-9999,-9999
2026/09/08 19:22:00,-9999,-9999,-9999,160,2,5955,-9999,-9999,-9999
2026/09/08 19:22:00,-9999,-9999,-9999,160,2,5985,-9999,-9999,-9999
2026/09/08 19:22:00,-9999,-9999,-9999,170,2,15,-9999,-9999,-9999
2026/09/08 19:22:00,-9999,-9999,-9999,170,2,45,2.52786,55.85243,-9999
2026/09/08 19:22:00,-9999,-9999,-9999,170,2,75,2.856618,58.30865,-9999
2026/09/08 19:22:00,-9999,-9999,-9999,170,2,105,2.784769,60.05305,-9999
2026/09/08 19:22:00,-9999,-9999,-9999,170,2,135,2.942914,61.04926,-9999
2026/09/08 19:22:00,-9999,-9999,-9999,170,2,165,2.898512,62.20092,-9999
2026/09/08 19:22:00,-9999,-9999,-9999,170,2,195,2.785386,61.66245,-9999
2026/09/08 19:22:00,-9999,-9999,-9999,170,2,225,3.205523,58.91018,-9999
2026/09/08 19:22:00,-9999,-9999,-9999,170,2,255,3.181974,56.69979,-9999
2026/09/08 19:22:00,-9999,-9999,-9999,170,2,285,3.073597,54.49086,-9999
2026/09/08 19:22:00,-9999,-9999,-9999,170,2,315,3.015602,51.6989,-9999
2026/09/08 19:22:00,-9999,-9999,-9999,170,2,345,2.991218,47.40122,-9999
2026/09/08 19:22:00,-9999,-9999,-9999,170,2,375,2.990635,43.12052,-9999
2026/09/08 19:22:00,-9999,-9999,-9999,170,2,405,3.079079,40.14926,-9999
2026/09/08 19:22:00,-9999,-9999,-9999,170,2,435,3.176482,38.69619,-9999
2026/09/08 19:22:00,-9999,-9999,-9999,170,2,465,3.369088,38.91839,-9999
2026/09/08 19:22:00,-9999,-9999,-9999,170,2,495,3.615077,40.70422,-9999
2026/09/08 19:22:00,-9999,-9999,-9999,170,2,525,3.878605,42.02018,-9999
2026/09/08 19:22:00,-9999,-9999,-9999,170,2,555,4.097974,43.32248,-9999
2026/09/08 19:22:00,-9999,-9999,-9999,170,2,585,4.198535,44.66056,-9999
2026/09/08 19:22:00,-9999,-9999,-9999,170,2,615,4.271878,45.3329,-9999
2026/09/08 19:22:00,-9999,-9999,-9999,170,2,645,4.238193,45.17554,-9999
2026/09/08 19:22:00,-9999,-9999,-9999,170,2,675,4.204125,45.13147,-9999
2026/09/08 19:22:00,-9999,-9999,-9999,170,2,705,4.249485,45.15582,-9999
2026/09/08 19:22:00,-9999,-9999,-9999,170,2,735,4.278892,44.20851,-9999
2026/09/08 19:22:00,-9999,-9999,-9999,170,2,765,4.314537,44.07801,-9999
2026/09/08 19:22:00,-9999,-9999,-9999,170,2,795,4.299729,44.06755,-9999
2026/09/08 19:22:00,-9999,-9999,-9999,170,2,825,4.251669,43.58029,-9999
2026/09/08 19:22:00,-9999,-9999,-9999,170,2,855,4.142577,43.43169,-9999
2026/09/08 19:22:00,-9999,-9999,-9999,170,2,885,4.035039,43.8938,-9999
2026/09/08 19:22:00,-9999,-9999,-9999,170,2,915,3.924368,42.41647,-9999
2026/09/08 19:22:00,-9999,-9999,-9999,170,2,945,3.790723,41.39387,-9999
2026/09/08 19:22:00,-9999,-9999,-9999,170,2,975,3.766184,37.96058,-9999
2026/09/08 19:22:00,-9999,-9999,-9999,170,2,1005,3.91473,36.71051,-9999
2026/09/08 19:22:00,-9999,-9999,-9999,170,2,1035,4.19955,40.12579,-9999
2026/09/08 19:22:00,-9999,-9999,-9999,170,2,1065,4.485598,40.8013,-9999
2026/09/08 19:22:00,-9999,-9999,-9999,170,2,1095,4.745227,42.83345,-9999
2026/09/08 19:22:00,-9999,-9999,-9999,170,2,1125,4.891395,44.37344,-9999
2026/09/08 19:22:00,-9999,-9999,-9999,170,2,1155,5.002228,45.1902,-9999
2026/09/08 19:22:00,-9999,-9999,-9999,170,2,1185,5.050302,45.54291,-9999
2026/09/08 19:22:00,-9999,-9999,-9999,170,2,1215,5.054424,44.92369,-9999
2026/09/08 19:22:00,-9999,-9999,-9999,170,2,1245,5.048049,44.1382,-9999
2026/09/08 19:22:00,-9999,-9999,-9999,170,2,1275,4.981865,43.13191,-9999
2026/09/08 19:22:00,-9999,-9999,-9999,170,2,1305,5.067046,43.0254,-9999
2026/09/08 19:22:00,-9999,-9999,-9999,170,2,1335,5.104065,43.62816,-9999
2026/09/08 19:22:00,-9999,-9999,-9999,170,2,1365,5.182371,43.76161,-9999
2026/09/08 19:22:00,-9999,-9999,-9999,170,2,1395,5.278636,44.528,-9999
2026/09/08 19:22:00,-9999,-9999,-9999,170,2,1425,5.263784,44.90199,-9999
2026/09/08 19:22:00,-9999,-9999,-9999,170,2,1455,5.281153,44.75567,-9999
2026/09/08 19:22:00,-9999,-9999,-9999,170,2,1485,5.297219,45.25449,-9999
2026/09/08 19:22:00,-9999,-9999,-9999,170,2,1515,5.313,44.73865,-9999
2026/09/08 19:22:00,-9999,-9999,-9999,170,2,1545,5.389548,45.00301,-9999
2026/09/08 19:22:00,-9999,-9999,-9999,170,2,1575,5.477633,45.74123,-9999
2026/09/08 19:22:00,-9999,-9999,-9999,170,2,1605,5.573195,45.98317,-9999
2026/09/08 19:22:00,-9999,-9999,-9999,170,2,1635,5.618491,45.95115,-9999
2026/09/08 19:22:00,-9999,-9999,-9999,170,2,1665,5.60921,43.89592,-9999
2026/09/08 19:22:00,-9999,-9999,-9999,170,2,1695,5.696702,44.32795,-9999
2026/09/08 19:22:00,-9999,-9999,-9999,170,2,1725,5.575187,37.97538,-9999
2026/09/08 19:22:00,-9999,-9999,-9999,170,2,1755,5.627752,39.60286,-9999
2026/09/08 19:22:00,-9999,-9999,-9999,170,2,1785,5.650973,39.74479,-9999
2026/09/08 19:22:00,-9999,-9999,-9999,170,2,1815,5.629449,38.56559,-9999
2026/09/08 19:22:00,-9999,-9999,-9999,170,2,1845,5.656479,39.0745,-9999
2026/09/08 19:22:00,-9999,-9999,-9999,170,2,1875,-9999,-9999,-9999
2026/09/08 19:22:00,-9999,-9999,-9999,170,2,1905,-9999,-9999,-9999
2026/09/08 19:22:00,-9999,-9999,-9999,170,2,1935,-9999,-9999,-9999
2026/09/08 19:22:00,-9999,-9999,-9999,170,2,1965,-9999,-9999,-9999
2026/09/08 19:22:00,-9999,-9999,-9999,170,2,1995,-9999,-9999,-9999
2026/09/08 19:22:00,-9999,-9999,-9999,170,2,2025,-9999,-9999,-9999
2026/09/08 19:22:00,-9999,-9999,-9999,170,2,2055,-9999,-9999,-9999
2026/09/08 19:22:00,-9999,-9999,-9999,170,2,2085,-9999,-9999,-9999
2026/09/08 19:22:00,-9999,-9999,-9999,170,2,2115,-9999,-9999,-9999
2026/09/08 19:22:00,-9999,-9999,-9999,170,2,2145,-9999,-9999,-9999
2026/09/08 19:22:00,-9999,-9999,-9999,170,2,2175,-9999,-9999,-9999
2026/09/08 19:22:00,-9999,-9999,-9999,170,2,2205,-9999,-9999,-9999
2026/09/08 19:22:00,-9999,-9999,-9999,170,2,2235,-9999,-9999,-9999
2026/09/08 19:22:00,-9999,-9999,-9999,170,2,2265,-9999,-9999,-9999
2026/09/08 19:22:00,-9999,-9999,-9999,170,2,2295,-9999,-9999,-9999
2026/09/08 19:22:00,-9999,-9999,-9999,170,2,2325,-9999,-9999,-9999
2026/09/08 19:22:00,-9999,-9999,-9999,170,2,2355,-9999,-9999,-9999
2026/09/08 19:22:00,-9999,-9999,-9999,170,2,2385,-9999,-9999,-9999
2026/09/08 19:22:00,-9999,-9999,-9999,170,2,2415,-9999,-9999,-9999
2026/09/08 19:22:00,-9999,-9999,-9999,170,2,2445,-9999,-9999,-9999
2026/09/08 19:22:00,-9999,-9999,-9999,170,2,2475,-9999,-9999,-9999
2026/09/08 19:22:00,-9999,-9999,-9999,170,2,2505,-9999,-9999,-9999
2026/09/08 19:22:00,-9999,-9999,-9999,170,2,2535,-9999,-9999,-9999
2026/09/08 19:22:00,-9999,-9999,-9999,170,2,2565,-9999,-9999,-9999
2026/09/08 19:22:00,-9999,-9999,-9999,170,2,2595,-9999,-9999,-9999
2026/09/08 19:22:00,-9999,-9999,-9999,170,2,2625,-9999,-9999,-9999
2026/09/08 19:22:00,-9999,-9999,-9999,170,2,2655,-9999,-9999,-9999
2026/09/08 19:22:00,-9999,-9999,-9999,170,2,2685,-9999,-9999,-9999
2026/09/08 19:22:00,-9999,-9999,-9999,170,2,2715,-9999,-9999,-9999
2026/09/08 19:22:00,-9999,-9999,-9999,170,2,2745,-9999,-9999,-9999
2026/09/08 19:22:00,-9999,-9999,-9999,170,2,2775,-9999,-9999,-9999
2026/09/08 19:22:00,-9999,-9999,-9999,170,2,2805,-9999,-9999,-9999
2026/09/08 19:22:00,-9999,-9999,-9999,170,2,2835,-9999,-9999,-9999
2026/09/08 19:22:00,-9999,-9999,-9999,170,2,2865,-9999,-9999,-9999
2026/09/08 19:22:00,-9999,-9999,-9999,170,2,2895,-9999,-9999,-9999
2026/09/08 19:22:00,-9999,-9999,-9999,170,2,2925,-9999,-9999,-9999
2026/09/08 19:22:00,-9999,-9999,-9999,170,2,2955,-9999,-9999,-9999
2026/09/08 19:22:00,-9999,-9999,-9999,170,2,2985,-9999,-9999,-9999
2026/09/08 19:22:00,-9999,-9999,-9999,170,2,3015,-9999,-9999,-9999
2026/09/08 19:22:00,-9999,-9999,-9999,170,2,3045,-9999,-9999,-9999
2026/09/08 19:22:00,-9999,-9999,-9999,170,2,3075,-9999,-9999,-9999
2026/09/08 19:22:00,-9999,-9999,-9999,170,2,3105,-9999,-9999,-9999
2026/09/08 19:22:00,-9999,-9999,-9999,170,2,3135,-9999,-9999,-9999
2026/09/08 19:22:00,-9999,-9999,-9999,170,2,3165,-9999,-9999,-9999
2026/09/08 19:22:00,-9999,-9999,-9999,170,2,3195,-9999,-9999,-9999
2026/09/08 19:22:00,-9999,-9999,-9999,170,2,3225,-9999,-9999,-9999
2026/09/08 19:22:00,-9999,-9999,-9999,170,2,3255,-9999,-9999,-9999
2026/09/08 19:22:00,-9999,-9999,-9999,170,2,3285,-9999,-9999,-9999
2026/09/08 19:22:00,-9999,-9999,-9999,170,2,3315,-9999,-9999,-9999
2026/09/08 19:22:00,-9999,-9999,-9999,170,2,3345,-9999,-9999,-9999
2026/09/08 19:22:00,-9999,-9999,-9999,170,2,3375,-9999,-9999,-9999
2026/09/08 19:22:00,-9999,-9999,-9999,170,2,3405,-9999,-9999,-9999
2026/09/08 19:22:00,-9999,-9999,-9999,170,2,3435,-9999,-9999,-9999
2026/09/08 19:22:00,-9999,-9999,-9999,170,2,3465,-9999,-9999,-9999
2026/09/08 19:22:00,-9999,-9999,-9999,170,2,3495,-9999,-9999,-9999
2026/09/08 19:22:00,-9999,-9999,-9999,170,2,3525,-9999,-9999,-9999
2026/09/08 19:22:00,-9999,-9999,-9999,170,2,3555,-9999,-9999,-9999
2026/09/08 19:22:00,-9999,-9999,-9999,170,2,3585,-9999,-9999,-9999
2026/09/08 19:22:00,-9999,-9999,-9999,170,2,3615,-9999,-9999,-9999
2026/09/08 19:22:00,-9999,-9999,-9999,170,2,3645,-9999,-9999,-9999
2026/09/08 19:22:00,-9999,-9999,-9999,170,2,3675,-9999,-9999,-9999
2026/09/08 19:22:00,-9999,-9999,-9999,170,2,3705,-9999,-9999,-9999
2026/09/08 19:22:00,-9999,-9999,-9999,170,2,3735,-9999,-9999,-9999
2026/09/08 19:22:00,-9999,-9999,-9999,170,2,3765,-9999,-9999,-9999
2026/09/08 19:22:00,-9999,-9999,-9999,170,2,3795,-9999,-9999,-9999
2026/09/08 19:22:00,-9999,-9999,-9999,170,2,3825,-9999,-9999,-9999
2026/09/08 19:22:00,-9999,-9999,-9999,170,2,3855,-9999,-9999,-9999
2026/09/08 19:22:00,-9999,-9999,-9999,170,2,3885,-9999,-9999,-9999
2026/09/08 19:22:00,-9999,-9999,-9999,170,2,3915,-9999,-9999,-9999
2026/09/08 19:22:00,-9999,-9999,-9999,170,2,3945,-9999,-9999,-9999
2026/09/08 19:22:00,-9999,-9999,-9999,170,2,3975,-9999,-9999,-9999
2026/09/08 19:22:00,-9999,-9999,-9999,170,2,4005,-9999,-9999,-9999
2026/09/08 19:22:00,-9999,-9999,-9999,170,2,4035,-9999,-9999,-9999
2026/09/08 19:22:00,-9999,-9999,-9999,170,2,4065,-9999,-9999,-9999
2026/09/08 19:22:00,-9999,-9999,-9999,170,2,4095,-9999,-9999,-9999
2026/09/08 19:22:00,-9999,-9999,-9999,170,2,4125,-9999,-9999,-9999
2026/09/08 19:22:00,-9999,-9999,-9999,170,2,4155,-9999,-9999,-9999
2026/09/08 19:22:00,-9999,-9999,-9999,170,2,4185,-9999,-9999,-9999
2026/09/08 19:22:00,-9999,-9999,-9999,170,2,4215,-9999,-9999,-9999
2026/09/08 19:22:00,-9999,-9999,-9999,170,2,4245,-9999,-9999,-9999
2026/09/08 19:22:00,-9999,-9999,-9999,170,2,4275,-9999,-9999,-9999
2026/09/08 19:22:00,-9999,-9999,-9999,170,2,4305,-9999,-9999,-9999
2026/09/08 19:22:00,-9999,-9999,-9999,170,2,4335,-9999,-9999,-9999
2026/09/08 19:22:00,-9999,-9999,-9999,170,2,4365,-9999,-9999,-9999
2026/09/08 19:22:00,-9999,-9999,-9999,170,2,4395,-9999,-9999,-9999
2026/09/08 19:22:00,-9999,-9999,-9999,170,2,4425,-9999,-9999,-9999
2026/09/08 19:22:00,-9999,-9999,-9999,170,2,4455,-9999,-9999,-9999
2026/09/08 19:22:00,-9999,-9999,-9999,170,2,4485,-9999,-9999,-9999
2026/09/08 19:22:00,-9999,-9999,-9999,170,2,4515,-9999,-9999,-9999
2026/09/08 19:22:00,-9999,-9999,-9999,170,2,4545,-9999,-9999,-9999
2026/09/08 19:22:00,-9999,-9999,-9999,170,2,4575,-9999,-9999,-9999
2026/09/08 19:22:00,-9999,-9999,-9999,170,2,4605,-9999,-9999,-9999
2026/09/08 19:22:00,-9999,-9999,-9999,170,2,4635,-9999,-9999,-9999
2026/09/08 19:22:00,-9999,-9999,-9999,170,2,4665,-9999,-9999,-9999
2026/09/08 19:22:00,-9999,-9999,-9999,170,2,4695,-9999,-9999,-9999
2026/09/08 19:22:00,-9999,-9999,-9999,170,2,4725,-9999,-9999,-9999
2026/09/08 19:22:00,-9999,-9999,-9999,170,2,4755,-9999,-9999,-9999
2026/09/08 19:22:00,-9999,-9999,-9999,170,2,4785,-9999,-9999,-9999
2026/09/08 19:22:00,-9999,-9999,-9999,170,2,4815,-9999,-9999,-9999
2026/09/08 19:22:00,-9999,-9999,-9999,170,2,4845,-9999,-9999,-9999
2026/09/08 19:22:00,-9999,-9999,-9999,170,2,4875,-9999,-9999,-9999
2026/09/08 19:22:00,-9999,-9999,-9999,170,2,4905,-9999,-9999,-9999
2026/09/08 19:22:00,-9999,-9999,-9999,170,2,4935,-9999,-9999,-9999
2026/09/08 19:22:00,-9999,-9999,-9999,170,2,4965,-9999,-9999,-9999
2026/09/08 19:22:00,-9999,-9999,-9999,170,2,4995,-9999,-9999,-9999
2026/09/08 19:22:00,-9999,-9999,-9999,170,2,5025,-9999,-9999,-9999
2026/09/08 19:22:00,-9999,-9999,-9999,170,2,5055,-9999,-9999,-9999
2026/09/08 19:22:00,-9999,-9999,-9999,170,2,5085,-9999,-9999,-9999
2026/09/08 19:22:00,-9999,-9999,-9999,170,2,5115,-9999,-9999,-9999
2026/09/08 19:22:00,-9999,-9999,-9999,170,2,5145,-9999,-9999,-9999
2026/09/08 19:22:00,-9999,-9999,-9999,170,2,5175,-9999,-9999,-9999
2026/09/08 19:22:00,-9999,-9999,-9999,170,2,5205,-9999,-9999,-9999
2026/09/08 19:22:00,-9999,-9999,-9999,170,2,5235,-9999,-9999,-9999
2026/09/08 19:22:00,-9999,-9999,-9999,170,2,5265,-9999,-9999,-9999
2026/09/08 19:22:00,-9999,-9999,-9999,170,2,5295,-9999,-9999,-9999
2026/09/08 19:22:00,-9999,-9999,-9999,170,2,5325,-9999,-9999,-9999
2026/09/08 19:22:00,-9999,-9999,-9999,170,2,5355,-9999,-9999,-9999
2026/09/08 19:22:00,-9999,-9999,-9999,170,2,5385,-9999,-9999,-9999
2026/09/08 19:22:00,-9999,-9999,-9999,170,2,5415,-9999,-9999,-9999
2026/09/08 19:22:00,-9999,-9999,-9999,170,2,5445,-9999,-9999,-9999
2026/09/08 19:22:00,-9999,-9999,-9999,170,2,5475,-9999,-9999,-9999
2026/09/08 19:22:00,-9999,-9999,-9999,170,2,5505,-9999,-9999,-9999
2026/09/08 19:22:00,-9999,-9999,-9999,170,2,5535,-9999,-9999,-9999
2026/09/08 19:22:00,-9999,-9999,-9999,170,2,5565,-9999,-9999,-9999
2026/09/08 19:22:00,-9999,-9999,-9999,170,2,5595,-9999,-9999,-9999
2026/09/08 19:22:00,-9999,-9999,-9999,170,2,5625,-9999,-9999,-9999
2026/09/08 19:22:00,-9999,-9999,-9999,170,2,5655,-9999,-9999,-9999
2026/09/08 19:22:00,-9999,-9999,-9999,170,2,5685,-9999,-9999,-9999
2026/09/08 19:22:00,-9999,-9999,-9999,170,2,5715,-9999,-9999,-9999
2026/09/08 19:22:00,-9999,-9999,-9999,170,2,5745,-9999,-9999,-9999
2026/09/08 19:22:00,-9999,-9999,-9999,170,2,5775,-9999,-9999,-9999
2026/09/08 19:22:00,-9999,-9999,-9999,170,2,5805,-9999,-9999,-9999
2026/09/08 19:22:00,-9999,-9999,-9999,170,2,5835,-9999,-9999,-9999
2026/09/08 19:22:00,-9999,-9999,-9999,170,2,5865,-9999,-9999,-9999
2026/09/08 19:22:00,-9999,-9999,-9999,170,2,5895,-9999,-9999,-9999
2026/09/08 19:22:00,-9999,-9999,-9999,170,2,5925,-9999,-9999,-9999
2026/09/08 19:22:00,-9999,-9999,-9999,170,2,5955,-9999,-9999,-9999
2026/09/08 19:22:00,-9999,-9999,-9999,170,2,5985,-9999,-9999,-9999
2026/09/08 19:22:00,-9999,-9999,-9999,180,2,15,-9999,-9999,-9999
2026/09/08 19:22:00,-9999,-9999,-9999,180,2,45,2.422542,57.17006,-9999
2026/09/08 19:22:00,-9999,-9999,-9999,180,2,75,2.697932,58.33183,-9999
2026/09/08 19:22:00,-9999,-9999,-9999,180,2,105,2.544697,58.32956,-9999
2026/09/08 19:22:00,-9999,-9999,-9999,180,2,135,-9999,-9999,-9999
2026/09/08 19:22:00,-9999,-9999,-9999,180,2,165,2.485146,57.88667,-9999
2026/09/08 19:22:00,-9999,-9999,-9999,180,2,195,2.313444,56.24039,-9999
2026/09/08 19:22:00,-9999,-9999,-9999,180,2,225,-9999,-9999,-9999
2026/09/08 19:22:00,-9999,-9999,-9999,180,2,255,-9999,-9999,-9999
2026/09/08 19:22:00,-9999,-9999,-9999,180,2,285,-9999,-9999,-9999
2026/09/08 19:22:00,-9999,-9999,-9999,180,2,315,-9999,-9999,-9999
2026/09/08 19:22:00,-9999,-9999,-9999,180,2,345,-9999,-9999,-9999
2026/09/08 19:22:00,-9999,-9999,-9999,180,2,375,-9999,-9999,-9999
2026/09/08 19:22:00,-9999,-9999,-9999,180,2,405,-9999,-9999,-9999
2026/09/08 19:22:00,-9999,-9999,-9999,180,2,435,-9999,-9999,-9999
2026/09/08 19:22:00,-9999,-9999,-9999,180,2,465,-9999,-9999,-9999
2026/09/08 19:22:00,-9999,-9999,-9999,180,2,495,-9999,-9999,-9999
2026/09/08 19:22:00,-9999,-9999,-9999,180,2,525,-9999,-9999,-9999
2026/09/08 19:22:00,-9999,-9999,-9999,180,2,555,-9999,-9999,-9999
2026/09/08 19:22:00,-9999,-9999,-9999,180,2,585,-9999,-9999,-9999
2026/09/08 19:22:00,-9999,-9999,-9999,180,2,615,-9999,-9999,-9999
2026/09/08 19:22:00,-9999,-9999,-9999,180,2,645,-9999,-9999,-9999
2026/09/08 19:22:00,-9999,-9999,-9999,180,2,675,-9999,-9999,-9999
2026/09/08 19:22:00,-9999,-9999,-9999,180,2,705,-9999,-9999,-9999
2026/09/08 19:22:00,-9999,-9999,-9999,180,2,735,-9999,-9999,-9999
2026/09/08 19:22:00,-9999,-9999,-9999,180,2,765,-9999,-9999,-9999
2026/09/08 19:22:00,-9999,-9999,-9999,180,2,795,-9999,-9999,-9999
2026/09/08 19:22:00,-9999,-9999,-9999,180,2,825,-9999,-9999,-9999
2026/09/08 19:22:00,-9999,-9999,-9999,180,2,855,-9999,-9999,-9999
2026/09/08 19:22:00,-9999,-9999,-9999,180,2,885,-9999,-9999,-9999
2026/09/08 19:22:00,-9999,-9999,-9999,180,2,915,-9999,-9999,-9999
2026/09/08 19:22:00,-9999,-9999,-9999,180,2,945,-9999,-9999,-9999
2026/09/08 19:22:00,-9999,-9999,-9999,180,2,975,-9999,-9999,-9999
2026/09/08 19:22:00,-9999,-9999,-9999,180,2,1005,-9999,-9999,-9999
2026/09/08 19:22:00,-9999,-9999,-9999,180,2,1035,-9999,-9999,-9999
2026/09/08 19:22:00,-9999,-9999,-9999,180,2,1065,-9999,-9999,-9999
2026/09/08 19:22:00,-9999,-9999,-9999,180,2,1095,-9999,-9999,-9999
2026/09/08 19:22:00,-9999,-9999,-9999,180,2,1125,-9999,-9999,-9999
2026/09/08 19:22:00,-9999,-9999,-9999,180,2,1155,-9999,-9999,-9999
2026/09/08 19:22:00,-9999,-9999,-9999,180,2,1185,-9999,-9999,-9999
2026/09/08 19:22:00,-9999,-9999,-9999,180,2,1215,-9999,-9999,-9999
2026/09/08 19:22:00,-9999,-9999,-9999,180,2,1245,-9999,-9999,-9999
2026/09/08 19:22:00,-9999,-9999,-9999,180,2,1275,-9999,-9999,-9999
2026/09/08 19:22:00,-9999,-9999,-9999,180,2,1305,-9999,-9999,-9999
2026/09/08 19:22:00,-9999,-9999,-9999,180,2,1335,-9999,-9999,-9999
2026/09/08 19:22:00,-9999,-9999,-9999,180,2,1365,-9999,-9999,-9999
2026/09/08 19:22:00,-9999,-9999,-9999,180,2,1395,-9999,-9999,-9999
2026/09/08 19:22:00,-9999,-9999,-9999,180,2,1425,-9999,-9999,-9999
2026/09/08 19:22:00,-9999,-9999,-9999,180,2,1455,-9999,-9999,-9999
2026/09/08 19:22:00,-9999,-9999,-9999,180,2,1485,-9999,-9999,-9999
2026/09/08 19:22:00,-9999,-9999,-9999,180,2,1515,-9999,-9999,-9999
2026/09/08 19:22:00,-9999,-9999,-9999,180,2,1545,-9999,-9999,-9999
2026/09/08 19:22:00,-9999,-9999,-9999,180,2,1575,-9999,-9999,-9999
2026/09/08 19:22:00,-9999,-9999,-9999,180,2,1605,-9999,-9999,-9999
2026/09/08 19:22:00,-9999,-9999,-9999,180,2,1635,-9999,-9999,-9999
2026/09/08 19:22:00,-9999,-9999,-9999,180,2,1665,-9999,-9999,-9999
2026/09/08 19:22:00,-9999,-9999,-9999,180,2,1695,-9999,-9999,-9999
2026/09/08 19:22:00,-9999,-9999,-9999,180,2,1725,-9999,-9999,-9999
2026/09/08 19:22:00,-9999,-9999,-9999,180,2,1755,-9999,-9999,-9999
2026/09/08 19:22:00,-9999,-9999,-9999,180,2,1785,-9999,-9999,-9999
2026/09/08 19:22:00,-9999,-9999,-9999,180,2,1815,-9999,-9999,-9999
2026/09/08 19:22:00,-9999,-9999,-9999,180,2,1845,-9999,-9999,-9999
2026/09/08 19:22:00,-9999,-9999,-9999,180,2,1875,-9999,-9999,-9999
2026/09/08 19:22:00,-9999,-9999,-9999,180,2,1905,-9999,-9999,-9999
2026/09/08 19:22:00,-9999,-9999,-9999,180,2,1935,-9999,-9999,-9999
2026/09/08 19:22:00,-9999,-9999,-9999,180,2,1965,-9999,-9999,-9999
2026/09/08 19:22:00,-9999,-9999,-9999,180,2,1995,-9999,-9999,-9999
2026/09/08 19:22:00,-9999,-9999,-9999,180,2,2025,-9999,-9999,-9999
2026/09/08 19:22:00,-9999,-9999,-9999,180,2,2055,-9999,-9999,-9999
2026/09/08 19:22:00,-9999,-9999,-9999,180,2,2085,-9999,-9999,-9999
2026/09/08 19:22:00,-9999,-9999,-9999,180,2,2115,-9999,-9999,-9999
2026/09/08 19:22:00,-9999,-9999,-9999,180,2,2145,-9999,-9999,-9999
2026/09/08 19:22:00,-9999,-9999,-9999,180,2,2175,-9999,-9999,-9999
2026/09/08 19:22:00,-9999,-9999,-9999,180,2,2205,-9999,-9999,-9999
2026/09/08 19:22:00,-9999,-9999,-9999,180,2,2235,-9999,-9999,-9999
2026/09/08 19:22:00,-9999,-9999,-9999,180,2,2265,-9999,-9999,-9999
2026/09/08 19:22:00,-9999,-9999,-9999,180,2,2295,-9999,-9999,-9999
2026/09/08 19:22:00,-9999,-9999,-9999,180,2,2325,-9999,-9999,-9999
2026/09/08 19:22:00,-9999,-9999,-9999,180,2,2355,-9999,-9999,-9999
2026/09/08 19:22:00,-9999,-9999,-9999,180,2,2385,-9999,-9999,-9999
2026/09/08 19:22:00,-9999,-9999,-9999,180,2,2415,-9999,-9999,-9999
2026/09/08 19:22:00,-9999,-9999,-9999,180,2,2445,-9999,-9999,-9999
2026/09/08 19:22:00,-9999,-9999,-9999,180,2,2475,-9999,-9999,-9999
2026/09/08 19:22:00,-9999,-9999,-9999,180,2,2505,-9999,-9999,-9999
2026/09/08 19:22:00,-9999,-9999,-9999,180,2,2535,-9999,-9999,-9999
2026/09/08 19:22:00,-9999,-9999,-9999,180,2,2565,-9999,-9999,-9999
2026/09/08 19:22:00,-9999,-9999,-9999,180,2,2595,-9999,-9999,-9999
2026/09/08 19:22:00,-9999,-9999,-9999,180,2,2625,-9999,-9999,-9999
2026/09/08 19:22:00,-9999,-9999,-9999,180,2,2655,-9999,-9999,-9999
2026/09/08 19:22:00,-9999,-9999,-9999,180,2,2685,-9999,-9999,-9999
2026/09/08 19:22:00,-9999,-9999,-9999,180,2,2715,-9999,-9999,-9999
2026/09/08 19:22:00,-9999,-9999,-9999,180,2,2745,-9999,-9999,-9999
2026/09/08 19:22:00,-9999,-9999,-9999,180,2,2775,-9999,-9999,-9999
2026/09/08 19:22:00,-9999,-9999,-9999,180,2,2805,-9999,-9999,-9999
2026/09/08 19:22:00,-9999,-9999,-9999,180,2,2835,-9999,-9999,-9999
2026/09/08 19:22:00,-9999,-9999,-9999,180,2,2865,-9999,-9999,-9999
2026/09/08 19:22:00,-9999,-9999,-9999,180,2,2895,-9999,-9999,-9999
2026/09/08 19:22:00,-9999,-9999,-9999,180,2,2925,-9999,-9999,-9999
2026/09/08 19:22:00,-9999,-9999,-9999,180,2,2955,-9999,-9999,-9999
2026/09/08 19:22:00,-9999,-9999,-9999,180,2,2985,-9999,-9999,-9999
2026/09/08 19:22:00,-9999,-9999,-9999,180,2,3015,-9999,-9999,-9999
2026/09/08 19:22:00,-9999,-9999,-9999,180,2,3045,-9999,-9999,-9999
2026/09/08 19:22:00,-9999,-9999,-9999,180,2,3075,-9999,-9999,-9999
2026/09/08 19:22:00,-9999,-9999,-9999,180,2,3105,-9999,-9999,-9999
2026/09/08 19:22:00,-9999,-9999,-9999,180,2,3135,-9999,-9999,-9999
2026/09/08 19:22:00,-9999,-9999,-9999,180,2,3165,-9999,-9999,-9999
2026/09/08 19:22:00,-9999,-9999,-9999,180,2,3195,-9999,-9999,-9999
2026/09/08 19:22:00,-9999,-9999,-9999,180,2,3225,-9999,-9999,-9999
2026/09/08 19:22:00,-9999,-9999,-9999,180,2,3255,-9999,-9999,-9999
2026/09/08 19:22:00,-9999,-9999,-9999,180,2,3285,-9999,-9999,-9999
2026/09/08 19:22:00,-9999,-9999,-9999,180,2,3315,-9999,-9999,-9999
2026/09/08 19:22:00,-9999,-9999,-9999,180,2,3345,-9999,-9999,-9999
2026/09/08 19:22:00,-9999,-9999,-9999,180,2,3375,-9999,-9999,-9999
2026/09/08 19:22:00,-9999,-9999,-9999,180,2,3405,-9999,-9999,-9999
2026/09/08 19:22:00,-9999,-9999,-9999,180,2,3435,-9999,-9999,-9999
2026/09/08 19:22:00,-9999,-9999,-9999,180,2,3465,-9999,-9999,-9999
2026/09/08 19:22:00,-9999,-9999,-9999,180,2,3495,-9999,-9999,-9999
2026/09/08 19:22:00,-9999,-9999,-9999,180,2,3525,-9999,-9999,-9999
2026/09/08 19:22:00,-9999,-9999,-9999,180,2,3555,-9999,-9999,-9999
2026/09/08 19:22:00,-9999,-9999,-9999,180,2,3585,-9999,-9999,-9999
2026/09/08 19:22:00,-9999,-9999,-9999,180,2,3615,-9999,-9999,-9999
2026/09/08 19:22:00,-9999,-9999,-9999,180,2,3645,-9999,-9999,-9999
2026/09/08 19:22:00,-9999,-9999,-9999,180,2,3675,-9999,-9999,-9999
2026/09/08 19:22:00,-9999,-9999,-9999,180,2,3705,-9999,-9999,-9999
2026/09/08 19:22:00,-9999,-9999,-9999,180,2,3735,-9999,-9999,-9999
2026/09/08 19:22:00,-9999,-9999,-9999,180,2,3765,-9999,-9999,-9999
2026/09/08 19:22:00,-9999,-9999,-9999,180,2,3795,-9999,-9999,-9999
2026/09/08 19:22:00,-9999,-9999,-9999,180,2,3825,-9999,-9999,-9999
2026/09/08 19:22:00,-9999,-9999,-9999,180,2,3855,-9999,-9999,-9999
2026/09/08 19:22:00,-9999,-9999,-9999,180,2,3885,-9999,-9999,-9999
2026/09/08 19:22:00,-9999,-9999,-9999,180,2,3915,-9999,-9999,-9999
2026/09/08 19:22:00,-9999,-9999,-9999,180,2,3945,-9999,-9999,-9999
2026/09/08 19:22:00,-9999,-9999,-9999,180,2,3975,-9999,-9999,-9999
2026/09/08 19:22:00,-9999,-9999,-9999,180,2,4005,-9999,-9999,-9999
2026/09/08 19:22:00,-9999,-9999,-9999,180,2,4035,-9999,-9999,-9999
2026/09/08 19:22:00,-9999,-9999,-9999,180,2,4065,-9999,-9999,-9999
2026/09/08 19:22:00,-9999,-9999,-9999,180,2,4095,-9999,-9999,-9999
2026/09/08 19:22:00,-9999,-9999,-9999,180,2,4125,-9999,-9999,-9999
2026/09/08 19:22:00,-9999,-9999,-9999,180,2,4155,-9999,-9999,-9999
2026/09/08 19:22:00,-9999,-9999,-9999,180,2,4185,-9999,-9999,-9999
2026/09/08 19:22:00,-9999,-9999,-9999,180,2,4215,-9999,-9999,-9999
2026/09/08 19:22:00,-9999,-9999,-9999,180,2,4245,-9999,-9999,-9999
2026/09/08 19:22:00,-9999,-9999,-9999,180,2,4275,-9999,-9999,-9999
2026/09/08 19:22:00,-9999,-9999,-9999,180,2,4305,-9999,-9999,-9999
2026/09/08 19:22:00,-9999,-9999,-9999,180,2,4335,-9999,-9999,-9999
2026/09/08 19:22:00,-9999,-9999,-9999,180,2,4365,-9999,-9999,-9999
2026/09/08 19:22:00,-9999,-9999,-9999,180,2,4395,-9999,-9999,-9999
2026/09/08 19:22:00,-9999,-9999,-9999,180,2,4425,-9999,-9999,-9999
2026/09/08 19:22:00,-9999,-9999,-9999,180,2,4455,-9999,-9999,-9999
2026/09/08 19:22:00,-9999,-9999,-9999,180,2,4485,-9999,-9999,-9999
2026/09/08 19:22:00,-9999,-9999,-9999,180,2,4515,-9999,-9999,-9999
2026/09/08 19:22:00,-9999,-9999,-9999,180,2,4545,-9999,-9999,-9999
2026/09/08 19:22:00,-9999,-9999,-9999,180,2,4575,-9999,-9999,-9999
2026/09/08 19:22:00,-9999,-9999,-9999,180,2,4605,-9999,-9999,-9999
2026/09/08 19:22:00,-9999,-9999,-9999,180,2,4635,-9999,-9999,-9999
2026/09/08 19:22:00,-9999,-9999,-9999,180,2,4665,-9999,-9999,-9999
2026/09/08 19:22:00,-9999,-9999,-9999,180,2,4695,-9999,-9999,-9999
2026/09/08 19:22:00,-9999,-9999,-9999,180,2,4725,-9999,-9999,-9999
2026/09/08 19:22:00,-9999,-9999,-9999,180,2,4755,-9999,-9999,-9999
2026/09/08 19:22:00,-9999,-9999,-9999,180,2,4785,-9999,-9999,-9999
2026/09/08 19:22:00,-9999,-9999,-9999,180,2,4815,-9999,-9999,-9999
2026/09/08 19:22:00,-9999,-9999,-9999,180,2,4845,-9999,-9999,-9999
2026/09/08 19:22:00,-9999,-9999,-9999,180,2,4875,-9999,-9999,-9999
2026/09/08 19:22:00,-9999,-9999,-9999,180,2,4905,-9999,-9999,-9999
2026/09/08 19:22:00,-9999,-9999,-9999,180,2,4935,-9999,-9999,-9999
2026/09/08 19:22:00,-9999,-9999,-9999,180,2,4965,-9999,-9999,-9999
2026/09/08 19:22:00,-9999,-9999,-9999,180,2,4995,-9999,-9999,-9999
2026/09/08 19:22:00,-9999,-9999,-9999,180,2,5025,-9999,-9999,-9999
2026/09/08 19:22:00,-9999,-9999,-9999,180,2,5055,-9999,-9999,-9999
2026/09/08 19:22:00,-9999,-9999,-9999,180,2,5085,-9999,-9999,-9999
2026/09/08 19:22:00,-9999,-9999,-9999,180,2,5115,-9999,-9999,-9999
2026/09/08 19:22:00,-9999,-9999,-9999,180,2,5145,-9999,-9999,-9999
2026/09/08 19:22:00,-9999,-9999,-9999,180,2,5175,-9999,-9999,-9999
2026/09/08 19:22:00,-9999,-9999,-9999,180,2,5205,-9999,-9999,-9999
2026/09/08 19:22:00,-9999,-9999,-9999,180,2,5235,-9999,-9999,-9999
2026/09/08 19:22:00,-9999,-9999,-9999,180,2,5265,-9999,-9999,-9999
2026/09/08 19:22:00,-9999,-9999,-9999,180,2,5295,-9999,-9999,-9999
2026/09/08 19:22:00,-9999,-9999,-9999,180,2,5325,-9999,-9999,-9999
2026/09/08 19:22:00,-9999,-9999,-9999,180,2,5355,-9999,-9999,-9999
2026/09/08 19:22:00,-9999,-9999,-9999,180,2,5385,-9999,-9999,-9999
2026/09/08 19:22:00,-9999,-9999,-9999,180,2,5415,-9999,-9999,-9999
2026/09/08 19:22:00,-9999,-9999,-9999,180,2,5445,-9999,-9999,-9999
2026/09/08 19:22:00,-9999,-9999,-9999,180,2,5475,-9999,-9999,-9999
2026/09/08 19:22:00,-9999,-9999,-9999,180,2,5505,-9999,-9999,-9999
2026/09/08 19:22:00,-9999,-9999,-9999,180,2,5535,-9999,-9999,-9999
2026/09/08 19:22:00,-9999,-9999,-9999,180,2,5565,-9999,-9999,-9999
2026/09/08 19:22:00,-9999,-9999,-9999,180,2,5595,-9999,-9999,-9999
2026/09/08 19:22:00,-9999,-9999,-9999,180,2,5625,-9999,-9999,-9999
2026/09/08 19:22:00,-9999,-9999,-9999,180,2,5655,-9999,-9999,-9999
2026/09/08 19:22:00,-9999,-9999,-9999,180,2,5685,-9999,-9999,-9999
2026/09/08 19:22:00,-9999,-9999,-9999,180,2,5715,-9999,-9999,-9999
2026/09/08 19:22:00,-9999,-9999,-9999,180,2,5745,-9999,-9999,-9999
2026/09/08 19:22:00,-9999,-9999,-9999,180,2,5775,-9999,-9999,-9999
2026/09/08 19:22:00,-9999,-9999,-9999,180,2,5805,-9999,-9999,-9999
2026/09/08 19:22:00,-9999,-9999,-9999,180,2,5835,-9999,-9999,-9999
2026/09/08 19:22:00,-9999,-9999,-9999,180,2,5865,-9999,-9999,-9999
2026/09/08 19:22:00,-9999,-9999,-9999,180,2,5895,-9999,-9999,-9999
2026/09/08 19:22:00,-9999,-9999,-9999,180,2,5925,-9999,-9999,-9999
2026/09/08 19:22:00,-9999,-9999,-9999,180,2,5955,-9999,-9999,-9999
2026/09/08 19:22:00,-9999,-9999,-9999,180,2,5985,-9999,-9999,-9999
2026/09/08 19:22:00,-9999,-9999,-9999,190,2,15,-9999,-9999,-9999
2026/09/08 19:22:00,-9999,-9999,-9999,190,2,45,2.24103,55.33,-9999
2026/09/08 19:22:00,-9999,-9999,-9999,190,2,75,2.564723,56.71146,-9999
2026/09/08 19:22:00,-9999,-9999,-9999,190,2,105,2.552903,54.95269,-9999
2026/09/08 19:22:00,-9999,-9999,-9999,190,2,135,2.62663,54.23911,-9999
2026/09/08 19:22:00,-9999,-9999,-9999,190,2,165,2.619996,51.2523,-9999
2026/09/08 19:22:00,-9999,-9999,-9999,190,2,195,2.607412,48.55289,-9999
2026/09/08 19:22:00,-9999,-9999,-9999,190,2,225,2.906247,49.86424,-9999
2026/09/08 19:22:00,-9999,-9999,-9999,190,2,255,3.012552,49.65519,-9999
2026/09/08 19:22:00,-9999,-9999,-9999,190,2,285,3.036344,49.36241,-9999
2026/09/08 19:22:00,-9999,-9999,-9999,190,2,315,3.122003,48.21654,-9999
2026/09/08 19:22:00,-9999,-9999,-9999,190,2,345,3.2472,45.70263,-9999
2026/09/08 19:22:00,-9999,-9999,-9999,190,2,375,3.358693,43.39502,-9999
2026/09/08 19:22:00,-9999,-9999,-9999,190,2,405,3.518323,41.84318,-9999
2026/09/08 19:22:00,-9999,-9999,-9999,190,2,435,3.61733,41.01897,-9999
2026/09/08 19:22:00,-9999,-9999,-9999,190,2,465,3.730655,41.19165,-9999
2026/09/08 19:22:00,-9999,-9999,-9999,190,2,495,3.857781,41.48316,-9999
2026/09/08 19:22:00,-9999,-9999,-9999,190,2,525,3.968255,41.31283,-9999
2026/09/08 19:22:00,-9999,-9999,-9999,190,2,555,4.06614,41.78779,-9999
2026/09/08 19:22:00,-9999,-9999,-9999,190,2,585,4.114966,42.60931,-9999
2026/09/08 19:22:00,-9999,-9999,-9999,190,2,615,4.172514,43.80919,-9999
2026/09/08 19:22:00,-9999,-9999,-9999,190,2,645,4.201759,44.72797,-9999
2026/09/08 19:22:00,-9999,-9999,-9999,190,2,675,4.281616,46.06505,-9999
2026/09/08 19:22:00,-9999,-9999,-9999,190,2,705,4.444608,47.72276,-9999
2026/09/08 19:22:00,-9999,-9999,-9999,190,2,735,4.624012,47.99557,-9999
2026/09/08 19:22:00,-9999,-9999,-9999,190,2,765,4.807423,48.51121,-9999
2026/09/08 19:22:00,-9999,-9999,-9999,190,2,795,4.901896,48.67854,-9999
2026/09/08 19:22:00,-9999,-9999,-9999,190,2,825,4.944519,48.71647,-9999
2026/09/08 19:22:00,-9999,-9999,-9999,190,2,855,4.905405,49.18526,-9999
2026/09/08 19:22:00,-9999,-9999,-9999,190,2,885,4.829257,49.78344,-9999
2026/09/08 19:22:00,-9999,-9999,-9999,190,2,915,4.810939,50.13807,-9999
2026/09/08 19:22:00,-9999,-9999,-9999,190,2,945,4.791817,50.45508,-9999
2026/09/08 19:22:00,-9999,-9999,-9999,190,2,975,4.822688,48.72373,-9999
2026/09/08 19:22:00,-9999,-9999,-9999,190,2,1005,4.975577,48.04915,-9999
2026/09/08 19:22:00,-9999,-9999,-9999,190,2,1035,5.099526,48.36127,-9999
2026/09/08 19:22:00,-9999,-9999,-9999,190,2,1065,5.189243,46.51096,-9999
2026/09/08 19:22:00,-9999,-9999,-9999,190,2,1095,5.285692,45.92086,-9999
2026/09/08 19:22:00,-9999,-9999,-9999,190,2,1125,5.260632,45.30417,-9999
2026/09/08 19:22:00,-9999,-9999,-9999,190,2,1155,5.26475,45.30442,-9999
2026/09/08 19:22:00,-9999,-9999,-9999,190,2,1185,5.287862,45.4878,-9999
2026/09/08 19:22:00,-9999,-9999,-9999,190,2,1215,5.301016,45.03611,-9999
2026/09/08 19:22:00,-9999,-9999,-9999,190,2,1245,5.332957,44.80216,-9999
2026/09/08 19:22:00,-9999,-9999,-9999,190,2,1275,5.378193,44.53418,-9999
2026/09/08 19:22:00,-9999,-9999,-9999,190,2,1305,5.45596,44.12047,-9999
2026/09/08 19:22:00,-9999,-9999,-9999,190,2,1335,5.464987,43.95521,-9999
2026/09/08 19:22:00,-9999,-9999,-9999,190,2,1365,5.481242,43.85751,-9999
2026/09/08 19:22:00,-9999,-9999,-9999,190,2,1395,5.485162,43.08354,-9999
2026/09/08 19:22:00,-9999,-9999,-9999,190,2,1425,5.480031,43.02959,-9999
2026/09/08 19:22:00,-9999,-9999,-9999,190,2,1455,5.547606,42.87579,-9999
2026/09/08 19:22:00,-9999,-9999,-9999,190,2,1485,5.581293,42.16207,-9999
2026/09/08 19:22:00,-9999,-9999,-9999,190,2,1515,5.63652,42.14933,-9999
2026/09/08 19:22:00,-9999,-9999,-9999,190,2,1545,5.668568,42.36227,-9999
2026/09/08 19:22:00,-9999,-9999,-9999,190,2,1575,5.727694,43.00066,-9999
2026/09/08 19:22:00,-9999,-9999,-9999,190,2,1605,5.77943,43.23612,-9999
2026/09/08 19:22:00,-9999,-9999,-9999,190,2,1635,5.799214,43.71256,-9999
2026/09/08 19:22:00,-9999,-9999,-9999,190,2,1665,5.843169,43.32809,-9999
2026/09/08 19:22:00,-9999,-9999,-9999,190,2,1695,5.852928,44.40393,-9999
2026/09/08 19:22:00,-9999,-9999,-9999,190,2,1725,5.885456,39.18053,-9999
2026/09/08 19:22:00,-9999,-9999,-9999,190,2,1755,5.858311,41.01476,-9999
2026/09/08 19:22:00,-9999,-9999,-9999,190,2,1785,5.815456,41.67917,-9999
2026/09/08 19:22:00,-9999,-9999,-9999,190,2,1815,5.738029,41.2214,-9999
2026/09/08 19:22:00,-9999,-9999,-9999,190,2,1845,5.718069,41.87289,-9999
2026/09/08 19:22:00,-9999,-9999,-9999,190,2,1875,5.89618,38.37355,-9999
2026/09/08 19:22:00,-9999,-9999,-9999,190,2,1905,5.948115,39.38379,-9999
2026/09/08 19:22:00,-9999,-9999,-9999,190,2,1935,5.996768,40.12297,-9999
2026/09/08 19:22:00,-9999,-9999,-9999,190,2,1965,6.074524,41.12683,-9999
2026/09/08 19:22:00,-9999,-9999,-9999,190,2,1995,6.090724,42.09913,-9999
2026/09/08 19:22:00,-9999,-9999,-9999,190,2,2025,6.025059,41.57722,-9999
2026/09/08 19:22:00,-9999,-9999,-9999,190,2,2055,6.07794,42.80246,-9999
2026/09/08 19:22:00,-9999,-9999,-9999,190,2,2085,6.169358,43.56464,-9999
2026/09/08 19:22:00,-9999,-9999,-9999,190,2,2115,6.375172,45.029,-9999
2026/09/08 19:22:00,-9999,-9999,-9999,190,2,2145,6.486572,42.91902,-9999
2026/09/08 19:22:00,-9999,-9999,-9999,190,2,2175,6.517803,42.90332,-9999
2026/09/08 19:22:00,-9999,-9999,-9999,190,2,2205,6.584182,43.3437,-9999
2026/09/08 19:22:00,-9999,-9999,-9999,190,2,2235,6.621295,42.62046,-9999
2026/09/08 19:22:00,-9999,-9999,-9999,190,2,2265,6.711642,43.89244,-9999
2026/09/08 19:22:00,-9999,-9999,-9999,190,2,2295,-9999,-9999,-9999
2026/09/08 19:22:00,-9999,-9999,-9999,190,2,2325,-9999,-9999,-9999
2026/09/08 19:22:00,-9999,-9999,-9999,190,2,2355,-9999,-9999,-9999
2026/09/08 19:22:00,-9999,-9999,-9999,190,2,2385,-9999,-9999,-9999
2026/09/08 19:22:00,-9999,-9999,-9999,190,2,2415,-9999,-9999,-9999
2026/09/08 19:22:00,-9999,-9999,-9999,190,2,2445,-9999,-9999,-9999
2026/09/08 19:22:00,-9999,-9999,-9999,190,2,2475,-9999,-9999,-9999
2026/09/08 19:22:00,-9999,-9999,-9999,190,2,2505,-9999,-9999,-9999
2026/09/08 19:22:00,-9999,-9999,-9999,190,2,2535,-9999,-9999,-9999
2026/09/08 19:22:00,-9999,-9999,-9999,190,2,2565,-9999,-9999,-9999
2026/09/08 19:22:00,-9999,-9999,-9999,190,2,2595,-9999,-9999,-9999
2026/09/08 19:22:00,-9999,-9999,-9999,190,2,2625,-9999,-9999,-9999
2026/09/08 19:22:00,-9999,-9999,-9999,190,2,2655,-9999,-9999,-9999
2026/09/08 19:22:00,-9999,-9999,-9999,190,2,2685,-9999,-9999,-9999
2026/09/08 19:22:00,-9999,-9999,-9999,190,2,2715,-9999,-9999,-9999
2026/09/08 19:22:00,-9999,-9999,-9999,190,2,2745,-9999,-9999,-9999
2026/09/08 19:22:00,-9999,-9999,-9999,190,2,2775,-9999,-9999,-9999
2026/09/08 19:22:00,-9999,-9999,-9999,190,2,2805,-9999,-9999,-9999
2026/09/08 19:22:00,-9999,-9999,-9999,190,2,2835,-9999,-9999,-9999
2026/09/08 19:22:00,-9999,-9999,-9999,190,2,2865,-9999,-9999,-9999
2026/09/08 19:22:00,-9999,-9999,-9999,190,2,2895,-9999,-9999,-9999
2026/09/08 19:22:00,-9999,-9999,-9999,190,2,2925,-9999,-9999,-9999
2026/09/08 19:22:00,-9999,-9999,-9999,190,2,2955,-9999,-9999,-9999
2026/09/08 19:22:00,-9999,-9999,-9999,190,2,2985,-9999,-9999,-9999
2026/09/08 19:22:00,-9999,-9999,-9999,190,2,3015,-9999,-9999,-9999
2026/09/08 19:22:00,-9999,-9999,-9999,190,2,3045,-9999,-9999,-9999
2026/09/08 19:22:00,-9999,-9999,-9999,190,2,3075,-9999,-9999,-9999
2026/09/08 19:22:00,-9999,-9999,-9999,190,2,3105,-9999,-9999,-9999
2026/09/08 19:22:00,-9999,-9999,-9999,190,2,3135,-9999,-9999,-9999
2026/09/08 19:22:00,-9999,-9999,-9999,190,2,3165,-9999,-9999,-9999
2026/09/08 19:22:00,-9999,-9999,-9999,190,2,3195,-9999,-9999,-9999
2026/09/08 19:22:00,-9999,-9999,-9999,190,2,3225,-9999,-9999,-9999
2026/09/08 19:22:00,-9999,-9999,-9999,190,2,3255,-9999,-9999,-9999
2026/09/08 19:22:00,-9999,-9999,-9999,190,2,3285,-9999,-9999,-9999
2026/09/08 19:22:00,-9999,-9999,-9999,190,2,3315,-9999,-9999,-9999
2026/09/08 19:22:00,-9999,-9999,-9999,190,2,3345,-9999,-9999,-9999
2026/09/08 19:22:00,-9999,-9999,-9999,190,2,3375,-9999,-9999,-9999
2026/09/08 19:22:00,-9999,-9999,-9999,190,2,3405,-9999,-9999,-9999
2026/09/08 19:22:00,-9999,-9999,-9999,190,2,3435,-9999,-9999,-9999
2026/09/08 19:22:00,-9999,-9999,-9999,190,2,3465,-9999,-9999,-9999
2026/09/08 19:22:00,-9999,-9999,-9999,190,2,3495,-9999,-9999,-9999
2026/09/08 19:22:00,-9999,-9999,-9999,190,2,3525,-9999,-9999,-9999
2026/09/08 19:22:00,-9999,-9999,-9999,190,2,3555,-9999,-9999,-9999
2026/09/08 19:22:00,-9999,-9999,-9999,190,2,3585,-9999,-9999,-9999
2026/09/08 19:22:00,-9999,-9999,-9999,190,2,3615,-9999,-9999,-9999
2026/09/08 19:22:00,-9999,-9999,-9999,190,2,3645,-9999,-9999,-9999
2026/09/08 19:22:00,-9999,-9999,-9999,190,2,3675,-9999,-9999,-9999
2026/09/08 19:22:00,-9999,-9999,-9999,190,2,3705,-9999,-9999,-9999
2026/09/08 19:22:00,-9999,-9999,-9999,190,2,3735,-9999,-9999,-9999
2026/09/08 19:22:00,-9999,-9999,-9999,190,2,3765,-9999,-9999,-9999
2026/09/08 19:22:00,-9999,-9999,-9999,190,2,3795,-9999,-9999,-9999
2026/09/08 19:22:00,-9999,-9999,-9999,190,2,3825,-9999,-9999,-9999
2026/09/08 19:22:00,-9999,-9999,-9999,190,2,3855,-9999,-9999,-9999
2026/09/08 19:22:00,-9999,-9999,-9999,190,2,3885,-9999,-9999,-9999
2026/09/08 19:22:00,-9999,-9999,-9999,190,2,3915,-9999,-9999,-9999
2026/09/08 19:22:00,-9999,-9999,-9999,190,2,3945,-9999,-9999,-9999
2026/09/08 19:22:00,-9999,-9999,-9999,190,2,3975,-9999,-9999,-9999
2026/09/08 19:22:00,-9999,-9999,-9999,190,2,4005,-9999,-9999,-9999
2026/09/08 19:22:00,-9999,-9999,-9999,190,2,4035,-9999,-9999,-9999
2026/09/08 19:22:00,-9999,-9999,-9999,190,2,4065,-9999,-9999,-9999
2026/09/08 19:22:00,-9999,-9999,-9999,190,2,4095,-9999,-9999,-9999
2026/09/08 19:22:00,-9999,-9999,-9999,190,2,4125,-9999,-9999,-9999
2026/09/08 19:22:00,-9999,-9999,-9999,190,2,4155,-9999,-9999,-9999
2026/09/08 19:22:00,-9999,-9999,-9999,190,2,4185,-9999,-9999,-9999
2026/09/08 19:22:00,-9999,-9999,-9999,190,2,4215,-9999,-9999,-9999
2026/09/08 19:22:00,-9999,-9999,-9999,190,2,4245,-9999,-9999,-9999
2026/09/08 19:22:00,-9999,-9999,-9999,190,2,4275,-9999,-9999,-9999
2026/09/08 19:22:00,-9999,-9999,-9999,190,2,4305,-9999,-9999,-9999
2026/09/08 19:22:00,-9999,-9999,-9999,190,2,4335,-9999,-9999,-9999
2026/09/08 19:22:00,-9999,-9999,-9999,190,2,4365,-9999,-9999,-9999
2026/09/08 19:22:00,-9999,-9999,-9999,190,2,4395,-9999,-9999,-9999
2026/09/08 19:22:00,-9999,-9999,-9999,190,2,4425,-9999,-9999,-9999
2026/09/08 19:22:00,-9999,-9999,-9999,190,2,4455,-9999,-9999,-9999
2026/09/08 19:22:00,-9999,-9999,-9999,190,2,4485,-9999,-9999,-9999
2026/09/08 19:22:00,-9999,-9999,-9999,190,2,4515,-9999,-9999,-9999
2026/09/08 19:22:00,-9999,-9999,-9999,190,2,4545,-9999,-9999,-9999
2026/09/08 19:22:00,-9999,-9999,-9999,190,2,4575,-9999,-9999,-9999
2026/09/08 19:22:00,-9999,-9999,-9999,190,2,4605,-9999,-9999,-9999
2026/09/08 19:22:00,-9999,-9999,-9999,190,2,4635,-9999,-9999,-9999
2026/09/08 19:22:00,-9999,-9999,-9999,190,2,4665,-9999,-9999,-9999
2026/09/08 19:22:00,-9999,-9999,-9999,190,2,4695,-9999,-9999,-9999
2026/09/08 19:22:00,-9999,-9999,-9999,190,2,4725,-9999,-9999,-9999
2026/09/08 19:22:00,-9999,-9999,-9999,190,2,4755,-9999,-9999,-9999
2026/09/08 19:22:00,-9999,-9999,-9999,190,2,4785,-9999,-9999,-9999
2026/09/08 19:22:00,-9999,-9999,-9999,190,2,4815,-9999,-9999,-9999
2026/09/08 19:22:00,-9999,-9999,-9999,190,2,4845,-9999,-9999,-9999
2026/09/08 19:22:00,-9999,-9999,-9999,190,2,4875,-9999,-9999,-9999
2026/09/08 19:22:00,-9999,-9999,-9999,190,2,4905,-9999,-9999,-9999
2026/09/08 19:22:00,-9999,-9999,-9999,190,2,4935,-9999,-9999,-9999
2026/09/08 19:22:00,-9999,-9999,-9999,190,2,4965,-9999,-9999,-9999
2026/09/08 19:22:00,-9999,-9999,-9999,190,2,4995,-9999,-9999,-9999
2026/09/08 19:22:00,-9999,-9999,-9999,190,2,5025,-9999,-9999,-9999
2026/09/08 19:22:00,-9999,-9999,-9999,190,2,5055,-9999,-9999,-9999
2026/09/08 19:22:00,-9999,-9999,-9999,190,2,5085,-9999,-9999,-9999
2026/09/08 19:22:00,-9999,-9999,-9999,190,2,5115,-9999,-9999,-9999
2026/09/08 19:22:00,-9999,-9999,-9999,190,2,5145,-9999,-9999,-9999
2026/09/08 19:22:00,-9999,-9999,-9999,190,2,5175,-9999,-9999,-9999
2026/09/08 19:22:00,-9999,-9999,-9999,190,2,5205,-9999,-9999,-9999
2026/09/08 19:22:00,-9999,-9999,-9999,190,2,5235,-9999,-9999,-9999
2026/09/08 19:22:00,-9999,-9999,-9999,190,2,5265,-9999,-9999,-9999
2026/09/08 19:22:00,-9999,-9999,-9999,190,2,5295,-9999,-9999,-9999
2026/09/08 19:22:00,-9999,-9999,-9999,190,2,5325,-9999,-9999,-9999
2026/09/08 19:22:00,-9999,-9999,-9999,190,2,5355,-9999,-9999,-9999
2026/09/08 19:22:00,-9999,-9999,-9999,190,2,5385,-9999,-9999,-9999
2026/09/08 19:22:00,-9999,-9999,-9999,190,2,5415,-9999,-9999,-9999
2026/09/08 19:22:00,-9999,-9999,-9999,190,2,5445,-9999,-9999,-9999
2026/09/08 19:22:00,-9999,-9999,-9999,190,2,5475,-9999,-9999,-9999
2026/09/08 19:22:00,-9999,-9999,-9999,190,2,5505,-9999,-9999,-9999
2026/09/08 19:22:00,-9999,-9999,-9999,190,2,5535,-9999,-9999,-9999
2026/09/08 19:22:00,-9999,-9999,-9999,190,2,5565,-9999,-9999,-9999
2026/09/08 19:22:00,-9999,-9999,-9999,190,2,5595,-9999,-9999,-9999
2026/09/08 19:22:00,-9999,-9999,-9999,190,2,5625,-9999,-9999,-9999
2026/09/08 19:22:00,-9999,-9999,-9999,190,2,5655,-9999,-9999,-9999
2026/09/08 19:22:00,-9999,-9999,-9999,190,2,5685,-9999,-9999,-9999
2026/09/08 19:22:00,-9999,-9999,-9999,190,2,5715,-9999,-9999,-9999
2026/09/08 19:22:00,-9999,-9999,-9999,190,2,5745,-9999,-9999,-9999
2026/09/08 19:22:00,-9999,-9999,-9999,190,2,5775,-9999,-9999,-9999
2026/09/08 19:22:00,-9999,-9999,-9999,190,2,5805,-9999,-9999,-9999
2026/09/08 19:22:00,-9999,-9999,-9999,190,2,5835,-9999,-9999,-9999
2026/09/08 19:22:00,-9999,-9999,-9999,190,2,5865,-9999,-9999,-9999
2026/09/08 19:22:00,-9999,-9999,-9999,190,2,5895,-9999,-9999,-9999
2026/09/08 19:22:00,-9999,-9999,-9999,190,2,5925,-9999,-9999,-9999
2026/09/08 19:22:00,-9999,-9999,-9999,190,2,5955,-9999,-9999,-9999
2026/09/08 19:22:00,-9999,-9999,-9999,190,2,5985,-9999,-9999,-9999
2026/09/08 19:22:00,-9999,-9999,-9999,200,2,15,-9999,-9999,-9999
2026/09/08 19:22:00,-9999,-9999,-9999,200,2,45,2.023971,50.46049,-9999
2026/09/08 19:22:00,-9999,-9999,-9999,200,2,75,2.398505,53.35228,-9999
2026/09/08 19:22:00,-9999,-9999,-9999,200,2,105,2.547353,51.21407,-9999
2026/09/08 19:22:00,-9999,-9999,-9999,200,2,135,2.750129,50.82853,-9999
2026/09/08 19:22:00,-9999,-9999,-9999,200,2,165,2.847882,47.08861,-9999
2026/09/08 19:22:00,-9999,-9999,-9999,200,2,195,2.913531,43.81114,-9999
2026/09/08 19:22:00,-9999,-9999,-9999,200,2,225,3.207074,46.06361,-9999
2026/09/08 19:22:00,-9999,-9999,-9999,200,2,255,3.28445,46.34498,-9999
2026/09/08 19:22:00,-9999,-9999,-9999,200,2,285,3.285185,46.84592,-9999
2026/09/08 19:22:00,-9999,-9999,-9999,200,2,315,3.370177,47.11983,-9999
2026/09/08 19:22:00,-9999,-9999,-9999,200,2,345,3.4671,46.46854,-9999
2026/09/08 19:22:00,-9999,-9999,-9999,200,2,375,3.584877,45.6421,-9999
2026/09/08 19:22:00,-9999,-9999,-9999,200,2,405,3.757854,44.90985,-9999
2026/09/08 19:22:00,-9999,-9999,-9999,200,2,435,3.869291,44.36277,-9999
2026/09/08 19:22:00,-9999,-9999,-9999,200,2,465,4.002011,43.7044,-9999
2026/09/08 19:22:00,-9999,-9999,-9999,200,2,495,4.117048,42.83103,-9999
2026/09/08 19:22:00,-9999,-9999,-9999,200,2,525,4.209801,41.67146,-9999
2026/09/08 19:22:00,-9999,-9999,-9999,200,2,555,4.2909,41.05964,-9999
2026/09/08 19:22:00,-9999,-9999,-9999,200,2,585,4.328456,41.76061,-9999
2026/09/08 19:22:00,-9999,-9999,-9999,200,2,615,4.363137,43.00555,-9999
2026/09/08 19:22:00,-9999,-9999,-9999,200,2,645,4.371013,44.34722,-9999
2026/09/08 19:22:00,-9999,-9999,-9999,200,2,675,4.421881,46.04514,-9999
2026/09/08 19:22:00,-9999,-9999,-9999,200,2,705,4.51395,47.18587,-9999
2026/09/08 19:22:00,-9999,-9999,-9999,200,2,735,4.612176,47.20602,-9999
2026/09/08 19:22:00,-9999,-9999,-9999,200,2,765,4.723116,47.75055,-9999
2026/09/08 19:22:00,-9999,-9999,-9999,200,2,795,4.762434,48.6284,-9999
2026/09/08 19:22:00,-9999,-9999,-9999,200,2,825,4.765177,49.51974,-9999
2026/09/08 19:22:00,-9999,-9999,-9999,200,2,855,4.742144,51.06354,-9999
2026/09/08 19:22:00,-9999,-9999,-9999,200,2,885,4.673676,52.46873,-9999
2026/09/08 19:22:00,-9999,-9999,-9999,200,2,915,4.667935,53.47734,-9999
2026/09/08 19:22:00,-9999,-9999,-9999,200,2,945,4.709568,54.86778,-9999
2026/09/08 19:22:00,-9999,-9999,-9999,200,2,975,4.768422,53.9283,-9999
2026/09/08 19:22:00,-9999,-9999,-9999,200,2,1005,4.941062,52.89378,-9999
2026/09/08 19:22:00,-9999,-9999,-9999,200,2,1035,5.075207,51.58567,-9999
2026/09/08 19:22:00,-9999,-9999,-9999,200,2,1065,5.186516,48.84235,-9999
2026/09/08 19:22:00,-9999,-9999,-9999,200,2,1095,5.324502,47.71193,-9999
2026/09/08 19:22:00,-9999,-9999,-9999,200,2,1125,5.328651,46.2498,-9999
2026/09/08 19:22:00,-9999,-9999,-9999,200,2,1155,5.360519,45.37268,-9999
2026/09/08 19:22:00,-9999,-9999,-9999,200,2,1185,5.408606,45.12709,-9999
2026/09/08 19:22:00,-9999,-9999,-9999,200,2,1215,5.419535,44.49952,-9999
2026/09/08 19:22:00,-9999,-9999,-9999,200,2,1245,5.47478,44.38551,-9999
2026/09/08 19:22:00,-9999,-9999,-9999,200,2,1275,5.56204,44.91265,-9999
2026/09/08 19:22:00,-9999,-9999,-9999,200,2,1305,5.624578,44.48896,-9999
2026/09/08 19:22:00,-9999,-9999,-9999,200,2,1335,5.661446,44.44458,-9999
2026/09/08 19:22:00,-9999,-9999,-9999,200,2,1365,5.703098,44.26494,-9999
2026/09/08 19:22:00,-9999,-9999,-9999,200,2,1395,5.6767,43.33617,-9999
2026/09/08 19:22:00,-9999,-9999,-9999,200,2,1425,5.682095,43.6044,-9999
2026/09/08 19:22:00,-9999,-9999,-9999,200,2,1455,5.693757,43.63161,-9999
2026/09/08 19:22:00,-9999,-9999,-9999,200,2,1485,5.66961,43.1318,-9999
2026/09/08 19:22:00,-9999,-9999,-9999,200,2,1515,5.725383,43.56363,-9999
2026/09/08 19:22:00,-9999,-9999,-9999,200,2,1545,5.730174,43.72343,-9999
2026/09/08 19:22:00,-9999,-9999,-9999,200,2,1575,5.829994,44.63681,-9999
2026/09/08 19:22:00,-9999,-9999,-9999,200,2,1605,5.930529,45.26611,-9999
2026/09/08 19:22:00,-9999,-9999,-9999,200,2,1635,5.950116,45.73482,-9999
2026/09/08 19:22:00,-9999,-9999,-9999,200,2,1665,6.0034,45.10172,-9999
2026/09/08 19:22:00,-9999,-9999,-9999,200,2,1695,5.994506,45.32031,-9999
2026/09/08 19:22:00,-9999,-9999,-9999,200,2,1725,6.099518,44.08202,-9999
2026/09/08 19:22:00,-9999,-9999,-9999,200,2,1755,6.075066,44.51657,-9999
2026/09/08 19:22:00,-9999,-9999,-9999,200,2,1785,6.056383,44.78577,-9999
2026/09/08 19:22:00,-9999,-9999,-9999,200,2,1815,6.00738,43.91003,-9999
2026/09/08 19:22:00,-9999,-9999,-9999,200,2,1845,5.950408,43.88337,-9999
2026/09/08 19:22:00,-9999,-9999,-9999,200,2,1875,6.145545,38.71507,-9999
2026/09/08 19:22:00,-9999,-9999,-9999,200,2,1905,6.204144,39.86687,-9999
2026/09/08 19:22:00,-9999,-9999,-9999,200,2,1935,6.235645,41.21597,-9999
2026/09/08 19:22:00,-9999,-9999,-9999,200,2,1965,6.269556,42.21597,-9999
2026/09/08 19:22:00,-9999,-9999,-9999,200,2,1995,-9999,-9999,-9999
2026/09/08 19:22:00,-9999,-9999,-9999,200,2,2025,6.191549,42.66314,-9999
2026/09/08 19:22:00,-9999,-9999,-9999,200,2,2055,6.179286,43.51447,-9999
2026/09/08 19:22:00,-9999,-9999,-9999,200,2,2085,6.206845,44.23122,-9999
2026/09/08 19:22:00,-9999,-9999,-9999,200,2,2115,-9999,-9999,-9999
2026/09/08 19:22:00,-9999,-9999,-9999,200,2,2145,-9999,-9999,-9999
2026/09/08 19:22:00,-9999,-9999,-9999,200,2,2175,-9999,-9999,-9999
2026/09/08 19:22:00,-9999,-9999,-9999,200,2,2205,-9999,-9999,-9999
2026/09/08 19:22:00,-9999,-9999,-9999,200,2,2235,-9999,-9999,-9999
2026/09/08 19:22:00,-9999,-9999,-9999,200,2,2265,-9999,-9999,-9999
2026/09/08 19:22:00,-9999,-9999,-9999,200,2,2295,-9999,-9999,-9999
2026/09/08 19:22:00,-9999,-9999,-9999,200,2,2325,-9999,-9999,-9999
2026/09/08 19:22:00,-9999,-9999,-9999,200,2,2355,-9999,-9999,-9999
2026/09/08 19:22:00,-9999,-9999,-9999,200,2,2385,-9999,-9999,-9999
2026/09/08 19:22:00,-9999,-9999,-9999,200,2,2415,-9999,-9999,-9999
2026/09/08 19:22:00,-9999,-9999,-9999,200,2,2445,-9999,-9999,-9999
2026/09/08 19:22:00,-9999,-9999,-9999,200,2,2475,-9999,-9999,-9999
2026/09/08 19:22:00,-9999,-9999,-9999,200,2,2505,-9999,-9999,-9999
2026/09/08 19:22:00,-9999,-9999,-9999,200,2,2535,-9999,-9999,-9999
2026/09/08 19:22:00,-9999,-9999,-9999,200,2,2565,-9999,-9999,-9999
2026/09/08 19:22:00,-9999,-9999,-9999,200,2,2595,-9999,-9999,-9999
2026/09/08 19:22:00,-9999,-9999,-9999,200,2,2625,-9999,-9999,-9999
2026/09/08 19:22:00,-9999,-9999,-9999,200,2,2655,-9999,-9999,-9999
2026/09/08 19:22:00,-9999,-9999,-9999,200,2,2685,-9999,-9999,-9999
2026/09/08 19:22:00,-9999,-9999,-9999,200,2,2715,-9999,-9999,-9999
2026/09/08 19:22:00,-9999,-9999,-9999,200,2,2745,-9999,-9999,-9999
2026/09/08 19:22:00,-9999,-9999,-9999,200,2,2775,-9999,-9999,-9999
2026/09/08 19:22:00,-9999,-9999,-9999,200,2,2805,-9999,-9999,-9999
2026/09/08 19:22:00,-9999,-9999,-9999,200,2,2835,-9999,-9999,-9999
2026/09/08 19:22:00,-9999,-9999,-9999,200,2,2865,-9999,-9999,-9999
2026/09/08 19:22:00,-9999,-9999,-9999,200,2,2895,-9999,-9999,-9999
2026/09/08 19:22:00,-9999,-9999,-9999,200,2,2925,-9999,-9999,-9999
2026/09/08 19:22:00,-9999,-9999,-9999,200,2,2955,-9999,-9999,-9999
2026/09/08 19:22:00,-9999,-9999,-9999,200,2,2985,-9999,-9999,-9999
2026/09/08 19:22:00,-9999,-9999,-9999,200,2,3015,-9999,-9999,-9999
2026/09/08 19:22:00,-9999,-9999,-9999,200,2,3045,-9999,-9999,-9999
2026/09/08 19:22:00,-9999,-9999,-9999,200,2,3075,-9999,-9999,-9999
2026/09/08 19:22:00,-9999,-9999,-9999,200,2,3105,-9999,-9999,-9999
2026/09/08 19:22:00,-9999,-9999,-9999,200,2,3135,-9999,-9999,-9999
2026/09/08 19:22:00,-9999,-9999,-9999,200,2,3165,-9999,-9999,-9999
2026/09/08 19:22:00,-9999,-9999,-9999,200,2,3195,-9999,-9999,-9999
2026/09/08 19:22:00,-9999,-9999,-9999,200,2,3225,-9999,-9999,-9999
2026/09/08 19:22:00,-9999,-9999,-9999,200,2,3255,-9999,-9999,-9999
2026/09/08 19:22:00,-9999,-9999,-9999,200,2,3285,-9999,-9999,-9999
2026/09/08 19:22:00,-9999,-9999,-9999,200,2,3315,-9999,-9999,-9999
2026/09/08 19:22:00,-9999,-9999,-9999,200,2,3345,-9999,-9999,-9999
2026/09/08 19:22:00,-9999,-9999,-9999,200,2,3375,-9999,-9999,-9999
2026/09/08 19:22:00,-9999,-9999,-9999,200,2,3405,-9999,-9999,-9999
2026/09/08 19:22:00,-9999,-9999,-9999,200,2,3435,-9999,-9999,-9999
2026/09/08 19:22:00,-9999,-9999,-9999,200,2,3465,-9999,-9999,-9999
2026/09/08 19:22:00,-9999,-9999,-9999,200,2,3495,-9999,-9999,-9999
2026/09/08 19:22:00,-9999,-9999,-9999,200,2,3525,-9999,-9999,-9999
2026/09/08 19:22:00,-9999,-9999,-9999,200,2,3555,-9999,-9999,-9999
2026/09/08 19:22:00,-9999,-9999,-9999,200,2,3585,-9999,-9999,-9999
2026/09/08 19:22:00,-9999,-9999,-9999,200,2,3615,-9999,-9999,-9999
2026/09/08 19:22:00,-9999,-9999,-9999,200,2,3645,-9999,-9999,-9999
2026/09/08 19:22:00,-9999,-9999,-9999,200,2,3675,-9999,-9999,-9999
2026/09/08 19:22:00,-9999,-9999,-9999,200,2,3705,-9999,-9999,-9999
2026/09/08 19:22:00,-9999,-9999,-9999,200,2,3735,-9999,-9999,-9999
2026/09/08 19:22:00,-9999,-9999,-9999,200,2,3765,-9999,-9999,-9999
2026/09/08 19:22:00,-9999,-9999,-9999,200,2,3795,-9999,-9999,-9999
2026/09/08 19:22:00,-9999,-9999,-9999,200,2,3825,-9999,-9999,-9999
2026/09/08 19:22:00,-9999,-9999,-9999,200,2,3855,-9999,-9999,-9999
2026/09/08 19:22:00,-9999,-9999,-9999,200,2,3885,-9999,-9999,-9999
2026/09/08 19:22:00,-9999,-9999,-9999,200,2,3915,-9999,-9999,-9999
2026/09/08 19:22:00,-9999,-9999,-9999,200,2,3945,-9999,-9999,-9999
2026/09/08 19:22:00,-9999,-9999,-9999,200,2,3975,-9999,-9999,-9999
2026/09/08 19:22:00,-9999,-9999,-9999,200,2,4005,-9999,-9999,-9999
2026/09/08 19:22:00,-9999,-9999,-9999,200,2,4035,-9999,-9999,-9999
2026/09/08 19:22:00,-9999,-9999,-9999,200,2,4065,-9999,-9999,-9999
2026/09/08 19:22:00,-9999,-9999,-9999,200,2,4095,-9999,-9999,-9999
2026/09/08 19:22:00,-9999,-9999,-9999,200,2,4125,-9999,-9999,-9999
2026/09/08 19:22:00,-9999,-9999,-9999,200,2,4155,-9999,-9999,-9999
2026/09/08 19:22:00,-9999,-9999,-9999,200,2,4185,-9999,-9999,-9999
2026/09/08 19:22:00,-9999,-9999,-9999,200,2,4215,-9999,-9999,-9999
2026/09/08 19:22:00,-9999,-9999,-9999,200,2,4245,-9999,-9999,-9999
2026/09/08 19:22:00,-9999,-9999,-9999,200,2,4275,-9999,-9999,-9999
2026/09/08 19:22:00,-9999,-9999,-9999,200,2,4305,-9999,-9999,-9999
2026/09/08 19:22:00,-9999,-9999,-9999,200,2,4335,-9999,-9999,-9999
2026/09/08 19:22:00,-9999,-9999,-9999,200,2,4365,-9999,-9999,-9999
2026/09/08 19:22:00,-9999,-9999,-9999,200,2,4395,-9999,-9999,-9999
2026/09/08 19:22:00,-9999,-9999,-9999,200,2,4425,-9999,-9999,-9999
2026/09/08 19:22:00,-9999,-9999,-9999,200,2,4455,-9999,-9999,-9999
2026/09/08 19:22:00,-9999,-9999,-9999,200,2,4485,-9999,-9999,-9999
2026/09/08 19:22:00,-9999,-9999,-9999,200,2,4515,-9999,-9999,-9999
2026/09/08 19:22:00,-9999,-9999,-9999,200,2,4545,-9999,-9999,-9999
2026/09/08 19:22:00,-9999,-9999,-9999,200,2,4575,-9999,-9999,-9999
2026/09/08 19:22:00,-9999,-9999,-9999,200,2,4605,-9999,-9999,-9999
2026/09/08 19:22:00,-9999,-9999,-9999,200,2,4635,-9999,-9999,-9999
2026/09/08 19:22:00,-9999,-9999,-9999,200,2,4665,-9999,-9999,-9999
2026/09/08 19:22:00,-9999,-9999,-9999,200,2,4695,-9999,-9999,-9999
2026/09/08 19:22:00,-9999,-9999,-9999,200,2,4725,-9999,-9999,-9999
2026/09/08 19:22:00,-9999,-9999,-9999,200,2,4755,-9999,-9999,-9999
2026/09/08 19:22:00,-9999,-9999,-9999,200,2,4785,-9999,-9999,-9999
2026/09/08 19:22:00,-9999,-9999,-9999,200,2,4815,-9999,-9999,-9999
2026/09/08 19:22:00,-9999,-9999,-9999,200,2,4845,-9999,-9999,-9999
2026/09/08 19:22:00,-9999,-9999,-9999,200,2,4875,-9999,-9999,-9999
2026/09/08 19:22:00,-9999,-9999,-9999,200,2,4905,-9999,-9999,-9999
2026/09/08 19:22:00,-9999,-9999,-9999,200,2,4935,-9999,-9999,-9999
2026/09/08 19:22:00,-9999,-9999,-9999,200,2,4965,-9999,-9999,-9999
2026/09/08 19:22:00,-9999,-9999,-9999,200,2,4995,-9999,-9999,-9999
2026/09/08 19:22:00,-9999,-9999,-9999,200,2,5025,-9999,-9999,-9999
2026/09/08 19:22:00,-9999,-9999,-9999,200,2,5055,-9999,-9999,-9999
2026/09/08 19:22:00,-9999,-9999,-9999,200,2,5085,-9999,-9999,-9999
2026/09/08 19:22:00,-9999,-9999,-9999,200,2,5115,-9999,-9999,-9999
2026/09/08 19:22:00,-9999,-9999,-9999,200,2,5145,-9999,-9999,-9999
2026/09/08 19:22:00,-9999,-9999,-9999,200,2,5175,-9999,-9999,-9999
2026/09/08 19:22:00,-9999,-9999,-9999,200,2,5205,-9999,-9999,-9999
2026/09/08 19:22:00,-9999,-9999,-9999,200,2,5235,-9999,-9999,-9999
2026/09/08 19:22:00,-9999,-9999,-9999,200,2,5265,-9999,-9999,-9999
2026/09/08 19:22:00,-9999,-9999,-9999,200,2,5295,-9999,-9999,-9999
2026/09/08 19:22:00,-9999,-9999,-9999,200,2,5325,-9999,-9999,-9999
2026/09/08 19:22:00,-9999,-9999,-9999,200,2,5355,-9999,-9999,-9999
2026/09/08 19:22:00,-9999,-9999,-9999,200,2,5385,-9999,-9999,-9999
2026/09/08 19:22:00,-9999,-9999,-9999,200,2,5415,-9999,-9999,-9999
2026/09/08 19:22:00,-9999,-9999,-9999,200,2,5445,-9999,-9999,-9999
2026/09/08 19:22:00,-9999,-9999,-9999,200,2,5475,-9999,-9999,-9999
2026/09/08 19:22:00,-9999,-9999,-9999,200,2,5505,-9999,-9999,-9999
2026/09/08 19:22:00,-9999,-9999,-9999,200,2,5535,-9999,-9999,-9999
2026/09/08 19:22:00,-9999,-9999,-9999,200,2,5565,-9999,-9999,-9999
2026/09/08 19:22:00,-9999,-9999,-9999,200,2,5595,-9999,-9999,-9999
2026/09/08 19:22:00,-9999,-9999,-9999,200,2,5625,-9999,-9999,-9999
2026/09/08 19:22:00,-9999,-9999,-9999,200,2,5655,-9999,-9999,-9999
2026/09/08 19:22:00,-9999,-9999,-9999,200,2,5685,-9999,-9999,-9999
2026/09/08 19:22:00,-9999,-9999,-9999,200,2,5715,-9999,-9999,-9999
2026/09/08 19:22:00,-9999,-9999,-9999,200,2,5745,-9999,-9999,-9999
2026/09/08 19:22:00,-9999,-9999,-9999,200,2,5775,-9999,-9999,-9999
2026/09/08 19:22:00,-9999,-9999,-9999,200,2,5805,-9999,-9999,-9999
2026/09/08 19:22:00,-9999,-9999,-9999,200,2,5835,-9999,-9999,-9999
2026/09/08 19:22:00,-9999,-9999,-9999,200,2,5865,-9999,-9999,-9999
2026/09/08 19:22:00,-9999,-9999,-9999,200,2,5895,-9999,-9999,-9999
2026/09/08 19:22:00,-9999,-9999,-9999,200,2,5925,-9999,-9999,-9999
2026/09/08 19:22:00,-9999,-9999,-9999,200,2,5955,-9999,-9999,-9999
2026/09/08 19:22:00,-9999,-9999,-9999,200,2,5985,-9999,-9999,-9999
2026/09/08 19:22:00,-9999,-9999,-9999,210,2,15,-9999,-9999,-9999
2026/09/08 19:22:00,-9999,-9999,-9999,210,2,45,2.179062,50.01091,-9999
2026/09/08 19:22:00,-9999,-9999,-9999,210,2,75,2.570654,53.95642,-9999
2026/09/08 19:22:00,-9999,-9999,-9999,210,2,105,2.770063,56.12749,-9999
2026/09/08 19:22:00,-9999,-9999,-9999,210,2,135,-9999,-9999,-9999
2026/09/08 19:22:00,-9999,-9999,-9999,210,2,165,3.151311,54.1367,-9999
2026/09/08 19:22:00,-9999,-9999,-9999,210,2,195,3.256314,53.52016,-9999
2026/09/08 19:22:00,-9999,-9999,-9999,210,2,225,-9999,-9999,-9999
2026/09/08 19:22:00,-9999,-9999,-9999,210,2,255,-9999,-9999,-9999
2026/09/08 19:22:00,-9999,-9999,-9999,210,2,285,-9999,-9999,-9999
2026/09/08 19:22:00,-9999,-9999,-9999,210,2,315,-9999,-9999,-9999
2026/09/08 19:22:00,-9999,-9999,-9999,210,2,345,-9999,-9999,-9999
2026/09/08 19:22:00,-9999,-9999,-9999,210,2,375,-9999,-9999,-9999
2026/09/08 19:22:00,-9999,-9999,-9999,210,2,405,-9999,-9999,-9999
2026/09/08 19:22:00,-9999,-9999,-9999,210,2,435,-9999,-9999,-9999
2026/09/08 19:22:00,-9999,-9999,-9999,210,2,465,-9999,-9999,-9999
2026/09/08 19:22:00,-9999,-9999,-9999,210,2,495,-9999,-9999,-9999
2026/09/08 19:22:00,-9999,-9999,-9999,210,2,525,-9999,-9999,-9999
2026/09/08 19:22:00,-9999,-9999,-9999,210,2,555,-9999,-9999,-9999
2026/09/08 19:22:00,-9999,-9999,-9999,210,2,585,-9999,-9999,-9999
2026/09/08 19:22:00,-9999,-9999,-9999,210,2,615,-9999,-9999,-9999
2026/09/08 19:22:00,-9999,-9999,-9999,210,2,645,-9999,-9999,-9999
2026/09/08 19:22:00,-9999,-9999,-9999,210,2,675,-9999,-9999,-9999
2026/09/08 19:22:00,-9999,-9999,-9999,210,2,705,-9999,-9999,-9999
2026/09/08 19:22:00,-9999,-9999,-9999,210,2,735,-9999,-9999,-9999
2026/09/08 19:22:00,-9999,-9999,-9999,210,2,765,-9999,-9999,-9999
2026/09/08 19:22:00,-9999,-9999,-9999,210,2,795,-9999,-9999,-9999
2026/09/08 19:22:00,-9999,-9999,-9999,210,2,825,-9999,-9999,-9999
2026/09/08 19:22:00,-9999,-9999,-9999,210,2,855,-9999,-9999,-9999
2026/09/08 19:22:00,-9999,-9999,-9999,210,2,885,-9999,-9999,-9999
2026/09/08 19:22:00,-9999,-9999,-9999,210,2,915,-9999,-9999,-9999
2026/09/08 19:22:00,-9999,-9999,-9999,210,2,945,-9999,-9999,-9999
2026/09/08 19:22:00,-9999,-9999,-9999,210,2,975,-9999,-9999,-9999
2026/09/08 19:22:00,-9999,-9999,-9999,210,2,1005,-9999,-9999,-9999
2026/09/08 19:22:00,-9999,-9999,-9999,210,2,1035,-9999,-9999,-9999
2026/09/08 19:22:00,-9999,-9999,-9999,210,2,1065,-9999,-9999,-9999
2026/09/08 19:22:00,-9999,-9999,-9999,210,2,1095,-9999,-9999,-9999
2026/09/08 19:22:00,-9999,-9999,-9999,210,2,1125,-9999,-9999,-9999
2026/09/08 19:22:00,-9999,-9999,-9999,210,2,1155,-9999,-9999,-9999
2026/09/08 19:22:00,-9999,-9999,-9999,210,2,1185,-9999,-9999,-9999
2026/09/08 19:22:00,-9999,-9999,-9999,210,2,1215,-9999,-9999,-9999
2026/09/08 19:22:00,-9999,-9999,-9999,210,2,1245,-9999,-9999,-9999
2026/09/08 19:22:00,-9999,-9999,-9999,210,2,1275,-9999,-9999,-9999
2026/09/08 19:22:00,-9999,-9999,-9999,210,2,1305,-9999,-9999,-9999
2026/09/08 19:22:00,-9999,-9999,-9999,210,2,1335,-9999,-9999,-9999
2026/09/08 19:22:00,-9999,-9999,-9999,210,2,1365,-9999,-9999,-9999
2026/09/08 19:22:00,-9999,-9999,-9999,210,2,1395,-9999,-9999,-9999
2026/09/08 19:22:00,-9999,-9999,-9999,210,2,1425,-9999,-9999,-9999
2026/09/08 19:22:00,-9999,-9999,-9999,210,2,1455,-9999,-9999,-9999
2026/09/08 19:22:00,-9999,-9999,-9999,210,2,1485,-9999,-9999,-9999
2026/09/08 19:22:00,-9999,-9999,-9999,210,2,1515,-9999,-9999,-9999
2026/09/08 19:22:00,-9999,-9999,-9999,210,2,1545,-9999,-9999,-9999
2026/09/08 19:22:00,-9999,-9999,-9999,210,2,1575,-9999,-9999,-9999
2026/09/08 19:22:00,-9999,-9999,-9999,210,2,1605,-9999,-9999,-9999
2026/09/08 19:22:00,-9999,-9999,-9999,210,2,1635,-9999,-9999,-9999
2026/09/08 19:22:00,-9999,-9999,-9999,210,2,1665,-9999,-9999,-9999
2026/09/08 19:22:00,-9999,-9999,-9999,210,2,1695,-9999,-9999,-9999
2026/09/08 19:22:00,-9999,-9999,-9999,210,2,1725,-9999,-9999,-9999
2026/09/08 19:22:00,-9999,-9999,-9999,210,2,1755,-9999,-9999,-9999
2026/09/08 19:22:00,-9999,-9999,-9999,210,2,1785,-9999,-9999,-9999
2026/09/08 19:22:00,-9999,-9999,-9999,210,2,1815,-9999,-9999,-9999
2026/09/08 19:22:00,-9999,-9999,-9999,210,2,1845,-9999,-9999,-9999
2026/09/08 19:22:00,-9999,-9999,-9999,210,2,1875,-9999,-9999,-9999
2026/09/08 19:22:00,-9999,-9999,-9999,210,2,1905,-9999,-9999,-9999
2026/09/08 19:22:00,-9999,-9999,-9999,210,2,1935,-9999,-9999,-9999
2026/09/08 19:22:00,-9999,-9999,-9999,210,2,1965,-9999,-9999,-9999
2026/09/08 19:22:00,-9999,-9999,-9999,210,2,1995,-9999,-9999,-9999
2026/09/08 19:22:00,-9999,-9999,-9999,210,2,2025,-9999,-9999,-9999
2026/09/08 19:22:00,-9999,-9999,-9999,210,2,2055,-9999,-9999,-9999
2026/09/08 19:22:00,-9999,-9999,-9999,210,2,2085,-9999,-9999,-9999
2026/09/08 19:22:00,-9999,-9999,-9999,210,2,2115,-9999,-9999,-9999
2026/09/08 19:22:00,-9999,-9999,-9999,210,2,2145,-9999,-9999,-9999
2026/09/08 19:22:00,-9999,-9999,-9999,210,2,2175,-9999,-9999,-9999
2026/09/08 19:22:00,-9999,-9999,-9999,210,2,2205,-9999,-9999,-9999
2026/09/08 19:22:00,-9999,-9999,-9999,210,2,2235,-9999,-9999,-9999
2026/09/08 19:22:00,-9999,-9999,-9999,210,2,2265,-9999,-9999,-9999
2026/09/08 19:22:00,-9999,-9999,-9999,210,2,2295,-9999,-9999,-9999
2026/09/08 19:22:00,-9999,-9999,-9999,210,2,2325,-9999,-9999,-9999
2026/09/08 19:22:00,-9999,-9999,-9999,210,2,2355,-9999,-9999,-9999
2026/09/08 19:22:00,-9999,-9999,-9999,210,2,2385,-9999,-9999,-9999
2026/09/08 19:22:00,-9999,-9999,-9999,210,2,2415,-9999,-9999,-9999
2026/09/08 19:22:00,-9999,-9999,-9999,210,2,2445,-9999,-9999,-9999
2026/09/08 19:22:00,-9999,-9999,-9999,210,2,2475,-9999,-9999,-9999
2026/09/08 19:22:00,-9999,-9999,-9999,210,2,2505,-9999,-9999,-9999
2026/09/08 19:22:00,-9999,-9999,-9999,210,2,2535,-9999,-9999,-9999
2026/09/08 19:22:00,-9999,-9999,-9999,210,2,2565,-9999,-9999,-9999
2026/09/08 19:22:00,-9999,-9999,-9999,210,2,2595,-9999,-9999,-9999
2026/09/08 19:22:00,-9999,-9999,-9999,210,2,2625,-9999,-9999,-9999
2026/09/08 19:22:00,-9999,-9999,-9999,210,2,2655,-9999,-9999,-9999
2026/09/08 19:22:00,-9999,-9999,-9999,210,2,2685,-9999,-9999,-9999
2026/09/08 19:22:00,-9999,-9999,-9999,210,2,2715,-9999,-9999,-9999
2026/09/08 19:22:00,-9999,-9999,-9999,210,2,2745,-9999,-9999,-9999
2026/09/08 19:22:00,-9999,-9999,-9999,210,2,2775,-9999,-9999,-9999
2026/09/08 19:22:00,-9999,-9999,-9999,210,2,2805,-9999,-9999,-9999
2026/09/08 19:22:00,-9999,-9999,-9999,210,2,2835,-9999,-9999,-9999
2026/09/08 19:22:00,-9999,-9999,-9999,210,2,2865,-9999,-9999,-9999
2026/09/08 19:22:00,-9999,-9999,-9999,210,2,2895,-9999,-9999,-9999
2026/09/08 19:22:00,-9999,-9999,-9999,210,2,2925,-9999,-9999,-9999
2026/09/08 19:22:00,-9999,-9999,-9999,210,2,2955,-9999,-9999,-9999
2026/09/08 19:22:00,-9999,-9999,-9999,210,2,2985,-9999,-9999,-9999
2026/09/08 19:22:00,-9999,-9999,-9999,210,2,3015,-9999,-9999,-9999
2026/09/08 19:22:00,-9999,-9999,-9999,210,2,3045,-9999,-9999,-9999
2026/09/08 19:22:00,-9999,-9999,-9999,210,2,3075,-9999,-9999,-9999
2026/09/08 19:22:00,-9999,-9999,-9999,210,2,3105,-9999,-9999,-9999
2026/09/08 19:22:00,-9999,-9999,-9999,210,2,3135,-9999,-9999,-9999
2026/09/08 19:22:00,-9999,-9999,-9999,210,2,3165,-9999,-9999,-9999
2026/09/08 19:22:00,-9999,-9999,-9999,210,2,3195,-9999,-9999,-9999
2026/09/08 19:22:00,-9999,-9999,-9999,210,2,3225,-9999,-9999,-9999
2026/09/08 19:22:00,-9999,-9999,-9999,210,2,3255,-9999,-9999,-9999
2026/09/08 19:22:00,-9999,-9999,-9999,210,2,3285,-9999,-9999,-9999
2026/09/08 19:22:00,-9999,-9999,-9999,210,2,3315,-9999,-9999,-9999
2026/09/08 19:22:00,-9999,-9999,-9999,210,2,3345,-9999,-9999,-9999
2026/09/08 19:22:00,-9999,-9999,-9999,210,2,3375,-9999,-9999,-9999
2026/09/08 19:22:00,-9999,-9999,-9999,210,2,3405,-9999,-9999,-9999
2026/09/08 19:22:00,-9999,-9999,-9999,210,2,3435,-9999,-9999,-9999
2026/09/08 19:22:00,-9999,-9999,-9999,210,2,3465,-9999,-9999,-9999
2026/09/08 19:22:00,-9999,-9999,-9999,210,2,3495,-9999,-9999,-9999
2026/09/08 19:22:00,-9999,-9999,-9999,210,2,3525,-9999,-9999,-9999
2026/09/08 19:22:00,-9999,-9999,-9999,210,2,3555,-9999,-9999,-9999
2026/09/08 19:22:00,-9999,-9999,-9999,210,2,3585,-9999,-9999,-9999
2026/09/08 19:22:00,-9999,-9999,-9999,210,2,3615,-9999,-9999,-9999
2026/09/08 19:22:00,-9999,-9999,-9999,210,2,3645,-9999,-9999,-9999
2026/09/08 19:22:00,-9999,-9999,-9999,210,2,3675,-9999,-9999,-9999
2026/09/08 19:22:00,-9999,-9999,-9999,210,2,3705,-9999,-9999,-9999
2026/09/08 19:22:00,-9999,-9999,-9999,210,2,3735,-9999,-9999,-9999
2026/09/08 19:22:00,-9999,-9999,-9999,210,2,3765,-9999,-9999,-9999
2026/09/08 19:22:00,-9999,-9999,-9999,210,2,3795,-9999,-9999,-9999
2026/09/08 19:22:00,-9999,-9999,-9999,210,2,3825,-9999,-9999,-9999
2026/09/08 19:22:00,-9999,-9999,-9999,210,2,3855,-9999,-9999,-9999
2026/09/08 19:22:00,-9999,-9999,-9999,210,2,3885,-9999,-9999,-9999
2026/09/08 19:22:00,-9999,-9999,-9999,210,2,3915,-9999,-9999,-9999
2026/09/08 19:22:00,-9999,-9999,-9999,210,2,3945,-9999,-9999,-9999
2026/09/08 19:22:00,-9999,-9999,-9999,210,2,3975,-9999,-9999,-9999
2026/09/08 19:22:00,-9999,-9999,-9999,210,2,4005,-9999,-9999,-9999
2026/09/08 19:22:00,-9999,-9999,-9999,210,2,4035,-9999,-9999,-9999
2026/09/08 19:22:00,-9999,-9999,-9999,210,2,4065,-9999,-9999,-9999
2026/09/08 19:22:00,-9999,-9999,-9999,210,2,4095,-9999,-9999,-9999
2026/09/08 19:22:00,-9999,-9999,-9999,210,2,4125,-9999,-9999,-9999
2026/09/08 19:22:00,-9999,-9999,-9999,210,2,4155,-9999,-9999,-9999
2026/09/08 19:22:00,-9999,-9999,-9999,210,2,4185,-9999,-9999,-9999
2026/09/08 19:22:00,-9999,-9999,-9999,210,2,4215,-9999,-9999,-9999
2026/09/08 19:22:00,-9999,-9999,-9999,210,2,4245,-9999,-9999,-9999
2026/09/08 19:22:00,-9999,-9999,-9999,210,2,4275,-9999,-9999,-9999
2026/09/08 19:22:00,-9999,-9999,-9999,210,2,4305,-9999,-9999,-9999
2026/09/08 19:22:00,-9999,-9999,-9999,210,2,4335,-9999,-9999,-9999
2026/09/08 19:22:00,-9999,-9999,-9999,210,2,4365,-9999,-9999,-9999
2026/09/08 19:22:00,-9999,-9999,-9999,210,2,4395,-9999,-9999,-9999
2026/09/08 19:22:00,-9999,-9999,-9999,210,2,4425,-9999,-9999,-9999
2026/09/08 19:22:00,-9999,-9999,-9999,210,2,4455,-9999,-9999,-9999
2026/09/08 19:22:00,-9999,-9999,-9999,210,2,4485,-9999,-9999,-9999
2026/09/08 19:22:00,-9999,-9999,-9999,210,2,4515,-9999,-9999,-9999
2026/09/08 19:22:00,-9999,-9999,-9999,210,2,4545,-9999,-9999,-9999
2026/09/08 19:22:00,-9999,-9999,-9999,210,2,4575,-9999,-9999,-9999
2026/09/08 19:22:00,-9999,-9999,-9999,210,2,4605,-9999,-9999,-9999
2026/09/08 19:22:00,-9999,-9999,-9999,210,2,4635,-9999,-9999,-9999
2026/09/08 19:22:00,-9999,-9999,-9999,210,2,4665,-9999,-9999,-9999
2026/09/08 19:22:00,-9999,-9999,-9999,210,2,4695,-9999,-9999,-9999
2026/09/08 19:22:00,-9999,-9999,-9999,210,2,4725,-9999,-9999,-9999
2026/09/08 19:22:00,-9999,-9999,-9999,210,2,4755,-9999,-9999,-9999
2026/09/08 19:22:00,-9999,-9999,-9999,210,2,4785,-9999,-9999,-9999
2026/09/08 19:22:00,-9999,-9999,-9999,210,2,4815,-9999,-9999,-9999
2026/09/08 19:22:00,-9999,-9999,-9999,210,2,4845,-9999,-9999,-9999
2026/09/08 19:22:00,-9999,-9999,-9999,210,2,4875,-9999,-9999,-9999
2026/09/08 19:22:00,-9999,-9999,-9999,210,2,4905,-9999,-9999,-9999
2026/09/08 19:22:00,-9999,-9999,-9999,210,2,4935,-9999,-9999,-9999
2026/09/08 19:22:00,-9999,-9999,-9999,210,2,4965,-9999,-9999,-9999
2026/09/08 19:22:00,-9999,-9999,-9999,210,2,4995,-9999,-9999,-9999
2026/09/08 19:22:00,-9999,-9999,-9999,210,2,5025,-9999,-9999,-9999
2026/09/08 19:22:00,-9999,-9999,-9999,210,2,5055,-9999,-9999,-9999
2026/09/08 19:22:00,-9999,-9999,-9999,210,2,5085,-9999,-9999,-9999
2026/09/08 19:22:00,-9999,-9999,-9999,210,2,5115,-9999,-9999,-9999
2026/09/08 19:22:00,-9999,-9999,-9999,210,2,5145,-9999,-9999,-9999
2026/09/08 19:22:00,-9999,-9999,-9999,210,2,5175,-9999,-9999,-9999
2026/09/08 19:22:00,-9999,-9999,-9999,210,2,5205,-9999,-9999,-9999
2026/09/08 19:22:00,-9999,-9999,-9999,210,2,5235,-9999,-9999,-9999
2026/09/08 19:22:00,-9999,-9999,-9999,210,2,5265,-9999,-9999,-9999
2026/09/08 19:22:00,-9999,-9999,-9999,210,2,5295,-9999,-9999,-9999
2026/09/08 19:22:00,-9999,-9999,-9999,210,2,5325,-9999,-9999,-9999
2026/09/08 19:22:00,-9999,-9999,-9999,210,2,5355,-9999,-9999,-9999
2026/09/08 19:22:00,-9999,-9999,-9999,210,2,5385,-9999,-9999,-9999
2026/09/08 19:22:00,-9999,-9999,-9999,210,2,5415,-9999,-9999,-9999
2026/09/08 19:22:00,-9999,-9999,-9999,210,2,5445,-9999,-9999,-9999
2026/09/08 19:22:00,-9999,-9999,-9999,210,2,5475,-9999,-9999,-9999
2026/09/08 19:22:00,-9999,-9999,-9999,210,2,5505,-9999,-9999,-9999
2026/09/08 19:22:00,-9999,-9999,-9999,210,2,5535,-9999,-9999,-9999
2026/09/08 19:22:00,-9999,-9999,-9999,210,2,5565,-9999,-9999,-9999
2026/09/08 19:22:00,-9999,-9999,-9999,210,2,5595,-9999,-9999,-9999
2026/09/08 19:22:00,-9999,-9999,-9999,210,2,5625,-9999,-9999,-9999
2026/09/08 19:22:00,-9999,-9999,-9999,210,2,5655,-9999,-9999,-9999
2026/09/08 19:22:00,-9999,-9999,-9999,210,2,5685,-9999,-9999,-9999
2026/09/08 19:22:00,-9999,-9999,-9999,210,2,5715,-9999,-9999,-9999
2026/09/08 19:22:00,-9999,-9999,-9999,210,2,5745,-9999,-9999,-9999
2026/09/08 19:22:00,-9999,-9999,-9999,210,2,5775,-9999,-9999,-9999
2026/09/08 19:22:00,-9999,-9999,-9999,210,2,5805,-9999,-9999,-9999
2026/09/08 19:22:00,-9999,-9999,-9999,210,2,5835,-9999,-9999,-9999
2026/09/08 19:22:00,-9999,-9999,-9999,210,2,5865,-9999,-9999,-9999
2026/09/08 19:22:00,-9999,-9999,-9999,210,2,5895,-9999,-9999,-9999
2026/09/08 19:22:00,-9999,-9999,-9999,210,2,5925,-9999,-9999,-9999
2026/09/08 19:22:00,-9999,-9999,-9999,210,2,5955,-9999,-9999,-9999
2026/09/08 19:22:00,-9999,-9999,-9999,210,2,5985,-9999,-9999,-9999
2026/09/08 19:22:00,-9999,-9999,-9999,220,2,15,-9999,-9999,-9999
2026/09/08 19:22:00,-9999,-9999,-9999,220,2,45,2.482637,52.71022,-9999
2026/09/08 19:22:00,-9999,-9999,-9999,220,2,75,2.880321,56.69001,-9999
2026/09/08 19:22:00,-9999,-9999,-9999,220,2,105,3.062994,61.18449,-9999
2026/09/08 19:22:00,-9999,-9999,-9999,220,2,135,3.232774,61.01536,-9999
2026/09/08 19:22:00,-9999,-9999,-9999,220,2,165,3.411402,62.57799,-9999
2026/09/08 19:22:00,-9999,-9999,-9999,220,2,195,3.5099,63.61745,-9999
2026/09/08 19:22:00,-9999,-9999,-9999,220,2,225,3.738041,59.00072,-9999
2026/09/08 19:22:00,-9999,-9999,-9999,220,2,255,3.841241,59.70044,-9999
2026/09/08 19:22:00,-9999,-9999,-9999,220,2,285,3.869716,60.77244,-9999
2026/09/08 19:22:00,-9999,-9999,-9999,220,2,315,3.960555,61.39867,-9999
2026/09/08 19:22:00,-9999,-9999,-9999,220,2,345,4.062088,60.79385,-9999
2026/09/08 19:22:00,-9999,-9999,-9999,220,2,375,4.174688,60.46886,-9999
2026/09/08 19:22:00,-9999,-9999,-9999,220,2,405,4.324468,59.92161,-9999
2026/09/08 19:22:00,-9999,-9999,-9999,220,2,435,4.402017,59.19969,-9999
2026/09/08 19:22:00,-9999,-9999,-9999,220,2,465,4.489625,57.53547,-9999
2026/09/08 19:22:00,-9999,-9999,-9999,220,2,495,4.552546,54.98603,-9999
2026/09/08 19:22:00,-9999,-9999,-9999,220,2,525,4.600482,52.17255,-9999
2026/09/08 19:22:00,-9999,-9999,-9999,220,2,555,4.659872,50.53849,-9999
2026/09/08 19:22:00,-9999,-9999,-9999,220,2,585,4.686295,50.49384,-9999
2026/09/08 19:22:00,-9999,-9999,-9999,220,2,615,4.720416,50.80371,-9999
2026/09/08 19:22:00,-9999,-9999,-9999,220,2,645,4.748694,51.31554,-9999
2026/09/08 19:22:00,-9999,-9999,-9999,220,2,675,4.772943,51.67801,-9999
2026/09/08 19:22:00,-9999,-9999,-9999,220,2,705,4.81711,51.47541,-9999
2026/09/08 19:22:00,-9999,-9999,-9999,220,2,735,4.863541,50.52619,-9999
2026/09/08 19:22:00,-9999,-9999,-9999,220,2,765,4.911363,50.37583,-9999
2026/09/08 19:22:00,-9999,-9999,-9999,220,2,795,4.923387,51.06009,-9999
2026/09/08 19:22:00,-9999,-9999,-9999,220,2,825,4.916778,51.81748,-9999
2026/09/08 19:22:00,-9999,-9999,-9999,220,2,855,4.857397,53.53659,-9999
2026/09/08 19:22:00,-9999,-9999,-9999,220,2,885,4.787552,55.22949,-9999
2026/09/08 19:22:00,-9999,-9999,-9999,220,2,915,4.757354,56.67784,-9999
2026/09/08 19:22:00,-9999,-9999,-9999,220,2,945,4.760055,59.08449,-9999
2026/09/08 19:22:00,-9999,-9999,-9999,220,2,975,4.839104,59.02288,-9999
2026/09/08 19:22:00,-9999,-9999,-9999,220,2,1005,4.948752,58.39296,-9999
2026/09/08 19:22:00,-9999,-9999,-9999,220,2,1035,5.089416,57.16555,-9999
2026/09/08 19:22:00,-9999,-9999,-9999,220,2,1065,5.247393,54.98508,-9999
2026/09/08 19:22:00,-9999,-9999,-9999,220,2,1095,5.379279,54.55972,-9999
2026/09/08 19:22:00,-9999,-9999,-9999,220,2,1125,5.461438,54.7785,-9999
2026/09/08 19:22:00,-9999,-9999,-9999,220,2,1155,5.502972,55.32806,-9999
2026/09/08 19:22:00,-9999,-9999,-9999,220,2,1185,5.522243,55.99603,-9999
2026/09/08 19:22:00,-9999,-9999,-9999,220,2,1215,5.521872,56.12988,-9999
2026/09/08 19:22:00,-9999,-9999,-9999,220,2,1245,5.517003,55.93172,-9999
2026/09/08 19:22:00,-9999,-9999,-9999,220,2,1275,5.545112,56.21752,-9999
2026/09/08 19:22:00,-9999,-9999,-9999,220,2,1305,5.561812,54.73912,-9999
2026/09/08 19:22:00,-9999,-9999,-9999,220,2,1335,5.587053,54.0243,-9999
2026/09/08 19:22:00,-9999,-9999,-9999,220,2,1365,5.627654,53.35801,-9999
2026/09/08 19:22:00,-9999,-9999,-9999,220,2,1395,5.652994,51.76735,-9999
2026/09/08 19:22:00,-9999,-9999,-9999,220,2,1425,5.701021,52.12335,-9999
2026/09/08 19:22:00,-9999,-9999,-9999,220,2,1455,5.74854,51.75325,-9999
2026/09/08 19:22:00,-9999,-9999,-9999,220,2,1485,5.809446,50.80859,-9999
2026/09/08 19:22:00,-9999,-9999,-9999,220,2,1515,5.881325,50.81311,-9999
2026/09/08 19:22:00,-9999,-9999,-9999,220,2,1545,5.890315,49.8007,-9999
2026/09/08 19:22:00,-9999,-9999,-9999,220,2,1575,5.930547,49.89972,-9999
2026/09/08 19:22:00,-9999,-9999,-9999,220,2,1605,5.917336,49.20525,-9999
2026/09/08 19:22:00,-9999,-9999,-9999,220,2,1635,5.817508,48.21349,-9999
2026/09/08 19:22:00,-9999,-9999,-9999,220,2,1665,5.846901,47.33425,-9999
2026/09/08 19:22:00,-9999,-9999,-9999,220,2,1695,5.791458,46.43626,-9999
2026/09/08 19:22:00,-9999,-9999,-9999,220,2,1725,5.902314,45.8609,-9999
2026/09/08 19:22:00,-9999,-9999,-9999,220,2,1755,5.940382,46.34026,-9999
2026/09/08 19:22:00,-9999,-9999,-9999,220,2,1785,5.923714,46.79813,-9999
2026/09/08 19:22:00,-9999,-9999,-9999,220,2,1815,5.946364,46.27695,-9999
2026/09/08 19:22:00,-9999,-9999,-9999,220,2,1845,5.901713,46.0643,-9999
2026/09/08 19:22:00,-9999,-9999,-9999,220,2,1875,6.023878,43.38356,-9999
2026/09/08 19:22:00,-9999,-9999,-9999,220,2,1905,6.02942,43.87687,-9999
2026/09/08 19:22:00,-9999,-9999,-9999,220,2,1935,5.993287,45.03153,-9999
2026/09/08 19:22:00,-9999,-9999,-9999,220,2,1965,6.021348,45.80558,-9999
2026/09/08 19:22:00,-9999,-9999,-9999,220,2,1995,6.064666,46.05818,-9999
2026/09/08 19:22:00,-9999,-9999,-9999,220,2,2025,5.89356,46.94386,-9999
2026/09/08 19:22:00,-9999,-9999,-9999,220,2,2055,5.841938,47.6802,-9999
2026/09/08 19:22:00,-9999,-9999,-9999,220,2,2085,5.813004,47.48669,-9999
2026/09/08 19:22:00,-9999,-9999,-9999,220,2,2115,5.947733,46.49679,-9999
2026/09/08 19:22:00,-9999,-9999,-9999,220,2,2145,6.038912,46.16382,-9999
2026/09/08 19:22:00,-9999,-9999,-9999,220,2,2175,6.073426,46.57836,-9999
2026/09/08 19:22:00,-9999,-9999,-9999,220,2,2205,6.087958,47.24994,-9999
2026/09/08 19:22:00,-9999,-9999,-9999,220,2,2235,6.102468,46.40416,-9999
2026/09/08 19:22:00,-9999,-9999,-9999,220,2,2265,6.453843,48.76682,-9999
2026/09/08 19:22:00,-9999,-9999,-9999,220,2,2295,-9999,-9999,-9999
2026/09/08 19:22:00,-9999,-9999,-9999,220,2,2325,7.153016,45.50148,-9999
2026/09/08 19:22:00,-9999,-9999,-9999,220,2,2355,-9999,-9999,-9999
2026/09/08 19:22:00,-9999,-9999,-9999,220,2,2385,-9999,-9999,-9999
2026/09/08 19:22:00,-9999,-9999,-9999,220,2,2415,-9999,-9999,-9999
2026/09/08 19:22:00,-9999,-9999,-9999,220,2,2445,-9999,-9999,-9999
2026/09/08 19:22:00,-9999,-9999,-9999,220,2,2475,-9999,-9999,-9999
2026/09/08 19:22:00,-9999,-9999,-9999,220,2,2505,-9999,-9999,-9999
2026/09/08 19:22:00,-9999,-9999,-9999,220,2,2535,-9999,-9999,-9999
2026/09/08 19:22:00,-9999,-9999,-9999,220,2,2565,-9999,-9999,-9999
2026/09/08 19:22:00,-9999,-9999,-9999,220,2,2595,-9999,-9999,-9999
2026/09/08 19:22:00,-9999,-9999,-9999,220,2,2625,-9999,-9999,-9999
2026/09/08 19:22:00,-9999,-9999,-9999,220,2,2655,-9999,-9999,-9999
2026/09/08 19:22:00,-9999,-9999,-9999,220,2,2685,-9999,-9999,-9999
2026/09/08 19:22:00,-9999,-9999,-9999,220,2,2715,-9999,-9999,-9999
2026/09/08 19:22:00,-9999,-9999,-9999,220,2,2745,-9999,-9999,-9999
2026/09/08 19:22:00,-9999,-9999,-9999,220,2,2775,-9999,-9999,-9999
2026/09/08 19:22:00,-9999,-9999,-9999,220,2,2805,-9999,-9999,-9999
2026/09/08 19:22:00,-9999,-9999,-9999,220,2,2835,-9999,-9999,-9999
2026/09/08 19:22:00,-9999,-9999,-9999,220,2,2865,-9999,-9999,-9999
2026/09/08 19:22:00,-9999,-9999,-9999,220,2,2895,-9999,-9999,-9999
2026/09/08 19:22:00,-9999,-9999,-9999,220,2,2925,-9999,-9999,-9999
2026/09/08 19:22:00,-9999,-9999,-9999,220,2,2955,-9999,-9999,-9999
2026/09/08 19:22:00,-9999,-9999,-9999,220,2,2985,-9999,-9999,-9999
2026/09/08 19:22:00,-9999,-9999,-9999,220,2,3015,-9999,-9999,-9999
2026/09/08 19:22:00,-9999,-9999,-9999,220,2,3045,-9999,-9999,-9999
2026/09/08 19:22:00,-9999,-9999,-9999,220,2,3075,-9999,-9999,-9999
2026/09/08 19:22:00,-9999,-9999,-9999,220,2,3105,-9999,-9999,-9999
2026/09/08 19:22:00,-9999,-9999,-9999,220,2,3135,-9999,-9999,-9999
2026/09/08 19:22:00,-9999,-9999,-9999,220,2,3165,-9999,-9999,-9999
2026/09/08 19:22:00,-9999,-9999,-9999,220,2,3195,-9999,-9999,-9999
2026/09/08 19:22:00,-9999,-9999,-9999,220,2,3225,-9999,-9999,-9999
2026/09/08 19:22:00,-9999,-9999,-9999,220,2,3255,-9999,-9999,-9999
2026/09/08 19:22:00,-9999,-9999,-9999,220,2,3285,-9999,-9999,-9999
2026/09/08 19:22:00,-9999,-9999,-9999,220,2,3315,-9999,-9999,-9999
2026/09/08 19:22:00,-9999,-9999,-9999,220,2,3345,-9999,-9999,-9999
2026/09/08 19:22:00,-9999,-9999,-9999,220,2,3375,-9999,-9999,-9999
2026/09/08 19:22:00,-9999,-9999,-9999,220,2,3405,-9999,-9999,-9999
2026/09/08 19:22:00,-9999,-9999,-9999,220,2,3435,-9999,-9999,-9999
2026/09/08 19:22:00,-9999,-9999,-9999,220,2,3465,-9999,-9999,-9999
2026/09/08 19:22:00,-9999,-9999,-9999,220,2,3495,-9999,-9999,-9999
2026/09/08 19:22:00,-9999,-9999,-9999,220,2,3525,-9999,-9999,-9999
2026/09/08 19:22:00,-9999,-9999,-9999,220,2,3555,-9999,-9999,-9999
2026/09/08 19:22:00,-9999,-9999,-9999,220,2,3585,-9999,-9999,-9999
2026/09/08 19:22:00,-9999,-9999,-9999,220,2,3615,-9999,-9999,-9999
2026/09/08 19:22:00,-9999,-9999,-9999,220,2,3645,-9999,-9999,-9999
2026/09/08 19:22:00,-9999,-9999,-9999,220,2,3675,-9999,-9999,-9999
2026/09/08 19:22:00,-9999,-9999,-9999,220,2,3705,-9999,-9999,-9999
2026/09/08 19:22:00,-9999,-9999,-9999,220,2,3735,-9999,-9999,-9999
2026/09/08 19:22:00,-9999,-9999,-9999,220,2,3765,-9999,-9999,-9999
2026/09/08 19:22:00,-9999,-9999,-9999,220,2,3795,-9999,-9999,-9999
2026/09/08 19:22:00,-9999,-9999,-9999,220,2,3825,-9999,-9999,-9999
2026/09/08 19:22:00,-9999,-9999,-9999,220,2,3855,-9999,-9999,-9999
2026/09/08 19:22:00,-9999,-9999,-9999,220,2,3885,-9999,-9999,-9999
2026/09/08 19:22:00,-9999,-9999,-9999,220,2,3915,-9999,-9999,-9999
2026/09/08 19:22:00,-9999,-9999,-9999,220,2,3945,-9999,-9999,-9999
2026/09/08 19:22:00,-9999,-9999,-9999,220,2,3975,-9999,-9999,-9999
2026/09/08 19:22:00,-9999,-9999,-9999,220,2,4005,-9999,-9999,-9999
2026/09/08 19:22:00,-9999,-9999,-9999,220,2,4035,-9999,-9999,-9999
2026/09/08 19:22:00,-9999,-9999,-9999,220,2,4065,-9999,-9999,-9999
2026/09/08 19:22:00,-9999,-9999,-9999,220,2,4095,-9999,-9999,-9999
2026/09/08 19:22:00,-9999,-9999,-9999,220,2,4125,-9999,-9999,-9999
2026/09/08 19:22:00,-9999,-9999,-9999,220,2,4155,-9999,-9999,-9999
2026/09/08 19:22:00,-9999,-9999,-9999,220,2,4185,-9999,-9999,-9999
2026/09/08 19:22:00,-9999,-9999,-9999,220,2,4215,-9999,-9999,-9999
2026/09/08 19:22:00,-9999,-9999,-9999,220,2,4245,-9999,-9999,-9999
2026/09/08 19:22:00,-9999,-9999,-9999,220,2,4275,-9999,-9999,-9999
2026/09/08 19:22:00,-9999,-9999,-9999,220,2,4305,-9999,-9999,-9999
2026/09/08 19:22:00,-9999,-9999,-9999,220,2,4335,-9999,-9999,-9999
2026/09/08 19:22:00,-9999,-9999,-9999,220,2,4365,-9999,-9999,-9999
2026/09/08 19:22:00,-9999,-9999,-9999,220,2,4395,-9999,-9999,-9999
2026/09/08 19:22:00,-9999,-9999,-9999,220,2,4425,-9999,-9999,-9999
2026/09/08 19:22:00,-9999,-9999,-9999,220,2,4455,-9999,-9999,-9999
2026/09/08 19:22:00,-9999,-9999,-9999,220,2,4485,-9999,-9999,-9999
2026/09/08 19:22:00,-9999,-9999,-9999,220,2,4515,-9999,-9999,-9999
2026/09/08 19:22:00,-9999,-9999,-9999,220,2,4545,-9999,-9999,-9999
2026/09/08 19:22:00,-9999,-9999,-9999,220,2,4575,-9999,-9999,-9999
2026/09/08 19:22:00,-9999,-9999,-9999,220,2,4605,-9999,-9999,-9999
2026/09/08 19:22:00,-9999,-9999,-9999,220,2,4635,-9999,-9999,-9999
2026/09/08 19:22:00,-9999,-9999,-9999,220,2,4665,-9999,-9999,-9999
2026/09/08 19:22:00,-9999,-9999,-9999,220,2,4695,-9999,-9999,-9999
2026/09/08 19:22:00,-9999,-9999,-9999,220,2,4725,-9999,-9999,-9999
2026/09/08 19:22:00,-9999,-9999,-9999,220,2,4755,-9999,-9999,-9999
2026/09/08 19:22:00,-9999,-9999,-9999,220,2,4785,-9999,-9999,-9999
2026/09/08 19:22:00,-9999,-9999,-9999,220,2,4815,-9999,-9999,-9999
2026/09/08 19:22:00,-9999,-9999,-9999,220,2,4845,-9999,-9999,-9999
2026/09/08 19:22:00,-9999,-9999,-9999,220,2,4875,-9999,-9999,-9999
2026/09/08 19:22:00,-9999,-9999,-9999,220,2,4905,-9999,-9999,-9999
2026/09/08 19:22:00,-9999,-9999,-9999,220,2,4935,-9999,-9999,-9999
2026/09/08 19:22:00,-9999,-9999,-9999,220,2,4965,-9999,-9999,-9999
2026/09/08 19:22:00,-9999,-9999,-9999,220,2,4995,-9999,-9999,-9999
2026/09/08 19:22:00,-9999,-9999,-9999,220,2,5025,-9999,-9999,-9999
2026/09/08 19:22:00,-9999,-9999,-9999,220,2,5055,-9999,-9999,-9999
2026/09/08 19:22:00,-9999,-9999,-9999,220,2,5085,-9999,-9999,-9999
2026/09/08 19:22:00,-9999,-9999,-9999,220,2,5115,-9999,-9999,-9999
2026/09/08 19:22:00,-9999,-9999,-9999,220,2,5145,-9999,-9999,-9999
2026/09/08 19:22:00,-9999,-9999,-9999,220,2,5175,-9999,-9999,-9999
2026/09/08 19:22:00,-9999,-9999,-9999,220,2,5205,-9999,-9999,-9999
2026/09/08 19:22:00,-9999,-9999,-9999,220,2,5235,-9999,-9999,-9999
2026/09/08 19:22:00,-9999,-9999,-9999,220,2,5265,-9999,-9999,-9999
2026/09/08 19:22:00,-9999,-9999,-9999,220,2,5295,-9999,-9999,-9999
2026/09/08 19:22:00,-9999,-9999,-9999,220,2,5325,-9999,-9999,-9999
2026/09/08 19:22:00,-9999,-9999,-9999,220,2,5355,-9999,-9999,-9999
2026/09/08 19:22:00,-9999,-9999,-9999,220,2,5385,-9999,-9999,-9999
2026/09/08 19:22:00,-9999,-9999,-9999,220,2,5415,-9999,-9999,-9999
2026/09/08 19:22:00,-9999,-9999,-9999,220,2,5445,-9999,-9999,-9999
2026/09/08 19:22:00,-9999,-9999,-9999,220,2,5475,-9999,-9999,-9999
2026/09/08 19:22:00,-9999,-9999,-9999,220,2,5505,-9999,-9999,-9999
2026/09/08 19:22:00,-9999,-9999,-9999,220,2,5535,-9999,-9999,-9999
2026/09/08 19:22:00,-9999,-9999,-9999,220,2,5565,-9999,-9999,-9999
2026/09/08 19:22:00,-9999,-9999,-9999,220,2,5595,-9999,-9999,-9999
2026/09/08 19:22:00,-9999,-9999,-9999,220,2,5625,-9999,-9999,-9999
2026/09/08 19:22:00,-9999,-9999,-9999,220,2,5655,-9999,-9999,-9999
2026/09/08 19:22:00,-9999,-9999,-9999,220,2,5685,-9999,-9999,-9999
2026/09/08 19:22:00,-9999,-9999,-9999,220,2,5715,-9999,-9999,-9999
2026/09/08 19:22:00,-9999,-9999,-9999,220,2,5745,-9999,-9999,-9999
2026/09/08 19:22:00,-9999,-9999,-9999,220,2,5775,-9999,-9999,-9999
2026/09/08 19:22:00,-9999,-9999,-9999,220,2,5805,-9999,-9999,-9999
2026/09/08 19:22:00,-9999,-9999,-9999,220,2,5835,-9999,-9999,-9999
2026/09/08 19:22:00,-9999,-9999,-9999,220,2,5865,-9999,-9999,-9999
2026/09/08 19:22:00,-9999,-9999,-9999,220,2,5895,-9999,-9999,-9999
2026/09/08 19:22:00,-9999,-9999,-9999,220,2,5925,-9999,-9999,-9999
2026/09/08 19:22:00,-9999,-9999,-9999,220,2,5955,-9999,-9999,-9999
2026/09/08 19:22:00,-9999,-9999,-9999,220,2,5985,-9999,-9999,-9999
2026/09/08 19:22:00,-9999,-9999,-9999,230,2,15,-9999,-9999,-9999
2026/09/08 19:22:00,-9999,-9999,-9999,230,2,45,2.758602,62.03535,-9999
2026/09/08 19:22:00,-9999,-9999,-9999,230,2,75,3.123917,64.14816,-9999
2026/09/08 19:22:00,-9999,-9999,-9999,230,2,105,3.243187,68.9092,-9999
2026/09/08 19:22:00,-9999,-9999,-9999,230,2,135,3.353661,68.56425,-9999
2026/09/08 19:22:00,-9999,-9999,-9999,230,2,165,3.450025,71.51041,-9999
2026/09/08 19:22:00,-9999,-9999,-9999,230,2,195,3.501658,73.54022,-9999
2026/09/08 19:22:00,-9999,-9999,-9999,230,2,225,3.702989,67.65479,-9999
2026/09/08 19:22:00,-9999,-9999,-9999,230,2,255,3.777361,67.51464,-9999
2026/09/08 19:22:00,-9999,-9999,-9999,230,2,285,3.77617,67.86595,-9999
2026/09/08 19:22:00,-9999,-9999,-9999,230,2,315,3.832236,67.97038,-9999
2026/09/08 19:22:00,-9999,-9999,-9999,230,2,345,3.898168,67.05875,-9999
2026/09/08 19:22:00,-9999,-9999,-9999,230,2,375,4.005967,66.63975,-9999
2026/09/08 19:22:00,-9999,-9999,-9999,230,2,405,4.151378,65.86852,-9999
2026/09/08 19:22:00,-9999,-9999,-9999,230,2,435,4.251391,64.94896,-9999
2026/09/08 19:22:00,-9999,-9999,-9999,230,2,465,4.387638,63.41618,-9999
2026/09/08 19:22:00,-9999,-9999,-9999,230,2,495,4.490339,61.14166,-9999
2026/09/08 19:22:00,-9999,-9999,-9999,230,2,525,4.587713,58.39382,-9999
2026/09/08 19:22:00,-9999,-9999,-9999,230,2,555,4.678948,56.46026,-9999
2026/09/08 19:22:00,-9999,-9999,-9999,230,2,585,4.709474,55.88462,-9999
2026/09/08 19:22:00,-9999,-9999,-9999,230,2,615,4.741014,55.47192,-9999
2026/09/08 19:22:00,-9999,-9999,-9999,230,2,645,4.748127,56.11714,-9999
2026/09/08 19:22:00,-9999,-9999,-9999,230,2,675,4.734721,56.49783,-9999
2026/09/08 19:22:00,-9999,-9999,-9999,230,2,705,4.745694,55.85397,-9999
2026/09/08 19:22:00,-9999,-9999,-9999,230,2,735,4.754275,54.82883,-9999
2026/09/08 19:22:00,-9999,-9999,-9999,230,2,765,4.749141,53.95865,-9999
2026/09/08 19:22:00,-9999,-9999,-9999,230,2,795,4.714309,53.61569,-9999
2026/09/08 19:22:00,-9999,-9999,-9999,230,2,825,4.667397,53.39797,-9999
2026/09/08 19:22:00,-9999,-9999,-9999,230,2,855,4.586011,54.02271,-9999
2026/09/08 19:22:00,-9999,-9999,-9999,230,2,885,4.513348,55.17427,-9999
2026/09/08 19:22:00,-9999,-9999,-9999,230,2,915,4.505879,56.37696,-9999
2026/09/08 19:22:00,-9999,-9999,-9999,230,2,945,4.525236,58.74269,-9999
2026/09/08 19:22:00,-9999,-9999,-9999,230,2,975,4.624969,59.22822,-9999
2026/09/08 19:22:00,-9999,-9999,-9999,230,2,1005,4.777018,58.28995,-9999
2026/09/08 19:22:00,-9999,-9999,-9999,230,2,1035,4.948503,57.17142,-9999
2026/09/08 19:22:00,-9999,-9999,-9999,230,2,1065,5.153514,55.54478,-9999
2026/09/08 19:22:00,-9999,-9999,-9999,230,2,1095,5.325734,54.79712,-9999
2026/09/08 19:22:00,-9999,-9999,-9999,230,2,1125,5.408447,54.53353,-9999
2026/09/08 19:22:00,-9999,-9999,-9999,230,2,1155,5.484879,54.38395,-9999
2026/09/08 19:22:00,-9999,-9999,-9999,230,2,1185,5.526718,54.46364,-9999
2026/09/08 19:22:00,-9999,-9999,-9999,230,2,1215,5.53993,54.16804,-9999
2026/09/08 19:22:00,-9999,-9999,-9999,230,2,1245,5.572049,54.23432,-9999
2026/09/08 19:22:00,-9999,-9999,-9999,230,2,1275,5.568322,54.63896,-9999
2026/09/08 19:22:00,-9999,-9999,-9999,230,2,1305,5.572474,53.19032,-9999
2026/09/08 19:22:00,-9999,-9999,-9999,230,2,1335,5.581698,53.09479,-9999
2026/09/08 19:22:00,-9999,-9999,-9999,230,2,1365,5.609583,52.27143,-9999
2026/09/08 19:22:00,-9999,-9999,-9999,230,2,1395,5.62856,51.43863,-9999
2026/09/08 19:22:00,-9999,-9999,-9999,230,2,1425,5.652379,52.36316,-9999
2026/09/08 19:22:00,-9999,-9999,-9999,230,2,1455,5.680861,52.4129,-9999
2026/09/08 19:22:00,-9999,-9999,-9999,230,2,1485,5.706253,52.90303,-9999
2026/09/08 19:22:00,-9999,-9999,-9999,230,2,1515,5.77791,53.36883,-9999
2026/09/08 19:22:00,-9999,-9999,-9999,230,2,1545,5.803511,52.68625,-9999
2026/09/08 19:22:00,-9999,-9999,-9999,230,2,1575,5.835379,52.26994,-9999
2026/09/08 19:22:00,-9999,-9999,-9999,230,2,1605,5.867458,51.36815,-9999
2026/09/08 19:22:00,-9999,-9999,-9999,230,2,1635,5.833511,50.00009,-9999
2026/09/08 19:22:00,-9999,-9999,-9999,230,2,1665,5.877668,49.24676,-9999
2026/09/08 19:22:00,-9999,-9999,-9999,230,2,1695,5.907637,48.51795,-9999
2026/09/08 19:22:00,-9999,-9999,-9999,230,2,1725,6.025144,48.33898,-9999
2026/09/08 19:22:00,-9999,-9999,-9999,230,2,1755,6.077426,49.26849,-9999
2026/09/08 19:22:00,-9999,-9999,-9999,230,2,1785,6.110539,49.49254,-9999
2026/09/08 19:22:00,-9999,-9999,-9999,230,2,1815,6.137265,49.59678,-9999
2026/09/08 19:22:00,-9999,-9999,-9999,230,2,1845,6.128588,49.27414,-9999
2026/09/08 19:22:00,-9999,-9999,-9999,230,2,1875,6.285077,46.28011,-9999
2026/09/08 19:22:00,-9999,-9999,-9999,230,2,1905,6.317839,46.69913,-9999
2026/09/08 19:22:00,-9999,-9999,-9999,230,2,1935,6.309037,47.38039,-9999
2026/09/08 19:22:00,-9999,-9999,-9999,230,2,1965,6.343341,47.75433,-9999
2026/09/08 19:22:00,-9999,-9999,-9999,230,2,1995,6.467083,45.65893,-9999
2026/09/08 19:22:00,-9999,-9999,-9999,230,2,2025,6.140855,47.3165,-9999
2026/09/08 19:22:00,-9999,-9999,-9999,230,2,2055,6.043929,46.59974,-9999
2026/09/08 19:22:00,-9999,-9999,-9999,230,2,2085,5.955292,45.36481,-9999
2026/09/08 19:22:00,-9999,-9999,-9999,230,2,2115,6.234928,42.26994,-9999
2026/09/08 19:22:00,-9999,-9999,-9999,230,2,2145,6.261585,41.49586,-9999
2026/09/08 19:22:00,-9999,-9999,-9999,230,2,2175,6.237954,41.72223,-9999
2026/09/08 19:22:00,-9999,-9999,-9999,230,2,2205,6.220597,41.85611,-9999
2026/09/08 19:22:00,-9999,-9999,-9999,230,2,2235,6.189232,41.35244,-9999
2026/09/08 19:22:00,-9999,-9999,-9999,230,2,2265,-9999,-9999,-9999
2026/09/08 19:22:00,-9999,-9999,-9999,230,2,2295,-9999,-9999,-9999
2026/09/08 19:22:00,-9999,-9999,-9999,230,2,2325,-9999,-9999,-9999
2026/09/08 19:22:00,-9999,-9999,-9999,230,2,2355,-9999,-9999,-9999
2026/09/08 19:22:00,-9999,-9999,-9999,230,2,2385,-9999,-9999,-9999
2026/09/08 19:22:00,-9999,-9999,-9999,230,2,2415,-9999,-9999,-9999
2026/09/08 19:22:00,-9999,-9999,-9999,230,2,2445,-9999,-9999,-9999
2026/09/08 19:22:00,-9999,-9999,-9999,230,2,2475,-9999,-9999,-9999
2026/09/08 19:22:00,-9999,-9999,-9999,230,2,2505,-9999,-9999,-9999
2026/09/08 19:22:00,-9999,-9999,-9999,230,2,2535,-9999,-9999,-9999
2026/09/08 19:22:00,-9999,-9999,-9999,230,2,2565,-9999,-9999,-9999
2026/09/08 19:22:00,-9999,-9999,-9999,230,2,2595,-9999,-9999,-9999
2026/09/08 19:22:00,-9999,-9999,-9999,230,2,2625,-9999,-9999,-9999
2026/09/08 19:22:00,-9999,-9999,-9999,230,2,2655,-9999,-9999,-9999
2026/09/08 19:22:00,-9999,-9999,-9999,230,2,2685,-9999,-9999,-9999
2026/09/08 19:22:00,-9999,-9999,-9999,230,2,2715,-9999,-9999,-9999
2026/09/08 19:22:00,-9999,-9999,-9999,230,2,2745,-9999,-9999,-9999
2026/09/08 19:22:00,-9999,-9999,-9999,230,2,2775,-9999,-9999,-9999
2026/09/08 19:22:00,-9999,-9999,-9999,230,2,2805,-9999,-9999,-9999
2026/09/08 19:22:00,-9999,-9999,-9999,230,2,2835,-9999,-9999,-9999
2026/09/08 19:22:00,-9999,-9999,-9999,230,2,2865,-9999,-9999,-9999
2026/09/08 19:22:00,-9999,-9999,-9999,230,2,2895,-9999,-9999,-9999
2026/09/08 19:22:00,-9999,-9999,-9999,230,2,2925,-9999,-9999,-9999
2026/09/08 19:22:00,-9999,-9999,-9999,230,2,2955,-9999,-9999,-9999
2026/09/08 19:22:00,-9999,-9999,-9999,230,2,2985,-9999,-9999,-9999
2026/09/08 19:22:00,-9999,-9999,-9999,230,2,3015,-9999,-9999,-9999
2026/09/08 19:22:00,-9999,-9999,-9999,230,2,3045,-9999,-9999,-9999
2026/09/08 19:22:00,-9999,-9999,-9999,230,2,3075,-9999,-9999,-9999
2026/09/08 19:22:00,-9999,-9999,-9999,230,2,3105,-9999,-9999,-9999
2026/09/08 19:22:00,-9999,-9999,-9999,230,2,3135,-9999,-9999,-9999
2026/09/08 19:22:00,-9999,-9999,-9999,230,2,3165,-9999,-9999,-9999
2026/09/08 19:22:00,-9999,-9999,-9999,230,2,3195,-9999,-9999,-9999
2026/09/08 19:22:00,-9999,-9999,-9999,230,2,3225,-9999,-9999,-9999
2026/09/08 19:22:00,-9999,-9999,-9999,230,2,3255,-9999,-9999,-9999
2026/09/08 19:22:00,-9999,-9999,-9999,230,2,3285,-9999,-9999,-9999
2026/09/08 19:22:00,-9999,-9999,-9999,230,2,3315,-9999,-9999,-9999
2026/09/08 19:22:00,-9999,-9999,-9999,230,2,3345,-9999,-9999,-9999
2026/09/08 19:22:00,-9999,-9999,-9999,230,2,3375,-9999,-9999,-9999
2026/09/08 19:22:00,-9999,-9999,-9999,230,2,3405,-9999,-9999,-9999
2026/09/08 19:22:00,-9999,-9999,-9999,230,2,3435,-9999,-9999,-9999
2026/09/08 19:22:00,-9999,-9999,-9999,230,2,3465,-9999,-9999,-9999
2026/09/08 19:22:00,-9999,-9999,-9999,230,2,3495,-9999,-9999,-9999
2026/09/08 19:22:00,-9999,-9999,-9999,230,2,3525,-9999,-9999,-9999
2026/09/08 19:22:00,-9999,-9999,-9999,230,2,3555,-9999,-9999,-9999
2026/09/08 19:22:00,-9999,-9999,-9999,230,2,3585,-9999,-9999,-9999
2026/09/08 19:22:00,-9999,-9999,-9999,230,2,3615,-9999,-9999,-9999
2026/09/08 19:22:00,-9999,-9999,-9999,230,2,3645,-9999,-9999,-9999
2026/09/08 19:22:00,-9999,-9999,-9999,230,2,3675,-9999,-9999,-9999
2026/09/08 19:22:00,-9999,-9999,-9999,230,2,3705,-9999,-9999,-9999
2026/09/08 19:22:00,-9999,-9999,-9999,230,2,3735,-9999,-9999,-9999
2026/09/08 19:22:00,-9999,-9999,-9999,230,2,3765,-9999,-9999,-9999
2026/09/08 19:22:00,-9999,-9999,-9999,230,2,3795,-9999,-9999,-9999
2026/09/08 19:22:00,-9999,-9999,-9999,230,2,3825,-9999,-9999,-9999
2026/09/08 19:22:00,-9999,-9999,-9999,230,2,3855,-9999,-9999,-9999
2026/09/08 19:22:00,-9999,-9999,-9999,230,2,3885,-9999,-9999,-9999
2026/09/08 19:22:00,-9999,-9999,-9999,230,2,3915,-9999,-9999,-9999
2026/09/08 19:22:00,-9999,-9999,-9999,230,2,3945,-9999,-9999,-9999
2026/09/08 19:22:00,-9999,-9999,-9999,230,2,3975,-9999,-9999,-9999
2026/09/08 19:22:00,-9999,-9999,-9999,230,2,4005,-9999,-9999,-9999
2026/09/08 19:22:00,-9999,-9999,-9999,230,2,4035,-9999,-9999,-9999
2026/09/08 19:22:00,-9999,-9999,-9999,230,2,4065,-9999,-9999,-9999
2026/09/08 19:22:00,-9999,-9999,-9999,230,2,4095,-9999,-9999,-9999
2026/09/08 19:22:00,-9999,-9999,-9999,230,2,4125,-9999,-9999,-9999
2026/09/08 19:22:00,-9999,-9999,-9999,230,2,4155,-9999,-9999,-9999
2026/09/08 19:22:00,-9999,-9999,-9999,230,2,4185,-9999,-9999,-9999
2026/09/08 19:22:00,-9999,-9999,-9999,230,2,4215,-9999,-9999,-9999
2026/09/08 19:22:00,-9999,-9999,-9999,230,2,4245,-9999,-9999,-9999
2026/09/08 19:22:00,-9999,-9999,-9999,230,2,4275,-9999,-9999,-9999
2026/09/08 19:22:00,-9999,-9999,-9999,230,2,4305,-9999,-9999,-9999
2026/09/08 19:22:00,-9999,-9999,-9999,230,2,4335,-9999,-9999,-9999
2026/09/08 19:22:00,-9999,-9999,-9999,230,2,4365,-9999,-9999,-9999
2026/09/08 19:22:00,-9999,-9999,-9999,230,2,4395,-9999,-9999,-9999
2026/09/08 19:22:00,-9999,-9999,-9999,230,2,4425,-9999,-9999,-9999
2026/09/08 19:22:00,-9999,-9999,-9999,230,2,4455,-9999,-9999,-9999
2026/09/08 19:22:00,-9999,-9999,-9999,230,2,4485,-9999,-9999,-9999
2026/09/08 19:22:00,-9999,-9999,-9999,230,2,4515,-9999,-9999,-9999
2026/09/08 19:22:00,-9999,-9999,-9999,230,2,4545,-9999,-9999,-9999
2026/09/08 19:22:00,-9999,-9999,-9999,230,2,4575,-9999,-9999,-9999
2026/09/08 19:22:00,-9999,-9999,-9999,230,2,4605,-9999,-9999,-9999
2026/09/08 19:22:00,-9999,-9999,-9999,230,2,4635,-9999,-9999,-9999
2026/09/08 19:22:00,-9999,-9999,-9999,230,2,4665,-9999,-9999,-9999
2026/09/08 19:22:00,-9999,-9999,-9999,230,2,4695,-9999,-9999,-9999
2026/09/08 19:22:00,-9999,-9999,-9999,230,2,4725,-9999,-9999,-9999
2026/09/08 19:22:00,-9999,-9999,-9999,230,2,4755,-9999,-9999,-9999
2026/09/08 19:22:00,-9999,-9999,-9999,230,2,4785,-9999,-9999,-9999
2026/09/08 19:22:00,-9999,-9999,-9999,230,2,4815,-9999,-9999,-9999
2026/09/08 19:22:00,-9999,-9999,-9999,230,2,4845,-9999,-9999,-9999
2026/09/08 19:22:00,-9999,-9999,-9999,230,2,4875,-9999,-9999,-9999
2026/09/08 19:22:00,-9999,-9999,-9999,230,2,4905,-9999,-9999,-9999
2026/09/08 19:22:00,-9999,-9999,-9999,230,2,4935,-9999,-9999,-9999
2026/09/08 19:22:00,-9999,-9999,-9999,230,2,4965,-9999,-9999,-9999
2026/09/08 19:22:00,-9999,-9999,-9999,230,2,4995,-9999,-9999,-9999
2026/09/08 19:22:00,-9999,-9999,-9999,230,2,5025,-9999,-9999,-9999
2026/09/08 19:22:00,-9999,-9999,-9999,230,2,5055,-9999,-9999,-9999
2026/09/08 19:22:00,-9999,-9999,-9999,230,2,5085,-9999,-9999,-9999
2026/09/08 19:22:00,-9999,-9999,-9999,230,2,5115,-9999,-9999,-9999
2026/09/08 19:22:00,-9999,-9999,-9999,230,2,5145,-9999,-9999,-9999
2026/09/08 19:22:00,-9999,-9999,-9999,230,2,5175,-9999,-9999,-9999
2026/09/08 19:22:00,-9999,-9999,-9999,230,2,5205,-9999,-9999,-9999
2026/09/08 19:22:00,-9999,-9999,-9999,230,2,5235,-9999,-9999,-9999
2026/09/08 19:22:00,-9999,-9999,-9999,230,2,5265,-9999,-9999,-9999
2026/09/08 19:22:00,-9999,-9999,-9999,230,2,5295,-9999,-9999,-9999
2026/09/08 19:22:00,-9999,-9999,-9999,230,2,5325,-9999,-9999,-9999
2026/09/08 19:22:00,-9999,-9999,-9999,230,2,5355,-9999,-9999,-9999
2026/09/08 19:22:00,-9999,-9999,-9999,230,2,5385,-9999,-9999,-9999
2026/09/08 19:22:00,-9999,-9999,-9999,230,2,5415,-9999,-9999,-9999
2026/09/08 19:22:00,-9999,-9999,-9999,230,2,5445,-9999,-9999,-9999
2026/09/08 19:22:00,-9999,-9999,-9999,230,2,5475,-9999,-9999,-9999
2026/09/08 19:22:00,-9999,-9999,-9999,230,2,5505,-9999,-9999,-9999
2026/09/08 19:22:00,-9999,-9999,-9999,230,2,5535,-9999,-9999,-9999
2026/09/08 19:22:00,-9999,-9999,-9999,230,2,5565,-9999,-9999,-9999
2026/09/08 19:22:00,-9999,-9999,-9999,230,2,5595,-9999,-9999,-9999
2026/09/08 19:22:00,-9999,-9999,-9999,230,2,5625,-9999,-9999,-9999
2026/09/08 19:22:00,-9999,-9999,-9999,230,2,5655,-9999,-9999,-9999
2026/09/08 19:22:00,-9999,-9999,-9999,230,2,5685,-9999,-9999,-9999
2026/09/08 19:22:00,-9999,-9999,-9999,230,2,5715,-9999,-9999,-9999
2026/09/08 19:22:00,-9999,-9999,-9999,230,2,5745,-9999,-9999,-9999
2026/09/08 19:22:00,-9999,-9999,-9999,230,2,5775,-9999,-9999,-9999
2026/09/08 19:22:00,-9999,-9999,-9999,230,2,5805,-9999,-9999,-9999
2026/09/08 19:22:00,-9999,-9999,-9999,230,2,5835,-9999,-9999,-9999
2026/09/08 19:22:00,-9999,-9999,-9999,230,2,5865,-9999,-9999,-9999
2026/09/08 19:22:00,-9999,-9999,-9999,230,2,5895,-9999,-9999,-9999
2026/09/08 19:22:00,-9999,-9999,-9999,230,2,5925,-9999,-9999,-9999
2026/09/08 19:22:00,-9999,-9999,-9999,230,2,5955,-9999,-9999,-9999
2026/09/08 19:22:00,-9999,-9999,-9999,230,2,5985,-9999,-9999,-9999
2026/09/08 19:22:00,-9999,-9999,-9999,240,2,15,-9999,-9999,-9999
2026/09/08 19:22:00,-9999,-9999,-9999,240,2,45,2.988386,73.84629,-9999
2026/09/08 19:22:00,-9999,-9999,-9999,240,2,75,3.321806,74.36504,-9999
2026/09/08 19:22:00,-9999,-9999,-9999,240,2,105,3.38151,78.51653,-9999
2026/09/08 19:22:00,-9999,-9999,-9999,240,2,135,-9999,-9999,-9999
2026/09/08 19:22:00,-9999,-9999,-9999,240,2,165,3.479894,80.86028,-9999
2026/09/08 19:22:00,-9999,-9999,-9999,240,2,195,3.533161,84.03413,-9999
2026/09/08 19:22:00,-9999,-9999,-9999,240,2,225,-9999,-9999,-9999
2026/09/08 19:22:00,-9999,-9999,-9999,240,2,255,-9999,-9999,-9999
2026/09/08 19:22:00,-9999,-9999,-9999,240,2,285,-9999,-9999,-9999
2026/09/08 19:22:00,-9999,-9999,-9999,240,2,315,-9999,-9999,-9999
2026/09/08 19:22:00,-9999,-9999,-9999,240,2,345,-9999,-9999,-9999
2026/09/08 19:22:00,-9999,-9999,-9999,240,2,375,-9999,-9999,-9999
2026/09/08 19:22:00,-9999,-9999,-9999,240,2,405,-9999,-9999,-9999
2026/09/08 19:22:00,-9999,-9999,-9999,240,2,435,-9999,-9999,-9999
2026/09/08 19:22:00,-9999,-9999,-9999,240,2,465,-9999,-9999,-9999
2026/09/08 19:22:00,-9999,-9999,-9999,240,2,495,-9999,-9999,-9999
2026/09/08 19:22:00,-9999,-9999,-9999,240,2,525,-9999,-9999,-9999
2026/09/08 19:22:00,-9999,-9999,-9999,240,2,555,-9999,-9999,-9999
2026/09/08 19:22:00,-9999,-9999,-9999,240,2,585,-9999,-9999,-9999
2026/09/08 19:22:00,-9999,-9999,-9999,240,2,615,-9999,-9999,-9999
2026/09/08 19:22:00,-9999,-9999,-9999,240,2,645,-9999,-9999,-9999
2026/09/08 19:22:00,-9999,-9999,-9999,240,2,675,-9999,-9999,-9999
2026/09/08 19:22:00,-9999,-9999,-9999,240,2,705,-9999,-9999,-9999
2026/09/08 19:22:00,-9999,-9999,-9999,240,2,735,-9999,-9999,-9999
2026/09/08 19:22:00,-9999,-9999,-9999,240,2,765,-9999,-9999,-9999
2026/09/08 19:22:00,-9999,-9999,-9999,240,2,795,-9999,-9999,-9999
2026/09/08 19:22:00,-9999,-9999,-9999,240,2,825,-9999,-9999,-9999
2026/09/08 19:22:00,-9999,-9999,-9999,240,2,855,-9999,-9999,-9999
2026/09/08 19:22:00,-9999,-9999,-9999,240,2,885,-9999,-9999,-9999
2026/09/08 19:22:00,-9999,-9999,-9999,240,2,915,-9999,-9999,-9999
2026/09/08 19:22:00,-9999,-9999,-9999,240,2,945,-9999,-9999,-9999
2026/09/08 19:22:00,-9999,-9999,-9999,240,2,975,-9999,-9999,-9999
2026/09/08 19:22:00,-9999,-9999,-9999,240,2,1005,-9999,-9999,-9999
2026/09/08 19:22:00,-9999,-9999,-9999,240,2,1035,-9999,-9999,-9999
2026/09/08 19:22:00,-9999,-9999,-9999,240,2,1065,-9999,-9999,-9999
2026/09/08 19:22:00,-9999,-9999,-9999,240,2,1095,-9999,-9999,-9999
2026/09/08 19:22:00,-9999,-9999,-9999,240,2,1125,-9999,-9999,-9999
2026/09/08 19:22:00,-9999,-9999,-9999,240,2,1155,-9999,-9999,-9999
2026/09/08 19:22:00,-9999,-9999,-9999,240,2,1185,-9999,-9999,-9999
2026/09/08 19:22:00,-9999,-9999,-9999,240,2,1215,-9999,-9999,-9999
2026/09/08 19:22:00,-9999,-9999,-9999,240,2,1245,-9999,-9999,-9999
2026/09/08 19:22:00,-9999,-9999,-9999,240,2,1275,-9999,-9999,-9999
2026/09/08 19:22:00,-9999,-9999,-9999,240,2,1305,-9999,-9999,-9999
2026/09/08 19:22:00,-9999,-9999,-9999,240,2,1335,-9999,-9999,-9999
2026/09/08 19:22:00,-9999,-9999,-9999,240,2,1365,-9999,-9999,-9999
2026/09/08 19:22:00,-9999,-9999,-9999,240,2,1395,-9999,-9999,-9999
2026/09/08 19:22:00,-9999,-9999,-9999,240,2,1425,-9999,-9999,-9999
2026/09/08 19:22:00,-9999,-9999,-9999,240,2,1455,-9999,-9999,-9999
2026/09/08 19:22:00,-9999,-9999,-9999,240,2,1485,-9999,-9999,-9999
2026/09/08 19:22:00,-9999,-9999,-9999,240,2,1515,-9999,-9999,-9999
2026/09/08 19:22:00,-9999,-9999,-9999,240,2,1545,-9999,-9999,-9999
2026/09/08 19:22:00,-9999,-9999,-9999,240,2,1575,-9999,-9999,-9999
2026/09/08 19:22:00,-9999,-9999,-9999,240,2,1605,-9999,-9999,-9999
2026/09/08 19:22:00,-9999,-9999,-9999,240,2,1635,-9999,-9999,-9999
2026/09/08 19:22:00,-9999,-9999,-9999,240,2,1665,-9999,-9999,-9999
2026/09/08 19:22:00,-9999,-9999,-9999,240,2,1695,-9999,-9999,-9999
2026/09/08 19:22:00,-9999,-9999,-9999,240,2,1725,-9999,-9999,-9999
2026/09/08 19:22:00,-9999,-9999,-9999,240,2,1755,-9999,-9999,-9999
2026/09/08 19:22:00,-9999,-9999,-9999,240,2,1785,-9999,-9999,-9999
2026/09/08 19:22:00,-9999,-9999,-9999,240,2,1815,-9999,-9999,-9999
2026/09/08 19:22:00,-9999,-9999,-9999,240,2,1845,-9999,-9999,-9999
2026/09/08 19:22:00,-9999,-9999,-9999,240,2,1875,-9999,-9999,-9999
2026/09/08 19:22:00,-9999,-9999,-9999,240,2,1905,-9999,-9999,-9999
2026/09/08 19:22:00,-9999,-9999,-9999,240,2,1935,-9999,-9999,-9999
2026/09/08 19:22:00,-9999,-9999,-9999,240,2,1965,-9999,-9999,-9999
2026/09/08 19:22:00,-9999,-9999,-9999,240,2,1995,-9999,-9999,-9999
2026/09/08 19:22:00,-9999,-9999,-9999,240,2,2025,-9999,-9999,-9999
2026/09/08 19:22:00,-9999,-9999,-9999,240,2,2055,-9999,-9999,-9999
2026/09/08 19:22:00,-9999,-9999,-9999,240,2,2085,-9999,-9999,-9999
2026/09/08 19:22:00,-9999,-9999,-9999,240,2,2115,-9999,-9999,-9999
2026/09/08 19:22:00,-9999,-9999,-9999,240,2,2145,-9999,-9999,-9999
2026/09/08 19:22:00,-9999,-9999,-9999,240,2,2175,-9999,-9999,-9999
2026/09/08 19:22:00,-9999,-9999,-9999,240,2,2205,-9999,-9999,-9999
2026/09/08 19:22:00,-9999,-9999,-9999,240,2,2235,-9999,-9999,-9999
2026/09/08 19:22:00,-9999,-9999,-9999,240,2,2265,-9999,-9999,-9999
2026/09/08 19:22:00,-9999,-9999,-9999,240,2,2295,-9999,-9999,-9999
2026/09/08 19:22:00,-9999,-9999,-9999,240,2,2325,-9999,-9999,-9999
2026/09/08 19:22:00,-9999,-9999,-9999,240,2,2355,-9999,-9999,-9999
2026/09/08 19:22:00,-9999,-9999,-9999,240,2,2385,-9999,-9999,-9999
2026/09/08 19:22:00,-9999,-9999,-9999,240,2,2415,-9999,-9999,-9999
2026/09/08 19:22:00,-9999,-9999,-9999,240,2,2445,-9999,-9999,-9999
2026/09/08 19:22:00,-9999,-9999,-9999,240,2,2475,-9999,-9999,-9999
2026/09/08 19:22:00,-9999,-9999,-9999,240,2,2505,-9999,-9999,-9999
2026/09/08 19:22:00,-9999,-9999,-9999,240,2,2535,-9999,-9999,-9999
2026/09/08 19:22:00,-9999,-9999,-9999,240,2,2565,-9999,-9999,-9999
2026/09/08 19:22:00,-9999,-9999,-9999,240,2,2595,-9999,-9999,-9999
2026/09/08 19:22:00,-9999,-9999,-9999,240,2,2625,-9999,-9999,-9999
2026/09/08 19:22:00,-9999,-9999,-9999,240,2,2655,-9999,-9999,-9999
2026/09/08 19:22:00,-9999,-9999,-9999,240,2,2685,-9999,-9999,-9999
2026/09/08 19:22:00,-9999,-9999,-9999,240,2,2715,-9999,-9999,-9999
2026/09/08 19:22:00,-9999,-9999,-9999,240,2,2745,-9999,-9999,-9999
2026/09/08 19:22:00,-9999,-9999,-9999,240,2,2775,-9999,-9999,-9999
2026/09/08 19:22:00,-9999,-9999,-9999,240,2,2805,-9999,-9999,-9999
2026/09/08 19:22:00,-9999,-9999,-9999,240,2,2835,-9999,-9999,-9999
2026/09/08 19:22:00,-9999,-9999,-9999,240,2,2865,-9999,-9999,-9999
2026/09/08 19:22:00,-9999,-9999,-9999,240,2,2895,-9999,-9999,-9999
2026/09/08 19:22:00,-9999,-9999,-9999,240,2,2925,-9999,-9999,-9999
2026/09/08 19:22:00,-9999,-9999,-9999,240,2,2955,-9999,-9999,-9999
2026/09/08 19:22:00,-9999,-9999,-9999,240,2,2985,-9999,-9999,-9999
2026/09/08 19:22:00,-9999,-9999,-9999,240,2,3015,-9999,-9999,-9999
2026/09/08 19:22:00,-9999,-9999,-9999,240,2,3045,-9999,-9999,-9999
2026/09/08 19:22:00,-9999,-9999,-9999,240,2,3075,-9999,-9999,-9999
2026/09/08 19:22:00,-9999,-9999,-9999,240,2,3105,-9999,-9999,-9999
2026/09/08 19:22:00,-9999,-9999,-9999,240,2,3135,-9999,-9999,-9999
2026/09/08 19:22:00,-9999,-9999,-9999,240,2,3165,-9999,-9999,-9999
2026/09/08 19:22:00,-9999,-9999,-9999,240,2,3195,-9999,-9999,-9999
2026/09/08 19:22:00,-9999,-9999,-9999,240,2,3225,-9999,-9999,-9999
2026/09/08 19:22:00,-9999,-9999,-9999,240,2,3255,-9999,-9999,-9999
2026/09/08 19:22:00,-9999,-9999,-9999,240,2,3285,-9999,-9999,-9999
2026/09/08 19:22:00,-9999,-9999,-9999,240,2,3315,-9999,-9999,-9999
2026/09/08 19:22:00,-9999,-9999,-9999,240,2,3345,-9999,-9999,-9999
2026/09/08 19:22:00,-9999,-9999,-9999,240,2,3375,-9999,-9999,-9999
2026/09/08 19:22:00,-9999,-9999,-9999,240,2,3405,-9999,-9999,-9999
2026/09/08 19:22:00,-9999,-9999,-9999,240,2,3435,-9999,-9999,-9999
2026/09/08 19:22:00,-9999,-9999,-9999,240,2,3465,-9999,-9999,-9999
2026/09/08 19:22:00,-9999,-9999,-9999,240,2,3495,-9999,-9999,-9999
2026/09/08 19:22:00,-9999,-9999,-9999,240,2,3525,-9999,-9999,-9999
2026/09/08 19:22:00,-9999,-9999,-9999,240,2,3555,-9999,-9999,-9999
2026/09/08 19:22:00,-9999,-9999,-9999,240,2,3585,-9999,-9999,-9999
2026/09/08 19:22:00,-9999,-9999,-9999,240,2,3615,-9999,-9999,-9999
2026/09/08 19:22:00,-9999,-9999,-9999,240,2,3645,-9999,-9999,-9999
2026/09/08 19:22:00,-9999,-9999,-9999,240,2,3675,-9999,-9999,-9999
2026/09/08 19:22:00,-9999,-9999,-9999,240,2,3705,-9999,-9999,-9999
2026/09/08 19:22:00,-9999,-9999,-9999,240,2,3735,-9999,-9999,-9999
2026/09/08 19:22:00,-9999,-9999,-9999,240,2,3765,-9999,-9999,-9999
2026/09/08 19:22:00,-9999,-9999,-9999,240,2,3795,-9999,-9999,-9999
2026/09/08 19:22:00,-9999,-9999,-9999,240,2,3825,-9999,-9999,-9999
2026/09/08 19:22:00,-9999,-9999,-9999,240,2,3855,-9999,-9999,-9999
2026/09/08 19:22:00,-9999,-9999,-9999,240,2,3885,-9999,-9999,-9999
2026/09/08 19:22:00,-9999,-9999,-9999,240,2,3915,-9999,-9999,-9999
2026/09/08 19:22:00,-9999,-9999,-9999,240,2,3945,-9999,-9999,-9999
2026/09/08 19:22:00,-9999,-9999,-9999,240,2,3975,-9999,-9999,-9999
2026/09/08 19:22:00,-9999,-9999,-9999,240,2,4005,-9999,-9999,-9999
2026/09/08 19:22:00,-9999,-9999,-9999,240,2,4035,-9999,-9999,-9999
2026/09/08 19:22:00,-9999,-9999,-9999,240,2,4065,-9999,-9999,-9999
2026/09/08 19:22:00,-9999,-9999,-9999,240,2,4095,-9999,-9999,-9999
2026/09/08 19:22:00,-9999,-9999,-9999,240,2,4125,-9999,-9999,-9999
2026/09/08 19:22:00,-9999,-9999,-9999,240,2,4155,-9999,-9999,-9999
2026/09/08 19:22:00,-9999,-9999,-9999,240,2,4185,-9999,-9999,-9999
2026/09/08 19:22:00,-9999,-9999,-9999,240,2,4215,-9999,-9999,-9999
2026/09/08 19:22:00,-9999,-9999,-9999,240,2,4245,-9999,-9999,-9999
2026/09/08 19:22:00,-9999,-9999,-9999,240,2,4275,-9999,-9999,-9999
2026/09/08 19:22:00,-9999,-9999,-9999,240,2,4305,-9999,-9999,-9999
2026/09/08 19:22:00,-9999,-9999,-9999,240,2,4335,-9999,-9999,-9999
2026/09/08 19:22:00,-9999,-9999,-9999,240,2,4365,-9999,-9999,-9999
2026/09/08 19:22:00,-9999,-9999,-9999,240,2,4395,-9999,-9999,-9999
2026/09/08 19:22:00,-9999,-9999,-9999,240,2,4425,-9999,-9999,-9999
2026/09/08 19:22:00,-9999,-9999,-9999,240,2,4455,-9999,-9999,-9999
2026/09/08 19:22:00,-9999,-9999,-9999,240,2,4485,-9999,-9999,-9999
2026/09/08 19:22:00,-9999,-9999,-9999,240,2,4515,-9999,-9999,-9999
2026/09/08 19:22:00,-9999,-9999,-9999,240,2,4545,-9999,-9999,-9999
2026/09/08 19:22:00,-9999,-9999,-9999,240,2,4575,-9999,-9999,-9999
2026/09/08 19:22:00,-9999,-9999,-9999,240,2,4605,-9999,-9999,-9999
2026/09/08 19:22:00,-9999,-9999,-9999,240,2,4635,-9999,-9999,-9999
2026/09/08 19:22:00,-9999,-9999,-9999,240,2,4665,-9999,-9999,-9999
2026/09/08 19:22:00,-9999,-9999,-9999,240,2,4695,-9999,-9999,-9999
2026/09/08 19:22:00,-9999,-9999,-9999,240,2,4725,-9999,-9999,-9999
2026/09/08 19:22:00,-9999,-9999,-9999,240,2,4755,-9999,-9999,-9999
2026/09/08 19:22:00,-9999,-9999,-9999,240,2,4785,-9999,-9999,-9999
2026/09/08 19:22:00,-9999,-9999,-9999,240,2,4815,-9999,-9999,-9999
2026/09/08 19:22:00,-9999,-9999,-9999,240,2,4845,-9999,-9999,-9999
2026/09/08 19:22:00,-9999,-9999,-9999,240,2,4875,-9999,-9999,-9999
2026/09/08 19:22:00,-9999,-9999,-9999,240,2,4905,-9999,-9999,-9999
2026/09/08 19:22:00,-9999,-9999,-9999,240,2,4935,-9999,-9999,-9999
2026/09/08 19:22:00,-9999,-9999,-9999,240,2,4965,-9999,-9999,-9999
2026/09/08 19:22:00,-9999,-9999,-9999,240,2,4995,-9999,-9999,-9999
2026/09/08 19:22:00,-9999,-9999,-9999,240,2,5025,-9999,-9999,-9999
2026/09/08 19:22:00,-9999,-9999,-9999,240,2,5055,-9999,-9999,-9999
2026/09/08 19:22:00,-9999,-9999,-9999,240,2,5085,-9999,-9999,-9999
2026/09/08 19:22:00,-9999,-9999,-9999,240,2,5115,-9999,-9999,-9999
2026/09/08 19:22:00,-9999,-9999,-9999,240,2,5145,-9999,-9999,-9999
2026/09/08 19:22:00,-9999,-9999,-9999,240,2,5175,-9999,-9999,-9999
2026/09/08 19:22:00,-9999,-9999,-9999,240,2,5205,-9999,-9999,-9999
2026/09/08 19:22:00,-9999,-9999,-9999,240,2,5235,-9999,-9999,-9999
2026/09/08 19:22:00,-9999,-9999,-9999,240,2,5265,-9999,-9999,-9999
2026/09/08 19:22:00,-9999,-9999,-9999,240,2,5295,-9999,-9999,-9999
2026/09/08 19:22:00,-9999,-9999,-9999,240,2,5325,-9999,-9999,-9999
2026/09/08 19:22:00,-9999,-9999,-9999,240,2,5355,-9999,-9999,-9999
2026/09/08 19:22:00,-9999,-9999,-9999,240,2,5385,-9999,-9999,-9999
2026/09/08 19:22:00,-9999,-9999,-9999,240,2,5415,-9999,-9999,-9999
2026/09/08 19:22:00,-9999,-9999,-9999,240,2,5445,-9999,-9999,-9999
2026/09/08 19:22:00,-9999,-9999,-9999,240,2,5475,-9999,-9999,-9999
2026/09/08 19:22:00,-9999,-9999,-9999,240,2,5505,-9999,-9999,-9999
2026/09/08 19:22:00,-9999,-9999,-9999,240,2,5535,-9999,-9999,-9999
2026/09/08 19:22:00,-9999,-9999,-9999,240,2,5565,-9999,-9999,-9999
2026/09/08 19:22:00,-9999,-9999,-9999,240,2,5595,-9999,-9999,-9999
2026/09/08 19:22:00,-9999,-9999,-9999,240,2,5625,-9999,-9999,-9999
2026/09/08 19:22:00,-9999,-9999,-9999,240,2,5655,-9999,-9999,-9999
2026/09/08 19:22:00,-9999,-9999,-9999,240,2,5685,-9999,-9999,-9999
2026/09/08 19:22:00,-9999,-9999,-9999,240,2,5715,-9999,-9999,-9999
2026/09/08 19:22:00,-9999,-9999,-9999,240,2,5745,-9999,-9999,-9999
2026/09/08 19:22:00,-9999,-9999,-9999,240,2,5775,-9999,-9999,-9999
2026/09/08 19:22:00,-9999,-9999,-9999,240,2,5805,-9999,-9999,-9999
2026/09/08 19:22:00,-9999,-9999,-9999,240,2,5835,-9999,-9999,-9999
2026/09/08 19:22:00,-9999,-9999,-9999,240,2,5865,-9999,-9999,-9999
2026/09/08 19:22:00,-9999,-9999,-9999,240,2,5895,-9999,-9999,-9999
2026/09/08 19:22:00,-9999,-9999,-9999,240,2,5925,-9999,-9999,-9999
2026/09/08 19:22:00,-9999,-9999,-9999,240,2,5955,-9999,-9999,-9999
2026/09/08 19:22:00,-9999,-9999,-9999,240,2,5985,-9999,-9999,-9999
2026/09/08 19:22:00,-9999,-9999,-9999,250,2,15,-9999,-9999,-9999
2026/09/08 19:22:00,-9999,-9999,-9999,250,2,45,3.076607,85.37273,-9999
2026/09/08 19:22:00,-9999,-9999,-9999,250,2,75,3.393489,83.62613,-9999
2026/09/08 19:22:00,-9999,-9999,-9999,250,2,105,3.463536,84.59219,-9999
2026/09/08 19:22:00,-9999,-9999,-9999,250,2,135,3.498543,83.30502,-9999
2026/09/08 19:22:00,-9999,-9999,-9999,250,2,165,3.550048,83.62834,-9999
2026/09/08 19:22:00,-9999,-9999,-9999,250,2,195,3.603079,84.30643,-9999
2026/09/08 19:22:00,-9999,-9999,-9999,250,2,225,3.815095,81.36507,-9999
2026/09/08 19:22:00,-9999,-9999,-9999,250,2,255,3.937791,81.04456,-9999
2026/09/08 19:22:00,-9999,-9999,-9999,250,2,285,3.983151,81.22371,-9999
2026/09/08 19:22:00,-9999,-9999,-9999,250,2,315,4.046527,80.2168,-9999
2026/09/08 19:22:00,-9999,-9999,-9999,250,2,345,4.094334,77.89189,-9999
2026/09/08 19:22:00,-9999,-9999,-9999,250,2,375,4.169576,76.47558,-9999
2026/09/08 19:22:00,-9999,-9999,-9999,250,2,405,4.279929,74.75206,-9999
2026/09/08 19:22:00,-9999,-9999,-9999,250,2,435,4.339228,73.53976,-9999
2026/09/08 19:22:00,-9999,-9999,-9999,250,2,465,4.423226,72.51596,-9999
2026/09/08 19:22:00,-9999,-9999,-9999,250,2,495,4.480278,70.59686,-9999
2026/09/08 19:22:00,-9999,-9999,-9999,250,2,525,4.518291,68.5939,-9999
2026/09/08 19:22:00,-9999,-9999,-9999,250,2,555,4.576132,67.36187,-9999
2026/09/08 19:22:00,-9999,-9999,-9999,250,2,585,4.599985,66.66659,-9999
2026/09/08 19:22:00,-9999,-9999,-9999,250,2,615,4.644024,66.30022,-9999
2026/09/08 19:22:00,-9999,-9999,-9999,250,2,645,4.693738,66.85689,-9999
2026/09/08 19:22:00,-9999,-9999,-9999,250,2,675,4.753181,66.39539,-9999
2026/09/08 19:22:00,-9999,-9999,-9999,250,2,705,4.867651,65.2024,-9999
2026/09/08 19:22:00,-9999,-9999,-9999,250,2,735,4.997708,63.61868,-9999
2026/09/08 19:22:00,-9999,-9999,-9999,250,2,765,5.102832,61.29338,-9999
2026/09/08 19:22:00,-9999,-9999,-9999,250,2,795,5.135295,59.33119,-9999
2026/09/08 19:22:00,-9999,-9999,-9999,250,2,825,5.132186,57.76686,-9999
2026/09/08 19:22:00,-9999,-9999,-9999,250,2,855,5.057003,56.74749,-9999
2026/09/08 19:22:00,-9999,-9999,-9999,250,2,885,4.980088,57.13551,-9999
2026/09/08 19:22:00,-9999,-9999,-9999,250,2,915,4.981483,58.06868,-9999
2026/09/08 19:22:00,-9999,-9999,-9999,250,2,945,5.005384,59.70548,-9999
2026/09/08 19:22:00,-9999,-9999,-9999,250,2,975,5.096672,60.72403,-9999
2026/09/08 19:22:00,-9999,-9999,-9999,250,2,1005,5.253018,60.30591,-9999
2026/09/08 19:22:00,-9999,-9999,-9999,250,2,1035,5.375381,60.18256,-9999
2026/09/08 19:22:00,-9999,-9999,-9999,250,2,1065,5.495771,60.25938,-9999
2026/09/08 19:22:00,-9999,-9999,-9999,250,2,1095,5.611507,60.46053,-9999
2026/09/08 19:22:00,-9999,-9999,-9999,250,2,1125,5.619798,61.23846,-9999
2026/09/08 19:22:00,-9999,-9999,-9999,250,2,1155,5.664751,62.27008,-9999
2026/09/08 19:22:00,-9999,-9999,-9999,250,2,1185,5.708179,62.762,-9999
2026/09/08 19:22:00,-9999,-9999,-9999,250,2,1215,5.723118,62.68034,-9999
2026/09/08 19:22:00,-9999,-9999,-9999,250,2,1245,5.758626,62.65651,-9999
2026/09/08 19:22:00,-9999,-9999,-9999,250,2,1275,5.764019,61.54289,-9999
2026/09/08 19:22:00,-9999,-9999,-9999,250,2,1305,5.774457,59.54113,-9999
2026/09/08 19:22:00,-9999,-9999,-9999,250,2,1335,5.768202,59.06003,-9999
2026/09/08 19:22:00,-9999,-9999,-9999,250,2,1365,5.761756,58.34851,-9999
2026/09/08 19:22:00,-9999,-9999,-9999,250,2,1395,5.761315,58.06796,-9999
2026/09/08 19:22:00,-9999,-9999,-9999,250,2,1425,5.772426,58.55484,-9999
2026/09/08 19:22:00,-9999,-9999,-9999,250,2,1455,5.830073,58.13026,-9999
2026/09/08 19:22:00,-9999,-9999,-9999,250,2,1485,5.869148,58.14389,-9999
2026/09/08 19:22:00,-9999,-9999,-9999,250,2,1515,5.93754,58.44379,-9999
2026/09/08 19:22:00,-9999,-9999,-9999,250,2,1545,5.971353,58.47047,-9999
2026/09/08 19:22:00,-9999,-9999,-9999,250,2,1575,6.015395,58.03511,-9999
2026/09/08 19:22:00,-9999,-9999,-9999,250,2,1605,6.060519,57.80571,-9999
2026/09/08 19:22:00,-9999,-9999,-9999,250,2,1635,6.061656,57.31232,-9999
2026/09/08 19:22:00,-9999,-9999,-9999,250,2,1665,6.103047,57.09795,-9999
2026/09/08 19:22:00,-9999,-9999,-9999,250,2,1695,6.130502,57.84227,-9999
2026/09/08 19:22:00,-9999,-9999,-9999,250,2,1725,6.200945,58.3729,-9999
2026/09/08 19:22:00,-9999,-9999,-9999,250,2,1755,6.24211,60.22083,-9999
2026/09/08 19:22:00,-9999,-9999,-9999,250,2,1785,6.240891,61.34103,-9999
2026/09/08 19:22:00,-9999,-9999,-9999,250,2,1815,6.188076,62.01875,-9999
2026/09/08 19:22:00,-9999,-9999,-9999,250,2,1845,6.180233,62.37312,-9999
2026/09/08 19:22:00,-9999,-9999,-9999,250,2,1875,6.256037,59.59295,-9999
2026/09/08 19:22:00,-9999,-9999,-9999,250,2,1905,6.298224,59.20342,-9999
2026/09/08 19:22:00,-9999,-9999,-9999,250,2,1935,6.351409,59.23745,-9999
2026/09/08 19:22:00,-9999,-9999,-9999,250,2,1965,6.41949,58.90099,-9999
2026/09/08 19:22:00,-9999,-9999,-9999,250,2,1995,6.41704,58.46605,-9999
2026/09/08 19:22:00,-9999,-9999,-9999,250,2,2025,6.328291,57.87613,-9999
2026/09/08 19:22:00,-9999,-9999,-9999,250,2,2055,6.321977,56.20919,-9999
2026/09/08 19:22:00,-9999,-9999,-9999,250,2,2085,6.349729,54.13705,-9999
2026/09/08 19:22:00,-9999,-9999,-9999,250,2,2115,6.518731,53.04005,-9999
2026/09/08 19:22:00,-9999,-9999,-9999,250,2,2145,6.61478,51.66525,-9999
2026/09/08 19:22:00,-9999,-9999,-9999,250,2,2175,6.638673,51.32391,-9999
2026/09/08 19:22:00,-9999,-9999,-9999,250,2,2205,6.689887,50.72742,-9999
2026/09/08 19:22:00,-9999,-9999,-9999,250,2,2235,6.71999,50.17171,-9999
2026/09/08 19:22:00,-9999,-9999,-9999,250,2,2265,6.810718,50.52362,-9999
2026/09/08 19:22:00,-9999,-9999,-9999,250,2,2295,-9999,-9999,-9999
2026/09/08 19:22:00,-9999,-9999,-9999,250,2,2325,-9999,-9999,-9999
2026/09/08 19:22:00,-9999,-9999,-9999,250,2,2355,-9999,-9999,-9999
2026/09/08 19:22:00,-9999,-9999,-9999,250,2,2385,-9999,-9999,-9999
2026/09/08 19:22:00,-9999,-9999,-9999,250,2,2415,-9999,-9999,-9999
2026/09/08 19:22:00,-9999,-9999,-9999,250,2,2445,-9999,-9999,-9999
2026/09/08 19:22:00,-9999,-9999,-9999,250,2,2475,-9999,-9999,-9999
2026/09/08 19:22:00,-9999,-9999,-9999,250,2,2505,-9999,-9999,-9999
2026/09/08 19:22:00,-9999,-9999,-9999,250,2,2535,-9999,-9999,-9999
2026/09/08 19:22:00,-9999,-9999,-9999,250,2,2565,-9999,-9999,-9999
2026/09/08 19:22:00,-9999,-9999,-9999,250,2,2595,-9999,-9999,-9999
2026/09/08 19:22:00,-9999,-9999,-9999,250,2,2625,-9999,-9999,-9999
2026/09/08 19:22:00,-9999,-9999,-9999,250,2,2655,-9999,-9999,-9999
2026/09/08 19:22:00,-9999,-9999,-9999,250,2,2685,-9999,-9999,-9999
2026/09/08 19:22:00,-9999,-9999,-9999,250,2,2715,-9999,-9999,-9999
2026/09/08 19:22:00,-9999,-9999,-9999,250,2,2745,-9999,-9999,-9999
2026/09/08 19:22:00,-9999,-9999,-9999,250,2,2775,-9999,-9999,-9999
2026/09/08 19:22:00,-9999,-9999,-9999,250,2,2805,-9999,-9999,-9999
2026/09/08 19:22:00,-9999,-9999,-9999,250,2,2835,-9999,-9999,-9999
2026/09/08 19:22:00,-9999,-9999,-9999,250,2,2865,-9999,-9999,-9999
2026/09/08 19:22:00,-9999,-9999,-9999,250,2,2895,-9999,-9999,-9999
2026/09/08 19:22:00,-9999,-9999,-9999,250,2,2925,-9999,-9999,-9999
2026/09/08 19:22:00,-9999,-9999,-9999,250,2,2955,-9999,-9999,-9999
2026/09/08 19:22:00,-9999,-9999,-9999,250,2,2985,-9999,-9999,-9999
2026/09/08 19:22:00,-9999,-9999,-9999,250,2,3015,-9999,-9999,-9999
2026/09/08 19:22:00,-9999,-9999,-9999,250,2,3045,-9999,-9999,-9999
2026/09/08 19:22:00,-9999,-9999,-9999,250,2,3075,-9999,-9999,-9999
2026/09/08 19:22:00,-9999,-9999,-9999,250,2,3105,-9999,-9999,-9999
2026/09/08 19:22:00,-9999,-9999,-9999,250,2,3135,-9999,-9999,-9999
2026/09/08 19:22:00,-9999,-9999,-9999,250,2,3165,-9999,-9999,-9999
2026/09/08 19:22:00,-9999,-9999,-9999,250,2,3195,-9999,-9999,-9999
2026/09/08 19:22:00,-9999,-9999,-9999,250,2,3225,-9999,-9999,-9999
2026/09/08 19:22:00,-9999,-9999,-9999,250,2,3255,-9999,-9999,-9999
2026/09/08 19:22:00,-9999,-9999,-9999,250,2,3285,-9999,-9999,-9999
2026/09/08 19:22:00,-9999,-9999,-9999,250,2,3315,-9999,-9999,-9999
2026/09/08 19:22:00,-9999,-9999,-9999,250,2,3345,-9999,-9999,-9999
2026/09/08 19:22:00,-9999,-9999,-9999,250,2,3375,-9999,-9999,-9999
2026/09/08 19:22:00,-9999,-9999,-9999,250,2,3405,-9999,-9999,-9999
2026/09/08 19:22:00,-9999,-9999,-9999,250,2,3435,-9999,-9999,-9999
2026/09/08 19:22:00,-9999,-9999,-9999,250,2,3465,-9999,-9999,-9999
2026/09/08 19:22:00,-9999,-9999,-9999,250,2,3495,-9999,-9999,-9999
2026/09/08 19:22:00,-9999,-9999,-9999,250,2,3525,-9999,-9999,-9999
2026/09/08 19:22:00,-9999,-9999,-9999,250,2,3555,-9999,-9999,-9999
2026/09/08 19:22:00,-9999,-9999,-9999,250,2,3585,-9999,-9999,-9999
2026/09/08 19:22:00,-9999,-9999,-9999,250,2,3615,-9999,-9999,-9999
2026/09/08 19:22:00,-9999,-9999,-9999,250,2,3645,-9999,-9999,-9999
2026/09/08 19:22:00,-9999,-9999,-9999,250,2,3675,-9999,-9999,-9999
2026/09/08 19:22:00,-9999,-9999,-9999,250,2,3705,-9999,-9999,-9999
2026/09/08 19:22:00,-9999,-9999,-9999,250,2,3735,-9999,-9999,-9999
2026/09/08 19:22:00,-9999,-9999,-9999,250,2,3765,-9999,-9999,-9999
2026/09/08 19:22:00,-9999,-9999,-9999,250,2,3795,-9999,-9999,-9999
2026/09/08 19:22:00,-9999,-9999,-9999,250,2,3825,-9999,-9999,-9999
2026/09/08 19:22:00,-9999,-9999,-9999,250,2,3855,-9999,-9999,-9999
2026/09/08 19:22:00,-9999,-9999,-9999,250,2,3885,-9999,-9999,-9999
2026/09/08 19:22:00,-9999,-9999,-9999,250,2,3915,-9999,-9999,-9999
2026/09/08 19:22:00,-9999,-9999,-9999,250,2,3945,-9999,-9999,-9999
2026/09/08 19:22:00,-9999,-9999,-9999,250,2,3975,-9999,-9999,-9999
2026/09/08 19:22:00,-9999,-9999,-9999,250,2,4005,-9999,-9999,-9999
2026/09/08 19:22:00,-9999,-9999,-9999,250,2,4035,-9999,-9999,-9999
2026/09/08 19:22:00,-9999,-9999,-9999,250,2,4065,-9999,-9999,-9999
2026/09/08 19:22:00,-9999,-9999,-9999,250,2,4095,-9999,-9999,-9999
2026/09/08 19:22:00,-9999,-9999,-9999,250,2,4125,-9999,-9999,-9999
2026/09/08 19:22:00,-9999,-9999,-9999,250,2,4155,-9999,-9999,-9999
2026/09/08 19:22:00,-9999,-9999,-9999,250,2,4185,-9999,-9999,-9999
2026/09/08 19:22:00,-9999,-9999,-9999,250,2,4215,-9999,-9999,-9999
2026/09/08 19:22:00,-9999,-9999,-9999,250,2,4245,-9999,-9999,-9999
2026/09/08 19:22:00,-9999,-9999,-9999,250,2,4275,-9999,-9999,-9999
2026/09/08 19:22:00,-9999,-9999,-9999,250,2,4305,-9999,-9999,-9999
2026/09/08 19:22:00,-9999,-9999,-9999,250,2,4335,-9999,-9999,-9999
2026/09/08 19:22:00,-9999,-9999,-9999,250,2,4365,-9999,-9999,-9999
2026/09/08 19:22:00,-9999,-9999,-9999,250,2,4395,-9999,-9999,-9999
2026/09/08 19:22:00,-9999,-9999,-9999,250,2,4425,-9999,-9999,-9999
2026/09/08 19:22:00,-9999,-9999,-9999,250,2,4455,-9999,-9999,-9999
2026/09/08 19:22:00,-9999,-9999,-9999,250,2,4485,-9999,-9999,-9999
2026/09/08 19:22:00,-9999,-9999,-9999,250,2,4515,-9999,-9999,-9999
2026/09/08 19:22:00,-9999,-9999,-9999,250,2,4545,-9999,-9999,-9999
2026/09/08 19:22:00,-9999,-9999,-9999,250,2,4575,-9999,-9999,-9999
2026/09/08 19:22:00,-9999,-9999,-9999,250,2,4605,-9999,-9999,-9999
2026/09/08 19:22:00,-9999,-9999,-9999,250,2,4635,-9999,-9999,-9999
2026/09/08 19:22:00,-9999,-9999,-9999,250,2,4665,-9999,-9999,-9999
2026/09/08 19:22:00,-9999,-9999,-9999,250,2,4695,-9999,-9999,-9999
2026/09/08 19:22:00,-9999,-9999,-9999,250,2,4725,-9999,-9999,-9999
2026/09/08 19:22:00,-9999,-9999,-9999,250,2,4755,-9999,-9999,-9999
2026/09/08 19:22:00,-9999,-9999,-9999,250,2,4785,-9999,-9999,-9999
2026/09/08 19:22:00,-9999,-9999,-9999,250,2,4815,-9999,-9999,-9999
2026/09/08 19:22:00,-9999,-9999,-9999,250,2,4845,-9999,-9999,-9999
2026/09/08 19:22:00,-9999,-9999,-9999,250,2,4875,-9999,-9999,-9999
2026/09/08 19:22:00,-9999,-9999,-9999,250,2,4905,-9999,-9999,-9999
2026/09/08 19:22:00,-9999,-9999,-9999,250,2,4935,-9999,-9999,-9999
2026/09/08 19:22:00,-9999,-9999,-9999,250,2,4965,-9999,-9999,-9999
2026/09/08 19:22:00,-9999,-9999,-9999,250,2,4995,-9999,-9999,-9999
2026/09/08 19:22:00,-9999,-9999,-9999,250,2,5025,-9999,-9999,-9999
2026/09/08 19:22:00,-9999,-9999,-9999,250,2,5055,-9999,-9999,-9999
2026/09/08 19:22:00,-9999,-9999,-9999,250,2,5085,-9999,-9999,-9999
2026/09/08 19:22:00,-9999,-9999,-9999,250,2,5115,-9999,-9999,-9999
2026/09/08 19:22:00,-9999,-9999,-9999,250,2,5145,-9999,-9999,-9999
2026/09/08 19:22:00,-9999,-9999,-9999,250,2,5175,-9999,-9999,-9999
2026/09/08 19:22:00,-9999,-9999,-9999,250,2,5205,-9999,-9999,-9999
2026/09/08 19:22:00,-9999,-9999,-9999,250,2,5235,-9999,-9999,-9999
2026/09/08 19:22:00,-9999,-9999,-9999,250,2,5265,-9999,-9999,-9999
2026/09/08 19:22:00,-9999,-9999,-9999,250,2,5295,-9999,-9999,-9999
2026/09/08 19:22:00,-9999,-9999,-9999,250,2,5325,-9999,-9999,-9999
2026/09/08 19:22:00,-9999,-9999,-9999,250,2,5355,-9999,-9999,-9999
2026/09/08 19:22:00,-9999,-9999,-9999,250,2,5385,-9999,-9999,-9999
2026/09/08 19:22:00,-9999,-9999,-9999,250,2,5415,-9999,-9999,-9999
2026/09/08 19:22:00,-9999,-9999,-9999,250,2,5445,-9999,-9999,-9999
2026/09/08 19:22:00,-9999,-9999,-9999,250,2,5475,-9999,-9999,-9999
2026/09/08 19:22:00,-9999,-9999,-9999,250,2,5505,-9999,-9999,-9999
2026/09/08 19:22:00,-9999,-9999,-9999,250,2,5535,-9999,-9999,-9999
2026/09/08 19:22:00,-9999,-9999,-9999,250,2,5565,-9999,-9999,-9999
2026/09/08 19:22:00,-9999,-9999,-9999,250,2,5595,-9999,-9999,-9999
2026/09/08 19:22:00,-9999,-9999,-9999,250,2,5625,-9999,-9999,-9999
2026/09/08 19:22:00,-9999,-9999,-9999,250,2,5655,-9999,-9999,-9999
2026/09/08 19:22:00,-9999,-9999,-9999,250,2,5685,-9999,-9999,-9999
2026/09/08 19:22:00,-9999,-9999,-9999,250,2,5715,-9999,-9999,-9999
2026/09/08 19:22:00,-9999,-9999,-9999,250,2,5745,-9999,-9999,-9999
2026/09/08 19:22:00,-9999,-9999,-9999,250,2,5775,-9999,-9999,-9999
2026/09/08 19:22:00,-9999,-9999,-9999,250,2,5805,-9999,-9999,-9999
2026/09/08 19:22:00,-9999,-9999,-9999,250,2,5835,-9999,-9999,-9999
2026/09/08 19:22:00,-9999,-9999,-9999,250,2,5865,-9999,-9999,-9999
2026/09/08 19:22:00,-9999,-9999,-9999,250,2,5895,-9999,-9999,-9999
2026/09/08 19:22:00,-9999,-9999,-9999,250,2,5925,-9999,-9999,-9999
2026/09/08 19:22:00,-9999,-9999,-9999,250,2,5955,-9999,-9999,-9999
2026/09/08 19:22:00,-9999,-9999,-9999,250,2,5985,-9999,-9999,-9999
2026/09/08 19:22:00,-9999,-9999,-9999,260,2,15,-9999,-9999,-9999
2026/09/08 19:22:00,-9999,-9999,-9999,260,2,45,3.032603,98.13465,-9999
2026/09/08 19:22:00,-9999,-9999,-9999,260,2,75,3.332243,94.06469,-9999
2026/09/08 19:22:00,-9999,-9999,-9999,260,2,105,3.418104,91.83352,-9999
2026/09/08 19:22:00,-9999,-9999,-9999,260,2,135,3.500109,88.21966,-9999
2026/09/08 19:22:00,-9999,-9999,-9999,260,2,165,3.565243,87.08334,-9999
2026/09/08 19:22:00,-9999,-9999,-9999,260,2,195,3.637568,87.22295,-9999
2026/09/08 19:22:00,-9999,-9999,-9999,260,2,225,3.885929,84.5777,-9999
2026/09/08 19:22:00,-9999,-9999,-9999,260,2,255,3.975193,84.4565,-9999
2026/09/08 19:22:00,-9999,-9999,-9999,260,2,285,3.988239,84.66713,-9999
2026/09/08 19:22:00,-9999,-9999,-9999,260,2,315,4.034284,83.45397,-9999
2026/09/08 19:22:00,-9999,-9999,-9999,260,2,345,4.065021,81.64762,-9999
2026/09/08 19:22:00,-9999,-9999,-9999,260,2,375,4.15643,80.68388,-9999
2026/09/08 19:22:00,-9999,-9999,-9999,260,2,405,4.290415,79.25918,-9999
2026/09/08 19:22:00,-9999,-9999,-9999,260,2,435,4.380291,78.46973,-9999
2026/09/08 19:22:00,-9999,-9999,-9999,260,2,465,4.507094,78.04469,-9999
2026/09/08 19:22:00,-9999,-9999,-9999,260,2,495,4.588804,77.10409,-9999
2026/09/08 19:22:00,-9999,-9999,-9999,260,2,525,4.644752,76.2597,-9999
2026/09/08 19:22:00,-9999,-9999,-9999,260,2,555,4.709992,75.84818,-9999
2026/09/08 19:22:00,-9999,-9999,-9999,260,2,585,4.738026,75.29404,-9999
2026/09/08 19:22:00,-9999,-9999,-9999,260,2,615,4.77438,74.89735,-9999
2026/09/08 19:22:00,-9999,-9999,-9999,260,2,645,4.81313,75.3476,-9999
2026/09/08 19:22:00,-9999,-9999,-9999,260,2,675,4.860009,74.8128,-9999
2026/09/08 19:22:00,-9999,-9999,-9999,260,2,705,4.928345,73.82105,-9999
2026/09/08 19:22:00,-9999,-9999,-9999,260,2,735,4.995425,72.75272,-9999
2026/09/08 19:22:00,-9999,-9999,-9999,260,2,765,5.041171,70.57929,-9999
2026/09/08 19:22:00,-9999,-9999,-9999,260,2,795,5.015199,68.31776,-9999
2026/09/08 19:22:00,-9999,-9999,-9999,260,2,825,4.965881,66.35209,-9999
2026/09/08 19:22:00,-9999,-9999,-9999,260,2,855,4.901796,64.70105,-9999
2026/09/08 19:22:00,-9999,-9999,-9999,260,2,885,4.827981,64.72864,-9999
2026/09/08 19:22:00,-9999,-9999,-9999,260,2,915,4.841896,65.78342,-9999
2026/09/08 19:22:00,-9999,-9999,-9999,260,2,945,4.916337,67.35263,-9999
2026/09/08 19:22:00,-9999,-9999,-9999,260,2,975,5.023301,68.73209,-9999
2026/09/08 19:22:00,-9999,-9999,-9999,260,2,1005,5.21548,68.88398,-9999
2026/09/08 19:22:00,-9999,-9999,-9999,260,2,1035,5.360124,68.82962,-9999
2026/09/08 19:22:00,-9999,-9999,-9999,260,2,1065,5.491522,69.21921,-9999
2026/09/08 19:22:00,-9999,-9999,-9999,260,2,1095,5.622867,68.88286,-9999
2026/09/08 19:22:00,-9999,-9999,-9999,260,2,1125,5.615924,68.77053,-9999
2026/09/08 19:22:00,-9999,-9999,-9999,260,2,1155,5.653692,69.08152,-9999
2026/09/08 19:22:00,-9999,-9999,-9999,260,2,1185,5.703906,69.12586,-9999
2026/09/08 19:22:00,-9999,-9999,-9999,260,2,1215,5.715533,69.29227,-9999
2026/09/08 19:22:00,-9999,-9999,-9999,260,2,1245,5.786647,69.6836,-9999
2026/09/08 19:22:00,-9999,-9999,-9999,260,2,1275,5.85051,68.74679,-9999
2026/09/08 19:22:00,-9999,-9999,-9999,260,2,1305,5.858384,67.12735,-9999
2026/09/08 19:22:00,-9999,-9999,-9999,260,2,1335,5.886718,66.82072,-9999
2026/09/08 19:22:00,-9999,-9999,-9999,260,2,1365,5.900545,65.90871,-9999
2026/09/08 19:22:00,-9999,-9999,-9999,260,2,1395,5.872366,66.22961,-9999
2026/09/08 19:22:00,-9999,-9999,-9999,260,2,1425,5.902009,66.913,-9999
2026/09/08 19:22:00,-9999,-9999,-9999,260,2,1455,5.918842,67.05273,-9999
2026/09/08 19:22:00,-9999,-9999,-9999,260,2,1485,5.911047,67.77324,-9999
2026/09/08 19:22:00,-9999,-9999,-9999,260,2,1515,5.980977,67.96745,-9999
2026/09/08 19:22:00,-9999,-9999,-9999,260,2,1545,5.987216,67.94898,-9999
2026/09/08 19:22:00,-9999,-9999,-9999,260,2,1575,6.057167,66.60822,-9999
2026/09/08 19:22:00,-9999,-9999,-9999,260,2,1605,6.143503,65.8373,-9999
2026/09/08 19:22:00,-9999,-9999,-9999,260,2,1635,6.155325,65.42393,-9999
2026/09/08 19:22:00,-9999,-9999,-9999,260,2,1665,6.195612,65.10779,-9999
2026/09/08 19:22:00,-9999,-9999,-9999,260,2,1695,6.217833,66.08143,-9999
2026/09/08 19:22:00,-9999,-9999,-9999,260,2,1725,6.315251,66.11802,-9999
2026/09/08 19:22:00,-9999,-9999,-9999,260,2,1755,6.350708,67.78315,-9999
2026/09/08 19:22:00,-9999,-9999,-9999,260,2,1785,6.358847,68.46944,-9999
2026/09/08 19:22:00,-9999,-9999,-9999,260,2,1815,6.317258,68.98904,-9999
2026/09/08 19:22:00,-9999,-9999,-9999,260,2,1845,6.286453,69.7534,-9999
2026/09/08 19:22:00,-9999,-9999,-9999,260,2,1875,6.327319,67.73168,-9999
2026/09/08 19:22:00,-9999,-9999,-9999,260,2,1905,6.418045,67.90018,-9999
2026/09/08 19:22:00,-9999,-9999,-9999,260,2,1935,6.493098,68.36187,-9999
2026/09/08 19:22:00,-9999,-9999,-9999,260,2,1965,6.549894,68.48989,-9999
2026/09/08 19:22:00,-9999,-9999,-9999,260,2,1995,6.570256,67.34688,-9999
2026/09/08 19:22:00,-9999,-9999,-9999,260,2,2025,6.424431,67.08698,-9999
2026/09/08 19:22:00,-9999,-9999,-9999,260,2,2055,6.364531,65.27317,-9999
2026/09/08 19:22:00,-9999,-9999,-9999,260,2,2085,6.340592,63.1069,-9999
2026/09/08 19:22:00,-9999,-9999,-9999,260,2,2115,6.46501,62.26461,-9999
2026/09/08 19:22:00,-9999,-9999,-9999,260,2,2145,6.519274,60.55428,-9999
2026/09/08 19:22:00,-9999,-9999,-9999,260,2,2175,6.556717,59.7598,-9999
2026/09/08 19:22:00,-9999,-9999,-9999,260,2,2205,6.565765,59.17776,-9999
2026/09/08 19:22:00,-9999,-9999,-9999,260,2,2235,6.551352,58.76921,-9999
2026/09/08 19:22:00,-9999,-9999,-9999,260,2,2265,-9999,-9999,-9999
2026/09/08 19:22:00,-9999,-9999,-9999,260,2,2295,-9999,-9999,-9999
2026/09/08 19:22:00,-9999,-9999,-9999,260,2,2325,-9999,-9999,-9999
2026/09/08 19:22:00,-9999,-9999,-9999,260,2,2355,-9999,-9999,-9999
2026/09/08 19:22:00,-9999,-9999,-9999,260,2,2385,-9999,-9999,-9999
2026/09/08 19:22:00,-9999,-9999,-9999,260,2,2415,-9999,-9999,-9999
2026/09/08 19:22:00,-9999,-9999,-9999,260,2,2445,-9999,-9999,-9999
2026/09/08 19:22:00,-9999,-9999,-9999,260,2,2475,-9999,-9999,-9999
2026/09/08 19:22:00,-9999,-9999,-9999,260,2,2505,-9999,-9999,-9999
2026/09/08 19:22:00,-9999,-9999,-9999,260,2,2535,-9999,-9999,-9999
2026/09/08 19:22:00,-9999,-9999,-9999,260,2,2565,-9999,-9999,-9999
2026/09/08 19:22:00,-9999,-9999,-9999,260,2,2595,-9999,-9999,-9999
2026/09/08 19:22:00,-9999,-9999,-9999,260,2,2625,-9999,-9999,-9999
2026/09/08 19:22:00,-9999,-9999,-9999,260,2,2655,-9999,-9999,-9999
2026/09/08 19:22:00,-9999,-9999,-9999,260,2,2685,-9999,-9999,-9999
2026/09/08 19:22:00,-9999,-9999,-9999,260,2,2715,-9999,-9999,-9999
2026/09/08 19:22:00,-9999,-9999,-9999,260,2,2745,-9999,-9999,-9999
2026/09/08 19:22:00,-9999,-9999,-9999,260,2,2775,-9999,-9999,-9999
2026/09/08 19:22:00,-9999,-9999,-9999,260,2,2805,-9999,-9999,-9999
2026/09/08 19:22:00,-9999,-9999,-9999,260,2,2835,-9999,-9999,-9999
2026/09/08 19:22:00,-9999,-9999,-9999,260,2,2865,-9999,-9999,-9999
2026/09/08 19:22:00,-9999,-9999,-9999,260,2,2895,-9999,-9999,-9999
2026/09/08 19:22:00,-9999,-9999,-9999,260,2,2925,-9999,-9999,-9999
2026/09/08 19:22:00,-9999,-9999,-9999,260,2,2955,-9999,-9999,-9999
2026/09/08 19:22:00,-9999,-9999,-9999,260,2,2985,-9999,-9999,-9999
2026/09/08 19:22:00,-9999,-9999,-9999,260,2,3015,-9999,-9999,-9999
2026/09/08 19:22:00,-9999,-9999,-9999,260,2,3045,-9999,-9999,-9999
2026/09/08 19:22:00,-9999,-9999,-9999,260,2,3075,-9999,-9999,-9999
2026/09/08 19:22:00,-9999,-9999,-9999,260,2,3105,-9999,-9999,-9999
2026/09/08 19:22:00,-9999,-9999,-9999,260,2,3135,-9999,-9999,-9999
2026/09/08 19:22:00,-9999,-9999,-9999,260,2,3165,-9999,-9999,-9999
2026/09/08 19:22:00,-9999,-9999,-9999,260,2,3195,-9999,-9999,-9999
2026/09/08 19:22:00,-9999,-9999,-9999,260,2,3225,-9999,-9999,-9999
2026/09/08 19:22:00,-9999,-9999,-9999,260,2,3255,-9999,-9999,-9999
2026/09/08 19:22:00,-9999,-9999,-9999,260,2,3285,-9999,-9999,-9999
2026/09/08 19:22:00,-9999,-9999,-9999,260,2,3315,-9999,-9999,-9999
2026/09/08 19:22:00,-9999,-9999,-9999,260,2,3345,-9999,-9999,-9999
2026/09/08 19:22:00,-9999,-9999,-9999,260,2,3375,-9999,-9999,-9999
2026/09/08 19:22:00,-9999,-9999,-9999,260,2,3405,-9999,-9999,-9999
2026/09/08 19:22:00,-9999,-9999,-9999,260,2,3435,-9999,-9999,-9999
2026/09/08 19:22:00,-9999,-9999,-9999,260,2,3465,-9999,-9999,-9999
2026/09/08 19:22:00,-9999,-9999,-9999,260,2,3495,-9999,-9999,-9999
2026/09/08 19:22:00,-9999,-9999,-9999,260,2,3525,-9999,-9999,-9999
2026/09/08 19:22:00,-9999,-9999,-9999,260,2,3555,-9999,-9999,-9999
2026/09/08 19:22:00,-9999,-9999,-9999,260,2,3585,-9999,-9999,-9999
2026/09/08 19:22:00,-9999,-9999,-9999,260,2,3615,-9999,-9999,-9999
2026/09/08 19:22:00,-9999,-9999,-9999,260,2,3645,-9999,-9999,-9999
2026/09/08 19:22:00,-9999,-9999,-9999,260,2,3675,-9999,-9999,-9999
2026/09/08 19:22:00,-9999,-9999,-9999,260,2,3705,-9999,-9999,-9999
2026/09/08 19:22:00,-9999,-9999,-9999,260,2,3735,-9999,-9999,-9999
2026/09/08 19:22:00,-9999,-9999,-9999,260,2,3765,-9999,-9999,-9999
2026/09/08 19:22:00,-9999,-9999,-9999,260,2,3795,-9999,-9999,-9999
2026/09/08 19:22:00,-9999,-9999,-9999,260,2,3825,-9999,-9999,-9999
2026/09/08 19:22:00,-9999,-9999,-9999,260,2,3855,-9999,-9999,-9999
2026/09/08 19:22:00,-9999,-9999,-9999,260,2,3885,-9999,-9999,-9999
2026/09/08 19:22:00,-9999,-9999,-9999,260,2,3915,-9999,-9999,-9999
2026/09/08 19:22:00,-9999,-9999,-9999,260,2,3945,-9999,-9999,-9999
2026/09/08 19:22:00,-9999,-9999,-9999,260,2,3975,-9999,-9999,-9999
2026/09/08 19:22:00,-9999,-9999,-9999,260,2,4005,-9999,-9999,-9999
2026/09/08 19:22:00,-9999,-9999,-9999,260,2,4035,-9999,-9999,-9999
2026/09/08 19:22:00,-9999,-9999,-9999,260,2,4065,-9999,-9999,-9999
2026/09/08 19:22:00,-9999,-9999,-9999,260,2,4095,-9999,-9999,-9999
2026/09/08 19:22:00,-9999,-9999,-9999,260,2,4125,-9999,-9999,-9999
2026/09/08 19:22:00,-9999,-9999,-9999,260,2,4155,-9999,-9999,-9999
2026/09/08 19:22:00,-9999,-9999,-9999,260,2,4185,-9999,-9999,-9999
2026/09/08 19:22:00,-9999,-9999,-9999,260,2,4215,-9999,-9999,-9999
2026/09/08 19:22:00,-9999,-9999,-9999,260,2,4245,-9999,-9999,-9999
2026/09/08 19:22:00,-9999,-9999,-9999,260,2,4275,-9999,-9999,-9999
2026/09/08 19:22:00,-9999,-9999,-9999,260,2,4305,-9999,-9999,-9999
2026/09/08 19:22:00,-9999,-9999,-9999,260,2,4335,-9999,-9999,-9999
2026/09/08 19:22:00,-9999,-9999,-9999,260,2,4365,-9999,-9999,-9999
2026/09/08 19:22:00,-9999,-9999,-9999,260,2,4395,-9999,-9999,-9999
2026/09/08 19:22:00,-9999,-9999,-9999,260,2,4425,-9999,-9999,-9999
2026/09/08 19:22:00,-9999,-9999,-9999,260,2,4455,-9999,-9999,-9999
2026/09/08 19:22:00,-9999,-9999,-9999,260,2,4485,-9999,-9999,-9999
2026/09/08 19:22:00,-9999,-9999,-9999,260,2,4515,-9999,-9999,-9999
2026/09/08 19:22:00,-9999,-9999,-9999,260,2,4545,-9999,-9999,-9999
2026/09/08 19:22:00,-9999,-9999,-9999,260,2,4575,-9999,-9999,-9999
2026/09/08 19:22:00,-9999,-9999,-9999,260,2,4605,-9999,-9999,-9999
2026/09/08 19:22:00,-9999,-9999,-9999,260,2,4635,-9999,-9999,-9999
2026/09/08 19:22:00,-9999,-9999,-9999,260,2,4665,-9999,-9999,-9999
2026/09/08 19:22:00,-9999,-9999,-9999,260,2,4695,-9999,-9999,-9999
2026/09/08 19:22:00,-9999,-9999,-9999,260,2,4725,-9999,-9999,-9999
2026/09/08 19:22:00,-9999,-9999,-9999,260,2,4755,-9999,-9999,-9999
2026/09/08 19:22:00,-9999,-9999,-9999,260,2,4785,-9999,-9999,-9999
2026/09/08 19:22:00,-9999,-9999,-9999,260,2,4815,-9999,-9999,-9999
2026/09/08 19:22:00,-9999,-9999,-9999,260,2,4845,-9999,-9999,-9999
2026/09/08 19:22:00,-9999,-9999,-9999,260,2,4875,-9999,-9999,-9999
2026/09/08 19:22:00,-9999,-9999,-9999,260,2,4905,-9999,-9999,-9999
2026/09/08 19:22:00,-9999,-9999,-9999,260,2,4935,-9999,-9999,-9999
2026/09/08 19:22:00,-9999,-9999,-9999,260,2,4965,-9999,-9999,-9999
2026/09/08 19:22:00,-9999,-9999,-9999,260,2,4995,-9999,-9999,-9999
2026/09/08 19:22:00,-9999,-9999,-9999,260,2,5025,-9999,-9999,-9999
2026/09/08 19:22:00,-9999,-9999,-9999,260,2,5055,-9999,-9999,-9999
2026/09/08 19:22:00,-9999,-9999,-9999,260,2,5085,-9999,-9999,-9999
2026/09/08 19:22:00,-9999,-9999,-9999,260,2,5115,-9999,-9999,-9999
2026/09/08 19:22:00,-9999,-9999,-9999,260,2,5145,-9999,-9999,-9999
2026/09/08 19:22:00,-9999,-9999,-9999,260,2,5175,-9999,-9999,-9999
2026/09/08 19:22:00,-9999,-9999,-9999,260,2,5205,-9999,-9999,-9999
2026/09/08 19:22:00,-9999,-9999,-9999,260,2,5235,-9999,-9999,-9999
2026/09/08 19:22:00,-9999,-9999,-9999,260,2,5265,-9999,-9999,-9999
2026/09/08 19:22:00,-9999,-9999,-9999,260,2,5295,-9999,-9999,-9999
2026/09/08 19:22:00,-9999,-9999,-9999,260,2,5325,-9999,-9999,-9999
2026/09/08 19:22:00,-9999,-9999,-9999,260,2,5355,-9999,-9999,-9999
2026/09/08 19:22:00,-9999,-9999,-9999,260,2,5385,-9999,-9999,-9999
2026/09/08 19:22:00,-9999,-9999,-9999,260,2,5415,-9999,-9999,-9999
2026/09/08 19:22:00,-9999,-9999,-9999,260,2,5445,-9999,-9999,-9999
2026/09/08 19:22:00,-9999,-9999,-9999,260,2,5475,-9999,-9999,-9999
2026/09/08 19:22:00,-9999,-9999,-9999,260,2,5505,-9999,-9999,-9999
2026/09/08 19:22:00,-9999,-9999,-9999,260,2,5535,-9999,-9999,-9999
2026/09/08 19:22:00,-9999,-9999,-9999,260,2,5565,-9999,-9999,-9999
2026/09/08 19:22:00,-9999,-9999,-9999,260,2,5595,-9999,-9999,-9999
2026/09/08 19:22:00,-9999,-9999,-9999,260,2,5625,-9999,-9999,-9999
2026/09/08 19:22:00,-9999,-9999,-9999,260,2,5655,-9999,-9999,-9999
2026/09/08 19:22:00,-9999,-9999,-9999,260,2,5685,-9999,-9999,-9999
2026/09/08 19:22:00,-9999,-9999,-9999,260,2,5715,-9999,-9999,-9999
2026/09/08 19:22:00,-9999,-9999,-9999,260,2,5745,-9999,-9999,-9999
2026/09/08 19:22:00,-9999,-9999,-9999,260,2,5775,-9999,-9999,-9999
2026/09/08 19:22:00,-9999,-9999,-9999,260,2,5805,-9999,-9999,-9999
2026/09/08 19:22:00,-9999,-9999,-9999,260,2,5835,-9999,-9999,-9999
2026/09/08 19:22:00,-9999,-9999,-9999,260,2,5865,-9999,-9999,-9999
2026/09/08 19:22:00,-9999,-9999,-9999,260,2,5895,-9999,-9999,-9999
2026/09/08 19:22:00,-9999,-9999,-9999,260,2,5925,-9999,-9999,-9999
2026/09/08 19:22:00,-9999,-9999,-9999,260,2,5955,-9999,-9999,-9999
2026/09/08 19:22:00,-9999,-9999,-9999,260,2,5985,-9999,-9999,-9999
2026/09/08 19:22:00,-9999,-9999,-9999,270,2,15,-9999,-9999,-9999
2026/09/08 19:22:00,-9999,-9999,-9999,270,2,45,2.984074,109.0148,-9999
2026/09/08 19:22:00,-9999,-9999,-9999,270,2,75,3.269152,103.5591,-9999
2026/09/08 19:22:00,-9999,-9999,-9999,270,2,105,3.365528,99.79589,-9999
2026/09/08 19:22:00,-9999,-9999,-9999,270,2,135,3.478066,94.14725,-9999
2026/09/08 19:22:00,-9999,-9999,-9999,270,2,165,3.545496,92.85033,-9999
2026/09/08 19:22:00,-9999,-9999,-9999,270,2,195,3.638005,92.20656,-9999
2026/09/08 19:22:00,-9999,-9999,-9999,270,2,225,3.914224,88.7198,-9999
2026/09/08 19:22:00,-9999,-9999,-9999,270,2,255,4.004334,88.59746,-9999
2026/09/08 19:22:00,-9999,-9999,-9999,270,2,285,4.021566,88.68198,-9999
2026/09/08 19:22:00,-9999,-9999,-9999,270,2,315,4.089801,86.93717,-9999
2026/09/08 19:22:00,-9999,-9999,-9999,270,2,345,4.15228,84.49103,-9999
2026/09/08 19:22:00,-9999,-9999,-9999,270,2,375,4.264796,83.18735,-9999
2026/09/08 19:22:00,-9999,-9999,-9999,270,2,405,4.41995,81.54296,-9999
2026/09/08 19:22:00,-9999,-9999,-9999,270,2,435,4.506786,80.93882,-9999
2026/09/08 19:22:00,-9999,-9999,-9999,270,2,465,4.612175,81.00951,-9999
2026/09/08 19:22:00,-9999,-9999,-9999,270,2,495,4.669497,80.60355,-9999
2026/09/08 19:22:00,-9999,-9999,-9999,270,2,525,4.684904,80.53142,-9999
2026/09/08 19:22:00,-9999,-9999,-9999,270,2,555,4.709307,80.86047,-9999
2026/09/08 19:22:00,-9999,-9999,-9999,270,2,585,4.721475,80.58511,-9999
2026/09/08 19:22:00,-9999,-9999,-9999,270,2,615,4.748186,80.34959,-9999
2026/09/08 19:22:00,-9999,-9999,-9999,270,2,645,4.788903,80.7692,-9999
2026/09/08 19:22:00,-9999,-9999,-9999,270,2,675,4.838071,80.18295,-9999
2026/09/08 19:22:00,-9999,-9999,-9999,270,2,705,4.889045,79.45564,-9999
2026/09/08 19:22:00,-9999,-9999,-9999,270,2,735,4.934194,78.69814,-9999
2026/09/08 19:22:00,-9999,-9999,-9999,270,2,765,4.988553,76.32034,-9999
2026/09/08 19:22:00,-9999,-9999,-9999,270,2,795,4.999049,73.52608,-9999
2026/09/08 19:22:00,-9999,-9999,-9999,270,2,825,4.984365,71.1298,-9999
2026/09/08 19:22:00,-9999,-9999,-9999,270,2,855,4.954809,69.09752,-9999
2026/09/08 19:22:00,-9999,-9999,-9999,270,2,885,4.886978,69.04746,-9999
2026/09/08 19:22:00,-9999,-9999,-9999,270,2,915,4.881471,70.30805,-9999
2026/09/08 19:22:00,-9999,-9999,-9999,270,2,945,4.962805,71.77335,-9999
2026/09/08 19:22:00,-9999,-9999,-9999,270,2,975,5.076102,73.05743,-9999
2026/09/08 19:22:00,-9999,-9999,-9999,270,2,1005,5.259431,73.33839,-9999
2026/09/08 19:22:00,-9999,-9999,-9999,270,2,1035,5.415668,73.1621,-9999
2026/09/08 19:22:00,-9999,-9999,-9999,270,2,1065,5.526291,73.80305,-9999
2026/09/08 19:22:00,-9999,-9999,-9999,270,2,1095,5.626078,73.84541,-9999
2026/09/08 19:22:00,-9999,-9999,-9999,270,2,1125,5.620403,73.71846,-9999
2026/09/08 19:22:00,-9999,-9999,-9999,270,2,1155,5.616495,74.52125,-9999
2026/09/08 19:22:00,-9999,-9999,-9999,270,2,1185,5.636892,74.9193,-9999
2026/09/08 19:22:00,-9999,-9999,-9999,270,2,1215,5.631616,75.29484,-9999
2026/09/08 19:22:00,-9999,-9999,-9999,270,2,1245,5.676927,76.00673,-9999
2026/09/08 19:22:00,-9999,-9999,-9999,270,2,1275,5.759151,74.79404,-9999
2026/09/08 19:22:00,-9999,-9999,-9999,270,2,1305,5.756664,73.22936,-9999
2026/09/08 19:22:00,-9999,-9999,-9999,270,2,1335,5.801619,72.72395,-9999
2026/09/08 19:22:00,-9999,-9999,-9999,270,2,1365,5.806753,71.87241,-9999
2026/09/08 19:22:00,-9999,-9999,-9999,270,2,1395,5.766965,72.33391,-9999
2026/09/08 19:22:00,-9999,-9999,-9999,270,2,1425,5.83516,72.61943,-9999
2026/09/08 19:22:00,-9999,-9999,-9999,270,2,1455,5.861921,72.65386,-9999
2026/09/08 19:22:00,-9999,-9999,-9999,270,2,1485,5.90655,72.82132,-9999
2026/09/08 19:22:00,-9999,-9999,-9999,270,2,1515,5.9985,72.7821,-9999
2026/09/08 19:22:00,-9999,-9999,-9999,270,2,1545,5.968534,73.14819,-9999
2026/09/08 19:22:00,-9999,-9999,-9999,270,2,1575,5.999621,72.1927,-9999
2026/09/08 19:22:00,-9999,-9999,-9999,270,2,1605,5.984611,72.42652,-9999
2026/09/08 19:22:00,-9999,-9999,-9999,270,2,1635,5.877132,73.24822,-9999
2026/09/08 19:22:00,-9999,-9999,-9999,270,2,1665,5.872811,73.36352,-9999
2026/09/08 19:22:00,-9999,-9999,-9999,270,2,1695,5.815443,75.36898,-9999
2026/09/08 19:22:00,-9999,-9999,-9999,270,2,1725,5.895391,75.54295,-9999
2026/09/08 19:22:00,-9999,-9999,-9999,270,2,1755,5.943136,77.31623,-9999
2026/09/08 19:22:00,-9999,-9999,-9999,270,2,1785,5.920702,78.51385,-9999
2026/09/08 19:22:00,-9999,-9999,-9999,270,2,1815,5.904078,78.84186,-9999
2026/09/08 19:22:00,-9999,-9999,-9999,270,2,1845,5.851277,80.08853,-9999
2026/09/08 19:22:00,-9999,-9999,-9999,270,2,1875,5.85073,78.15707,-9999
2026/09/08 19:22:00,-9999,-9999,-9999,270,2,1905,5.951193,78.14767,-9999
2026/09/08 19:22:00,-9999,-9999,-9999,270,2,1935,6.022214,78.68688,-9999
2026/09/08 19:22:00,-9999,-9999,-9999,270,2,1965,6.120275,78.26442,-9999
2026/09/08 19:22:00,-9999,-9999,-9999,270,2,1995,6.140206,76.90421,-9999
2026/09/08 19:22:00,-9999,-9999,-9999,270,2,2025,6.028668,76.30338,-9999
2026/09/08 19:22:00,-9999,-9999,-9999,270,2,2055,6.000803,73.89743,-9999
2026/09/08 19:22:00,-9999,-9999,-9999,270,2,2085,5.970459,71.52928,-9999
2026/09/08 19:22:00,-9999,-9999,-9999,270,2,2115,6.070171,70.75003,-9999
2026/09/08 19:22:00,-9999,-9999,-9999,270,2,2145,6.151834,68.55113,-9999
2026/09/08 19:22:00,-9999,-9999,-9999,270,2,2175,6.202291,67.54106,-9999
2026/09/08 19:22:00,-9999,-9999,-9999,270,2,2205,6.238168,66.67493,-9999
2026/09/08 19:22:00,-9999,-9999,-9999,270,2,2235,6.223448,66.23719,-9999
2026/09/08 19:22:00,-9999,-9999,-9999,270,2,2265,6.745468,61.72848,-9999
2026/09/08 19:22:00,-9999,-9999,-9999,270,2,2295,6.888151,63.03207,-9999
2026/09/08 19:22:00,-9999,-9999,-9999,270,2,2325,-9999,-9999,-9999
2026/09/08 19:22:00,-9999,-9999,-9999,270,2,2355,6.86429,66.52509,-9999
2026/09/08 19:22:00,-9999,-9999,-9999,270,2,2385,6.904769,65.90863,-9999
2026/09/08 19:22:00,-9999,-9999,-9999,270,2,2415,-9999,-9999,-9999
2026/09/08 19:22:00,-9999,-9999,-9999,270,2,2445,-9999,-9999,-9999
2026/09/08 19:22:00,-9999,-9999,-9999,270,2,2475,-9999,-9999,-9999
2026/09/08 19:22:00,-9999,-9999,-9999,270,2,2505,-9999,-9999,-9999
2026/09/08 19:22:00,-9999,-9999,-9999,270,2,2535,-9999,-9999,-9999
2026/09/08 19:22:00,-9999,-9999,-9999,270,2,2565,-9999,-9999,-9999
2026/09/08 19:22:00,-9999,-9999,-9999,270,2,2595,-9999,-9999,-9999
2026/09/08 19:22:00,-9999,-9999,-9999,270,2,2625,-9999,-9999,-9999
2026/09/08 19:22:00,-9999,-9999,-9999,270,2,2655,-9999,-9999,-9999
2026/09/08 19:22:00,-9999,-9999,-9999,270,2,2685,-9999,-9999,-9999
2026/09/08 19:22:00,-9999,-9999,-9999,270,2,2715,-9999,-9999,-9999
2026/09/08 19:22:00,-9999,-9999,-9999,270,2,2745,-9999,-9999,-9999
2026/09/08 19:22:00,-9999,-9999,-9999,270,2,2775,-9999,-9999,-9999
2026/09/08 19:22:00,-9999,-9999,-9999,270,2,2805,-9999,-9999,-9999
2026/09/08 19:22:00,-9999,-9999,-9999,270,2,2835,-9999,-9999,-9999
2026/09/08 19:22:00,-9999,-9999,-9999,270,2,2865,-9999,-9999,-9999
2026/09/08 19:22:00,-9999,-9999,-9999,270,2,2895,-9999,-9999,-9999
2026/09/08 19:22:00,-9999,-9999,-9999,270,2,2925,-9999,-9999,-9999
2026/09/08 19:22:00,-9999,-9999,-9999,270,2,2955,-9999,-9999,-9999
2026/09/08 19:22:00,-9999,-9999,-9999,270,2,2985,-9999,-9999,-9999
2026/09/08 19:22:00,-9999,-9999,-9999,270,2,3015,-9999,-9999,-9999
2026/09/08 19:22:00,-9999,-9999,-9999,270,2,3045,-9999,-9999,-9999
2026/09/08 19:22:00,-9999,-9999,-9999,270,2,3075,-9999,-9999,-9999
2026/09/08 19:22:00,-9999,-9999,-9999,270,2,3105,-9999,-9999,-9999
2026/09/08 19:22:00,-9999,-9999,-9999,270,2,3135,-9999,-9999,-9999
2026/09/08 19:22:00,-9999,-9999,-9999,270,2,3165,-9999,-9999,-9999
2026/09/08 19:22:00,-9999,-9999,-9999,270,2,3195,-9999,-9999,-9999
2026/09/08 19:22:00,-9999,-9999,-9999,270,2,3225,-9999,-9999,-9999
2026/09/08 19:22:00,-9999,-9999,-9999,270,2,3255,-9999,-9999,-9999
2026/09/08 19:22:00,-9999,-9999,-9999,270,2,3285,-9999,-9999,-9999
2026/09/08 19:22:00,-9999,-9999,-9999,270,2,3315,-9999,-9999,-9999
2026/09/08 19:22:00,-9999,-9999,-9999,270,2,3345,-9999,-9999,-9999
2026/09/08 19:22:00,-9999,-9999,-9999,270,2,3375,-9999,-9999,-9999
2026/09/08 19:22:00,-9999,-9999,-9999,270,2,3405,-9999,-9999,-9999
2026/09/08 19:22:00,-9999,-9999,-9999,270,2,3435,-9999,-9999,-9999
2026/09/08 19:22:00,-9999,-9999,-9999,270,2,3465,-9999,-9999,-9999
2026/09/08 19:22:00,-9999,-9999,-9999,270,2,3495,-9999,-9999,-9999
2026/09/08 19:22:00,-9999,-9999,-9999,270,2,3525,-9999,-9999,-9999
2026/09/08 19:22:00,-9999,-9999,-9999,270,2,3555,-9999,-9999,-9999
2026/09/08 19:22:00,-9999,-9999,-9999,270,2,3585,-9999,-9999,-9999
2026/09/08 19:22:00,-9999,-9999,-9999,270,2,3615,-9999,-9999,-9999
2026/09/08 19:22:00,-9999,-9999,-9999,270,2,3645,-9999,-9999,-9999
2026/09/08 19:22:00,-9999,-9999,-9999,270,2,3675,-9999,-9999,-9999
2026/09/08 19:22:00,-9999,-9999,-9999,270,2,3705,-9999,-9999,-9999
2026/09/08 19:22:00,-9999,-9999,-9999,270,2,3735,-9999,-9999,-9999
2026/09/08 19:22:00,-9999,-9999,-9999,270,2,3765,-9999,-9999,-9999
2026/09/08 19:22:00,-9999,-9999,-9999,270,2,3795,-9999,-9999,-9999
2026/09/08 19:22:00,-9999,-9999,-9999,270,2,3825,-9999,-9999,-9999
2026/09/08 19:22:00,-9999,-9999,-9999,270,2,3855,-9999,-9999,-9999
2026/09/08 19:22:00,-9999,-9999,-9999,270,2,3885,-9999,-9999,-9999
2026/09/08 19:22:00,-9999,-9999,-9999,270,2,3915,-9999,-9999,-9999
2026/09/08 19:22:00,-9999,-9999,-9999,270,2,3945,-9999,-9999,-9999
2026/09/08 19:22:00,-9999,-9999,-9999,270,2,3975,-9999,-9999,-9999
2026/09/08 19:22:00,-9999,-9999,-9999,270,2,4005,-9999,-9999,-9999
2026/09/08 19:22:00,-9999,-9999,-9999,270,2,4035,-9999,-9999,-9999
2026/09/08 19:22:00,-9999,-9999,-9999,270,2,4065,-9999,-9999,-9999
2026/09/08 19:22:00,-9999,-9999,-9999,270,2,4095,-9999,-9999,-9999
2026/09/08 19:22:00,-9999,-9999,-9999,270,2,4125,-9999,-9999,-9999
2026/09/08 19:22:00,-9999,-9999,-9999,270,2,4155,-9999,-9999,-9999
2026/09/08 19:22:00,-9999,-9999,-9999,270,2,4185,-9999,-9999,-9999
2026/09/08 19:22:00,-9999,-9999,-9999,270,2,4215,-9999,-9999,-9999
2026/09/08 19:22:00,-9999,-9999,-9999,270,2,4245,-9999,-9999,-9999
2026/09/08 19:22:00,-9999,-9999,-9999,270,2,4275,-9999,-9999,-9999
2026/09/08 19:22:00,-9999,-9999,-9999,270,2,4305,-9999,-9999,-9999
2026/09/08 19:22:00,-9999,-9999,-9999,270,2,4335,-9999,-9999,-9999
2026/09/08 19:22:00,-9999,-9999,-9999,270,2,4365,-9999,-9999,-9999
2026/09/08 19:22:00,-9999,-9999,-9999,270,2,4395,-9999,-9999,-9999
2026/09/08 19:22:00,-9999,-9999,-9999,270,2,4425,-9999,-9999,-9999
2026/09/08 19:22:00,-9999,-9999,-9999,270,2,4455,-9999,-9999,-9999
2026/09/08 19:22:00,-9999,-9999,-9999,270,2,4485,-9999,-9999,-9999
2026/09/08 19:22:00,-9999,-9999,-9999,270,2,4515,-9999,-9999,-9999
2026/09/08 19:22:00,-9999,-9999,-9999,270,2,4545,-9999,-9999,-9999
2026/09/08 19:22:00,-9999,-9999,-9999,270,2,4575,-9999,-9999,-9999
2026/09/08 19:22:00,-9999,-9999,-9999,270,2,4605,-9999,-9999,-9999
2026/09/08 19:22:00,-9999,-9999,-9999,270,2,4635,-9999,-9999,-9999
2026/09/08 19:22:00,-9999,-9999,-9999,270,2,4665,-9999,-9999,-9999
2026/09/08 19:22:00,-9999,-9999,-9999,270,2,4695,-9999,-9999,-9999
2026/09/08 19:22:00,-9999,-9999,-9999,270,2,4725,-9999,-9999,-9999
2026/09/08 19:22:00,-9999,-9999,-9999,270,2,4755,-9999,-9999,-9999
2026/09/08 19:22:00,-9999,-9999,-9999,270,2,4785,-9999,-9999,-9999
2026/09/08 19:22:00,-9999,-9999,-9999,270,2,4815,-9999,-9999,-9999
2026/09/08 19:22:00,-9999,-9999,-9999,270,2,4845,-9999,-9999,-9999
2026/09/08 19:22:00,-9999,-9999,-9999,270,2,4875,-9999,-9999,-9999
2026/09/08 19:22:00,-9999,-9999,-9999,270,2,4905,-9999,-9999,-9999
2026/09/08 19:22:00,-9999,-9999,-9999,270,2,4935,-9999,-9999,-9999
2026/09/08 19:22:00,-9999,-9999,-9999,270,2,4965,-9999,-9999,-9999
2026/09/08 19:22:00,-9999,-9999,-9999,270,2,4995,-9999,-9999,-9999
2026/09/08 19:22:00,-9999,-9999,-9999,270,2,5025,-9999,-9999,-9999
2026/09/08 19:22:00,-9999,-9999,-9999,270,2,5055,-9999,-9999,-9999
2026/09/08 19:22:00,-9999,-9999,-9999,270,2,5085,-9999,-9999,-9999
2026/09/08 19:22:00,-9999,-9999,-9999,270,2,5115,-9999,-9999,-9999
2026/09/08 19:22:00,-9999,-9999,-9999,270,2,5145,-9999,-9999,-9999
2026/09/08 19:22:00,-9999,-9999,-9999,270,2,5175,-9999,-9999,-9999
2026/09/08 19:22:00,-9999,-9999,-9999,270,2,5205,-9999,-9999,-9999
2026/09/08 19:22:00,-9999,-9999,-9999,270,2,5235,-9999,-9999,-9999
2026/09/08 19:22:00,-9999,-9999,-9999,270,2,5265,-9999,-9999,-9999
2026/09/08 19:22:00,-9999,-9999,-9999,270,2,5295,-9999,-9999,-9999
2026/09/08 19:22:00,-9999,-9999,-9999,270,2,5325,-9999,-9999,-9999
2026/09/08 19:22:00,-9999,-9999,-9999,270,2,5355,-9999,-9999,-9999
2026/09/08 19:22:00,-9999,-9999,-9999,270,2,5385,-9999,-9999,-9999
2026/09/08 19:22:00,-9999,-9999,-9999,270,2,5415,-9999,-9999,-9999
2026/09/08 19:22:00,-9999,-9999,-9999,270,2,5445,-9999,-9999,-9999
2026/09/08 19:22:00,-9999,-9999,-9999,270,2,5475,-9999,-9999,-9999
2026/09/08 19:22:00,-9999,-9999,-9999,270,2,5505,-9999,-9999,-9999
2026/09/08 19:22:00,-9999,-9999,-9999,270,2,5535,-9999,-9999,-9999
2026/09/08 19:22:00,-9999,-9999,-9999,270,2,5565,-9999,-9999,-9999
2026/09/08 19:22:00,-9999,-9999,-9999,270,2,5595,-9999,-9999,-9999
2026/09/08 19:22:00,-9999,-9999,-9999,270,2,5625,-9999,-9999,-9999
2026/09/08 19:22:00,-9999,-9999,-9999,270,2,5655,-9999,-9999,-9999
2026/09/08 19:22:00,-9999,-9999,-9999,270,2,5685,-9999,-9999,-9999
2026/09/08 19:22:00,-9999,-9999,-9999,270,2,5715,-9999,-9999,-9999
2026/09/08 19:22:00,-9999,-9999,-9999,270,2,5745,-9999,-9999,-9999
2026/09/08 19:22:00,-9999,-9999,-9999,270,2,5775,-9999,-9999,-9999
2026/09/08 19:22:00,-9999,-9999,-9999,270,2,5805,-9999,-9999,-9999
2026/09/08 19:22:00,-9999,-9999,-9999,270,2,5835,-9999,-9999,-9999
2026/09/08 19:22:00,-9999,-9999,-9999,270,2,5865,-9999,-9999,-9999
2026/09/08 19:22:00,-9999,-9999,-9999,270,2,5895,-9999,-9999,-9999
2026/09/08 19:22:00,-9999,-9999,-9999,270,2,5925,-9999,-9999,-9999
2026/09/08 19:22:00,-9999,-9999,-9999,270,2,5955,-9999,-9999,-9999
2026/09/08 19:22:00,-9999,-9999,-9999,270,2,5985,-9999,-9999,-9999
2026/09/08 19:22:00,-9999,-9999,-9999,280,2,15,-9999,-9999,-9999
2026/09/08 19:22:00,-9999,-9999,-9999,280,2,45,2.97164,117.0897,-9999
2026/09/08 19:22:00,-9999,-9999,-9999,280,2,75,3.249712,110.3989,-9999
2026/09/08 19:22:00,-9999,-9999,-9999,280,2,105,3.354196,105.5253,-9999
2026/09/08 19:22:00,-9999,-9999,-9999,280,2,135,3.429456,101.3957,-9999
2026/09/08 19:22:00,-9999,-9999,-9999,280,2,165,3.550209,97.66426,-9999
2026/09/08 19:22:00,-9999,-9999,-9999,280,2,195,3.645864,96.91444,-9999
2026/09/08 19:22:00,-9999,-9999,-9999,280,2,225,3.827007,96.50198,-9999
2026/09/08 19:22:00,-9999,-9999,-9999,280,2,255,3.929475,95.88897,-9999
2026/09/08 19:22:00,-9999,-9999,-9999,280,2,285,3.962893,95.45261,-9999
2026/09/08 19:22:00,-9999,-9999,-9999,280,2,315,4.02904,93.60362,-9999
2026/09/08 19:22:00,-9999,-9999,-9999,280,2,345,4.086226,91.10142,-9999
2026/09/08 19:22:00,-9999,-9999,-9999,280,2,375,4.18156,90.07642,-9999
2026/09/08 19:22:00,-9999,-9999,-9999,280,2,405,4.308995,88.84626,-9999
2026/09/08 19:22:00,-9999,-9999,-9999,280,2,435,4.373408,88.617,-9999
2026/09/08 19:22:00,-9999,-9999,-9999,280,2,465,4.443321,89.38838,-9999
2026/09/08 19:22:00,-9999,-9999,-9999,280,2,495,4.461304,89.72952,-9999
2026/09/08 19:22:00,-9999,-9999,-9999,280,2,525,4.450164,90.21834,-9999
2026/09/08 19:22:00,-9999,-9999,-9999,280,2,555,4.470921,90.66898,-9999
2026/09/08 19:22:00,-9999,-9999,-9999,280,2,585,4.488345,90.20588,-9999
2026/09/08 19:22:00,-9999,-9999,-9999,280,2,615,4.522931,89.72393,-9999
2026/09/08 19:22:00,-9999,-9999,-9999,280,2,645,4.568772,90.0675,-9999
2026/09/08 19:22:00,-9999,-9999,-9999,280,2,675,4.597534,89.76098,-9999
2026/09/08 19:22:00,-9999,-9999,-9999,280,2,705,4.627944,89.2685,-9999
2026/09/08 19:22:00,-9999,-9999,-9999,280,2,735,4.641778,88.94566,-9999
2026/09/08 19:22:00,-9999,-9999,-9999,280,2,765,4.658123,86.72314,-9999
2026/09/08 19:22:00,-9999,-9999,-9999,280,2,795,4.66508,83.40753,-9999
2026/09/08 19:22:00,-9999,-9999,-9999,280,2,825,4.671328,80.28405,-9999
2026/09/08 19:22:00,-9999,-9999,-9999,280,2,855,4.662016,77.69614,-9999
2026/09/08 19:22:00,-9999,-9999,-9999,280,2,885,4.635114,77.14127,-9999
2026/09/08 19:22:00,-9999,-9999,-9999,280,2,915,4.630844,78.53609,-9999
2026/09/08 19:22:00,-9999,-9999,-9999,280,2,945,4.674263,80.68096,-9999
2026/09/08 19:22:00,-9999,-9999,-9999,280,2,975,4.755311,82.56022,-9999
2026/09/08 19:22:00,-9999,-9999,-9999,280,2,1005,4.859165,83.96169,-9999
2026/09/08 19:22:00,-9999,-9999,-9999,280,2,1035,4.975545,84.18774,-9999
2026/09/08 19:22:00,-9999,-9999,-9999,280,2,1065,5.086363,84.83836,-9999
2026/09/08 19:22:00,-9999,-9999,-9999,280,2,1095,5.201378,84.52957,-9999
2026/09/08 19:22:00,-9999,-9999,-9999,280,2,1125,5.277836,83.15424,-9999
2026/09/08 19:22:00,-9999,-9999,-9999,280,2,1155,5.332088,83.24663,-9999
2026/09/08 19:22:00,-9999,-9999,-9999,280,2,1185,5.367921,83.46346,-9999
2026/09/08 19:22:00,-9999,-9999,-9999,280,2,1215,5.372378,83.75204,-9999
2026/09/08 19:22:00,-9999,-9999,-9999,280,2,1245,5.373597,85.19431,-9999
2026/09/08 19:22:00,-9999,-9999,-9999,280,2,1275,5.402165,84.50809,-9999
2026/09/08 19:22:00,-9999,-9999,-9999,280,2,1305,5.373241,83.03828,-9999
2026/09/08 19:22:00,-9999,-9999,-9999,280,2,1335,5.378411,82.95222,-9999
2026/09/08 19:22:00,-9999,-9999,-9999,280,2,1365,5.394522,81.77663,-9999
2026/09/08 19:22:00,-9999,-9999,-9999,280,2,1395,5.372842,82.11591,-9999
2026/09/08 19:22:00,-9999,-9999,-9999,280,2,1425,5.431057,82.5276,-9999
2026/09/08 19:22:00,-9999,-9999,-9999,280,2,1455,5.464489,82.45197,-9999
2026/09/08 19:22:00,-9999,-9999,-9999,280,2,1485,5.493272,82.82623,-9999
2026/09/08 19:22:00,-9999,-9999,-9999,280,2,1515,5.56227,83.00396,-9999
2026/09/08 19:22:00,-9999,-9999,-9999,280,2,1545,5.537788,83.39941,-9999
2026/09/08 19:22:00,-9999,-9999,-9999,280,2,1575,5.573305,82.16323,-9999
2026/09/08 19:22:00,-9999,-9999,-9999,280,2,1605,5.53815,82.72866,-9999
2026/09/08 19:22:00,-9999,-9999,-9999,280,2,1635,5.415566,84.05892,-9999
2026/09/08 19:22:00,-9999,-9999,-9999,280,2,1665,5.410031,84.22379,-9999
2026/09/08 19:22:00,-9999,-9999,-9999,280,2,1695,5.347152,86.8894,-9999
2026/09/08 19:22:00,-9999,-9999,-9999,280,2,1725,5.426766,87.01104,-9999
2026/09/08 19:22:00,-9999,-9999,-9999,280,2,1755,5.50442,88.70157,-9999
2026/09/08 19:22:00,-9999,-9999,-9999,280,2,1785,5.521299,89.56007,-9999
2026/09/08 19:22:00,-9999,-9999,-9999,280,2,1815,5.522464,89.67599,-9999
2026/09/08 19:22:00,-9999,-9999,-9999,280,2,1845,5.492807,90.87435,-9999
2026/09/08 19:22:00,-9999,-9999,-9999,280,2,1875,5.454697,89.13586,-9999
2026/09/08 19:22:00,-9999,-9999,-9999,280,2,1905,5.497428,90.0237,-9999
2026/09/08 19:22:00,-9999,-9999,-9999,280,2,1935,5.53837,91.18596,-9999
2026/09/08 19:22:00,-9999,-9999,-9999,280,2,1965,5.598557,91.17371,-9999
2026/09/08 19:22:00,-9999,-9999,-9999,280,2,1995,5.61736,89.34241,-9999
2026/09/08 19:22:00,-9999,-9999,-9999,280,2,2025,5.490144,88.98392,-9999
2026/09/08 19:22:00,-9999,-9999,-9999,280,2,2055,5.436814,86.27396,-9999
2026/09/08 19:22:00,-9999,-9999,-9999,280,2,2085,5.380821,83.63461,-9999
2026/09/08 19:22:00,-9999,-9999,-9999,280,2,2115,5.460692,82.77351,-9999
2026/09/08 19:22:00,-9999,-9999,-9999,280,2,2145,5.523832,80.11509,-9999
2026/09/08 19:22:00,-9999,-9999,-9999,280,2,2175,5.574247,78.78964,-9999
2026/09/08 19:22:00,-9999,-9999,-9999,280,2,2205,5.619365,77.57174,-9999
2026/09/08 19:22:00,-9999,-9999,-9999,280,2,2235,5.59938,77.1086,-9999
2026/09/08 19:22:00,-9999,-9999,-9999,280,2,2265,6.081717,71.55135,-9999
2026/09/08 19:22:00,-9999,-9999,-9999,280,2,2295,-9999,-9999,-9999
2026/09/08 19:22:00,-9999,-9999,-9999,280,2,2325,-9999,-9999,-9999
2026/09/08 19:22:00,-9999,-9999,-9999,280,2,2355,-9999,-9999,-9999
2026/09/08 19:22:00,-9999,-9999,-9999,280,2,2385,-9999,-9999,-9999
2026/09/08 19:22:00,-9999,-9999,-9999,280,2,2415,-9999,-9999,-9999
2026/09/08 19:22:00,-9999,-9999,-9999,280,2,2445,-9999,-9999,-9999
2026/09/08 19:22:00,-9999,-9999,-9999,280,2,2475,-9999,-9999,-9999
2026/09/08 19:22:00,-9999,-9999,-9999,280,2,2505,-9999,-9999,-9999
2026/09/08 19:22:00,-9999,-9999,-9999,280,2,2535,-9999,-9999,-9999
2026/09/08 19:22:00,-9999,-9999,-9999,280,2,2565,-9999,-9999,-9999
2026/09/08 19:22:00,-9999,-9999,-9999,280,2,2595,-9999,-9999,-9999
2026/09/08 19:22:00,-9999,-9999,-9999,280,2,2625,-9999,-9999,-9999
2026/09/08 19:22:00,-9999,-9999,-9999,280,2,2655,-9999,-9999,-9999
2026/09/08 19:22:00,-9999,-9999,-9999,280,2,2685,-9999,-9999,-9999
2026/09/08 19:22:00,-9999,-9999,-9999,280,2,2715,-9999,-9999,-9999
2026/09/08 19:22:00,-9999,-9999,-9999,280,2,2745,-9999,-9999,-9999
2026/09/08 19:22:00,-9999,-9999,-9999,280,2,2775,-9999,-9999,-9999
2026/09/08 19:22:00,-9999,-9999,-9999,280,2,2805,-9999,-9999,-9999
2026/09/08 19:22:00,-9999,-9999,-9999,280,2,2835,-9999,-9999,-9999
2026/09/08 19:22:00,-9999,-9999,-9999,280,2,2865,-9999,-9999,-9999
2026/09/08 19:22:00,-9999,-9999,-9999,280,2,2895,-9999,-9999,-9999
2026/09/08 19:22:00,-9999,-9999,-9999,280,2,2925,-9999,-9999,-9999
2026/09/08 19:22:00,-9999,-9999,-9999,280,2,2955,-9999,-9999,-9999
2026/09/08 19:22:00,-9999,-9999,-9999,280,2,2985,-9999,-9999,-9999
2026/09/08 19:22:00,-9999,-9999,-9999,280,2,3015,-9999,-9999,-9999
2026/09/08 19:22:00,-9999,-9999,-9999,280,2,3045,-9999,-9999,-9999
2026/09/08 19:22:00,-9999,-9999,-9999,280,2,3075,-9999,-9999,-9999
2026/09/08 19:22:00,-9999,-9999,-9999,280,2,3105,-9999,-9999,-9999
2026/09/08 19:22:00,-9999,-9999,-9999,280,2,3135,-9999,-9999,-9999
2026/09/08 19:22:00,-9999,-9999,-9999,280,2,3165,-9999,-9999,-9999
2026/09/08 19:22:00,-9999,-9999,-9999,280,2,3195,-9999,-9999,-9999
2026/09/08 19:22:00,-9999,-9999,-9999,280,2,3225,-9999,-9999,-9999
2026/09/08 19:22:00,-9999,-9999,-9999,280,2,3255,-9999,-9999,-9999
2026/09/08 19:22:00,-9999,-9999,-9999,280,2,3285,-9999,-9999,-9999
2026/09/08 19:22:00,-9999,-9999,-9999,280,2,3315,-9999,-9999,-9999
2026/09/08 19:22:00,-9999,-9999,-9999,280,2,3345,-9999,-9999,-9999
2026/09/08 19:22:00,-9999,-9999,-9999,280,2,3375,-9999,-9999,-9999
2026/09/08 19:22:00,-9999,-9999,-9999,280,2,3405,-9999,-9999,-9999
2026/09/08 19:22:00,-9999,-9999,-9999,280,2,3435,-9999,-9999,-9999
2026/09/08 19:22:00,-9999,-9999,-9999,280,2,3465,-9999,-9999,-9999
2026/09/08 19:22:00,-9999,-9999,-9999,280,2,3495,-9999,-9999,-9999
2026/09/08 19:22:00,-9999,-9999,-9999,280,2,3525,-9999,-9999,-9999
2026/09/08 19:22:00,-9999,-9999,-9999,280,2,3555,-9999,-9999,-9999
2026/09/08 19:22:00,-9999,-9999,-9999,280,2,3585,-9999,-9999,-9999
2026/09/08 19:22:00,-9999,-9999,-9999,280,2,3615,-9999,-9999,-9999
2026/09/08 19:22:00,-9999,-9999,-9999,280,2,3645,-9999,-9999,-9999
2026/09/08 19:22:00,-9999,-9999,-9999,280,2,3675,-9999,-9999,-9999
2026/09/08 19:22:00,-9999,-9999,-9999,280,2,3705,-9999,-9999,-9999
2026/09/08 19:22:00,-9999,-9999,-9999,280,2,3735,-9999,-9999,-9999
2026/09/08 19:22:00,-9999,-9999,-9999,280,2,3765,-9999,-9999,-9999
2026/09/08 19:22:00,-9999,-9999,-9999,280,2,3795,-9999,-9999,-9999
2026/09/08 19:22:00,-9999,-9999,-9999,280,2,3825,-9999,-9999,-9999
2026/09/08 19:22:00,-9999,-9999,-9999,280,2,3855,-9999,-9999,-9999
2026/09/08 19:22:00,-9999,-9999,-9999,280,2,3885,-9999,-9999,-9999
2026/09/08 19:22:00,-9999,-9999,-9999,280,2,3915,-9999,-9999,-9999
2026/09/08 19:22:00,-9999,-9999,-9999,280,2,3945,-9999,-9999,-9999
2026/09/08 19:22:00,-9999,-9999,-9999,280,2,3975,-9999,-9999,-9999
2026/09/08 19:22:00,-9999,-9999,-9999,280,2,4005,-9999,-9999,-9999
2026/09/08 19:22:00,-9999,-9999,-9999,280,2,4035,-9999,-9999,-9999
2026/09/08 19:22:00,-9999,-9999,-9999,280,2,4065,-9999,-9999,-9999
2026/09/08 19:22:00,-9999,-9999,-9999,280,2,4095,-9999,-9999,-9999
2026/09/08 19:22:00,-9999,-9999,-9999,280,2,4125,-9999,-9999,-9999
2026/09/08 19:22:00,-9999,-9999,-9999,280,2,4155,-9999,-9999,-9999
2026/09/08 19:22:00,-9999,-9999,-9999,280,2,4185,-9999,-9999,-9999
2026/09/08 19:22:00,-9999,-9999,-9999,280,2,4215,-9999,-9999,-9999
2026/09/08 19:22:00,-9999,-9999,-9999,280,2,4245,-9999,-9999,-9999
2026/09/08 19:22:00,-9999,-9999,-9999,280,2,4275,-9999,-9999,-9999
2026/09/08 19:22:00,-9999,-9999,-9999,280,2,4305,-9999,-9999,-9999
2026/09/08 19:22:00,-9999,-9999,-9999,280,2,4335,-9999,-9999,-9999
2026/09/08 19:22:00,-9999,-9999,-9999,280,2,4365,-9999,-9999,-9999
2026/09/08 19:22:00,-9999,-9999,-9999,280,2,4395,-9999,-9999,-9999
2026/09/08 19:22:00,-9999,-9999,-9999,280,2,4425,-9999,-9999,-9999
2026/09/08 19:22:00,-9999,-9999,-9999,280,2,4455,-9999,-9999,-9999
2026/09/08 19:22:00,-9999,-9999,-9999,280,2,4485,-9999,-9999,-9999
2026/09/08 19:22:00,-9999,-9999,-9999,280,2,4515,-9999,-9999,-9999
2026/09/08 19:22:00,-9999,-9999,-9999,280,2,4545,-9999,-9999,-9999
2026/09/08 19:22:00,-9999,-9999,-9999,280,2,4575,-9999,-9999,-9999
2026/09/08 19:22:00,-9999,-9999,-9999,280,2,4605,-9999,-9999,-9999
2026/09/08 19:22:00,-9999,-9999,-9999,280,2,4635,-9999,-9999,-9999
2026/09/08 19:22:00,-9999,-9999,-9999,280,2,4665,-9999,-9999,-9999
2026/09/08 19:22:00,-9999,-9999,-9999,280,2,4695,-9999,-9999,-9999
2026/09/08 19:22:00,-9999,-9999,-9999,280,2,4725,-9999,-9999,-9999
2026/09/08 19:22:00,-9999,-9999,-9999,280,2,4755,-9999,-9999,-9999
2026/09/08 19:22:00,-9999,-9999,-9999,280,2,4785,-9999,-9999,-9999
2026/09/08 19:22:00,-9999,-9999,-9999,280,2,4815,-9999,-9999,-9999
2026/09/08 19:22:00,-9999,-9999,-9999,280,2,4845,-9999,-9999,-9999
2026/09/08 19:22:00,-9999,-9999,-9999,280,2,4875,-9999,-9999,-9999
2026/09/08 19:22:00,-9999,-9999,-9999,280,2,4905,-9999,-9999,-9999
2026/09/08 19:22:00,-9999,-9999,-9999,280,2,4935,-9999,-9999,-9999
2026/09/08 19:22:00,-9999,-9999,-9999,280,2,4965,-9999,-9999,-9999
2026/09/08 19:22:00,-9999,-9999,-9999,280,2,4995,-9999,-9999,-9999
2026/09/08 19:22:00,-9999,-9999,-9999,280,2,5025,-9999,-9999,-9999
2026/09/08 19:22:00,-9999,-9999,-9999,280,2,5055,-9999,-9999,-9999
2026/09/08 19:22:00,-9999,-9999,-9999,280,2,5085,-9999,-9999,-9999
2026/09/08 19:22:00,-9999,-9999,-9999,280,2,5115,-9999,-9999,-9999
2026/09/08 19:22:00,-9999,-9999,-9999,280,2,5145,-9999,-9999,-9999
2026/09/08 19:22:00,-9999,-9999,-9999,280,2,5175,-9999,-9999,-9999
2026/09/08 19:22:00,-9999,-9999,-9999,280,2,5205,-9999,-9999,-9999
2026/09/08 19:22:00,-9999,-9999,-9999,280,2,5235,-9999,-9999,-9999
2026/09/08 19:22:00,-9999,-9999,-9999,280,2,5265,-9999,-9999,-9999
2026/09/08 19:22:00,-9999,-9999,-9999,280,2,5295,-9999,-9999,-9999
2026/09/08 19:22:00,-9999,-9999,-9999,280,2,5325,-9999,-9999,-9999
2026/09/08 19:22:00,-9999,-9999,-9999,280,2,5355,-9999,-9999,-9999
2026/09/08 19:22:00,-9999,-9999,-9999,280,2,5385,-9999,-9999,-9999
2026/09/08 19:22:00,-9999,-9999,-9999,280,2,5415,-9999,-9999,-9999
2026/09/08 19:22:00,-9999,-9999,-9999,280,2,5445,-9999,-9999,-9999
2026/09/08 19:22:00,-9999,-9999,-9999,280,2,5475,-9999,-9999,-9999
2026/09/08 19:22:00,-9999,-9999,-9999,280,2,5505,-9999,-9999,-9999
2026/09/08 19:22:00,-9999,-9999,-9999,280,2,5535,-9999,-9999,-9999
2026/09/08 19:22:00,-9999,-9999,-9999,280,2,5565,-9999,-9999,-9999
2026/09/08 19:22:00,-9999,-9999,-9999,280,2,5595,-9999,-9999,-9999
2026/09/08 19:22:00,-9999,-9999,-9999,280,2,5625,-9999,-9999,-9999
2026/09/08 19:22:00,-9999,-9999,-9999,280,2,5655,-9999,-9999,-9999
2026/09/08 19:22:00,-9999,-9999,-9999,280,2,5685,-9999,-9999,-9999
2026/09/08 19:22:00,-9999,-9999,-9999,280,2,5715,-9999,-9999,-9999
2026/09/08 19:22:00,-9999,-9999,-9999,280,2,5745,-9999,-9999,-9999
2026/09/08 19:22:00,-9999,-9999,-9999,280,2,5775,-9999,-9999,-9999
2026/09/08 19:22:00,-9999,-9999,-9999,280,2,5805,-9999,-9999,-9999
2026/09/08 19:22:00,-9999,-9999,-9999,280,2,5835,-9999,-9999,-9999
2026/09/08 19:22:00,-9999,-9999,-9999,280,2,5865,-9999,-9999,-9999
2026/09/08 19:22:00,-9999,-9999,-9999,280,2,5895,-9999,-9999,-9999
2026/09/08 19:22:00,-9999,-9999,-9999,280,2,5925,-9999,-9999,-9999
2026/09/08 19:22:00,-9999,-9999,-9999,280,2,5955,-9999,-9999,-9999
2026/09/08 19:22:00,-9999,-9999,-9999,280,2,5985,-9999,-9999,-9999
2026/09/08 19:22:00,-9999,-9999,-9999,290,2,15,-9999,-9999,-9999
2026/09/08 19:22:00,-9999,-9999,-9999,290,2,45,2.969765,122.9191,-9999
2026/09/08 19:22:00,-9999,-9999,-9999,290,2,75,3.237102,116.8231,-9999
2026/09/08 19:22:00,-9999,-9999,-9999,290,2,105,3.330966,112.1641,-9999
2026/09/08 19:22:00,-9999,-9999,-9999,290,2,135,3.384719,108.7953,-9999
2026/09/08 19:22:00,-9999,-9999,-9999,290,2,165,3.475001,105.9075,-9999
2026/09/08 19:22:00,-9999,-9999,-9999,290,2,195,3.545495,106.0783,-9999
2026/09/08 19:22:00,-9999,-9999,-9999,290,2,225,3.695078,106.7716,-9999
2026/09/08 19:22:00,-9999,-9999,-9999,290,2,255,3.770742,107.0227,-9999
2026/09/08 19:22:00,-9999,-9999,-9999,290,2,285,3.780704,107.4496,-9999
2026/09/08 19:22:00,-9999,-9999,-9999,290,2,315,3.81776,105.9636,-9999
2026/09/08 19:22:00,-9999,-9999,-9999,290,2,345,3.842341,103.5984,-9999
2026/09/08 19:22:00,-9999,-9999,-9999,290,2,375,3.929173,102.274,-9999
2026/09/08 19:22:00,-9999,-9999,-9999,290,2,405,4.045802,100.707,-9999
2026/09/08 19:22:00,-9999,-9999,-9999,290,2,435,4.120969,99.95844,-9999
2026/09/08 19:22:00,-9999,-9999,-9999,290,2,465,4.220911,99.95667,-9999
2026/09/08 19:22:00,-9999,-9999,-9999,290,2,495,4.263368,99.65575,-9999
2026/09/08 19:22:00,-9999,-9999,-9999,290,2,525,4.278656,99.51726,-9999
2026/09/08 19:22:00,-9999,-9999,-9999,290,2,555,4.305147,99.87369,-9999
2026/09/08 19:22:00,-9999,-9999,-9999,290,2,585,4.312274,99.58855,-9999
2026/09/08 19:22:00,-9999,-9999,-9999,290,2,615,4.326667,99.526,-9999
2026/09/08 19:22:00,-9999,-9999,-9999,290,2,645,4.359856,100.2496,-9999
2026/09/08 19:22:00,-9999,-9999,-9999,290,2,675,4.36255,100.5699,-9999
2026/09/08 19:22:00,-9999,-9999,-9999,290,2,705,4.354362,101.0045,-9999
2026/09/08 19:22:00,-9999,-9999,-9999,290,2,735,4.331806,101.6325,-9999
2026/09/08 19:22:00,-9999,-9999,-9999,290,2,765,4.285517,100.3287,-9999
2026/09/08 19:22:00,-9999,-9999,-9999,290,2,795,4.226913,97.39027,-9999
2026/09/08 19:22:00,-9999,-9999,-9999,290,2,825,4.173508,94.42625,-9999
2026/09/08 19:22:00,-9999,-9999,-9999,290,2,855,4.129935,91.60236,-9999
2026/09/08 19:22:00,-9999,-9999,-9999,290,2,885,4.107203,90.81746,-9999
2026/09/08 19:22:00,-9999,-9999,-9999,290,2,915,4.13363,92.08856,-9999
2026/09/08 19:22:00,-9999,-9999,-9999,290,2,945,4.217967,94.01702,-9999
2026/09/08 19:22:00,-9999,-9999,-9999,290,2,975,4.324784,95.81312,-9999
2026/09/08 19:22:00,-9999,-9999,-9999,290,2,1005,4.441479,97.21074,-9999
2026/09/08 19:22:00,-9999,-9999,-9999,290,2,1035,4.564054,97.13509,-9999
2026/09/08 19:22:00,-9999,-9999,-9999,290,2,1065,4.695061,97.33363,-9999
2026/09/08 19:22:00,-9999,-9999,-9999,290,2,1095,4.820397,96.49585,-9999
2026/09/08 19:22:00,-9999,-9999,-9999,290,2,1125,4.882957,94.87906,-9999
2026/09/08 19:22:00,-9999,-9999,-9999,290,2,1155,4.945827,94.7451,-9999
2026/09/08 19:22:00,-9999,-9999,-9999,290,2,1185,4.986836,94.86873,-9999
2026/09/08 19:22:00,-9999,-9999,-9999,290,2,1215,4.986439,95.32925,-9999
2026/09/08 19:22:00,-9999,-9999,-9999,290,2,1245,5.019831,96.51691,-9999
2026/09/08 19:22:00,-9999,-9999,-9999,290,2,1275,5.032348,95.93054,-9999
2026/09/08 19:22:00,-9999,-9999,-9999,290,2,1305,4.973562,94.68331,-9999
2026/09/08 19:22:00,-9999,-9999,-9999,290,2,1335,4.977644,94.58643,-9999
2026/09/08 19:22:00,-9999,-9999,-9999,290,2,1365,4.966946,93.56504,-9999
2026/09/08 19:22:00,-9999,-9999,-9999,290,2,1395,4.944266,94.05578,-9999
2026/09/08 19:22:00,-9999,-9999,-9999,290,2,1425,5.007749,94.39909,-9999
2026/09/08 19:22:00,-9999,-9999,-9999,290,2,1455,5.035302,94.36391,-9999
2026/09/08 19:22:00,-9999,-9999,-9999,290,2,1485,5.080112,94.49785,-9999
2026/09/08 19:22:00,-9999,-9999,-9999,290,2,1515,5.165295,94.32319,-9999
2026/09/08 19:22:00,-9999,-9999,-9999,290,2,1545,5.156614,94.55939,-9999
2026/09/08 19:22:00,-9999,-9999,-9999,290,2,1575,5.167168,93.41196,-9999
2026/09/08 19:22:00,-9999,-9999,-9999,290,2,1605,5.151052,93.82372,-9999
2026/09/08 19:22:00,-9999,-9999,-9999,290,2,1635,5.052009,95.21363,-9999
2026/09/08 19:22:00,-9999,-9999,-9999,290,2,1665,5.051222,95.33533,-9999
2026/09/08 19:22:00,-9999,-9999,-9999,290,2,1695,5.043375,97.63169,-9999
2026/09/08 19:22:00,-9999,-9999,-9999,290,2,1725,5.133172,97.46762,-9999
2026/09/08 19:22:00,-9999,-9999,-9999,290,2,1755,5.236272,98.92641,-9999
2026/09/08 19:22:00,-9999,-9999,-9999,290,2,1785,5.279934,99.36564,-9999
2026/09/08 19:22:00,-9999,-9999,-9999,290,2,1815,5.305907,98.95042,-9999
2026/09/08 19:22:00,-9999,-9999,-9999,290,2,1845,5.289336,100.1156,-9999
2026/09/08 19:22:00,-9999,-9999,-9999,290,2,1875,5.23686,98.39208,-9999
2026/09/08 19:22:00,-9999,-9999,-9999,290,2,1905,5.293963,99.09562,-9999
2026/09/08 19:22:00,-9999,-9999,-9999,290,2,1935,5.3375,100.3899,-9999
2026/09/08 19:22:00,-9999,-9999,-9999,290,2,1965,5.389866,100.5063,-9999
2026/09/08 19:22:00,-9999,-9999,-9999,290,2,1995,5.355979,99.45017,-9999
2026/09/08 19:22:00,-9999,-9999,-9999,290,2,2025,5.188818,100.0657,-9999
2026/09/08 19:22:00,-9999,-9999,-9999,290,2,2055,5.054903,98.4493,-9999
2026/09/08 19:22:00,-9999,-9999,-9999,290,2,2085,4.903204,97.09087,-9999
2026/09/08 19:22:00,-9999,-9999,-9999,290,2,2115,4.933657,96.8007,-9999
2026/09/08 19:22:00,-9999,-9999,-9999,290,2,2145,4.900095,94.88367,-9999
2026/09/08 19:22:00,-9999,-9999,-9999,290,2,2175,4.897814,93.89198,-9999
2026/09/08 19:22:00,-9999,-9999,-9999,290,2,2205,4.895504,92.91524,-9999
2026/09/08 19:22:00,-9999,-9999,-9999,290,2,2235,4.836712,93.01327,-9999
2026/09/08 19:22:00,-9999,-9999,-9999,290,2,2265,-9999,-9999,-9999
2026/09/08 19:22:00,-9999,-9999,-9999,290,2,2295,-9999,-9999,-9999
2026/09/08 19:22:00,-9999,-9999,-9999,290,2,2325,-9999,-9999,-9999
2026/09/08 19:22:00,-9999,-9999,-9999,290,2,2355,-9999,-9999,-9999
2026/09/08 19:22:00,-9999,-9999,-9999,290,2,2385,-9999,-9999,-9999
2026/09/08 19:22:00,-9999,-9999,-9999,290,2,2415,-9999,-9999,-9999
2026/09/08 19:22:00,-9999,-9999,-9999,290,2,2445,-9999,-9999,-9999
2026/09/08 19:22:00,-9999,-9999,-9999,290,2,2475,-9999,-9999,-9999
2026/09/08 19:22:00,-9999,-9999,-9999,290,2,2505,-9999,-9999,-9999
2026/09/08 19:22:00,-9999,-9999,-9999,290,2,2535,-9999,-9999,-9999
2026/09/08 19:22:00,-9999,-9999,-9999,290,2,2565,-9999,-9999,-9999
2026/09/08 19:22:00,-9999,-9999,-9999,290,2,2595,-9999,-9999,-9999
2026/09/08 19:22:00,-9999,-9999,-9999,290,2,2625,-9999,-9999,-9999
2026/09/08 19:22:00,-9999,-9999,-9999,290,2,2655,-9999,-9999,-9999
2026/09/08 19:22:00,-9999,-9999,-9999,290,2,2685,-9999,-9999,-9999
2026/09/08 19:22:00,-9999,-9999,-9999,290,2,2715,-9999,-9999,-9999
2026/09/08 19:22:00,-9999,-9999,-9999,290,2,2745,-9999,-9999,-9999
2026/09/08 19:22:00,-9999,-9999,-9999,290,2,2775,-9999,-9999,-9999
2026/09/08 19:22:00,-9999,-9999,-9999,290,2,2805,-9999,-9999,-9999
2026/09/08 19:22:00,-9999,-9999,-9999,290,2,2835,-9999,-9999,-9999
2026/09/08 19:22:00,-9999,-9999,-9999,290,2,2865,-9999,-9999,-9999
2026/09/08 19:22:00,-9999,-9999,-9999,290,2,2895,-9999,-9999,-9999
2026/09/08 19:22:00,-9999,-9999,-9999,290,2,2925,-9999,-9999,-9999
2026/09/08 19:22:00,-9999,-9999,-9999,290,2,2955,-9999,-9999,-9999
2026/09/08 19:22:00,-9999,-9999,-9999,290,2,2985,-9999,-9999,-9999
2026/09/08 19:22:00,-9999,-9999,-9999,290,2,3015,-9999,-9999,-9999
2026/09/08 19:22:00,-9999,-9999,-9999,290,2,3045,-9999,-9999,-9999
2026/09/08 19:22:00,-9999,-9999,-9999,290,2,3075,-9999,-9999,-9999
2026/09/08 19:22:00,-9999,-9999,-9999,290,2,3105,-9999,-9999,-9999
2026/09/08 19:22:00,-9999,-9999,-9999,290,2,3135,-9999,-9999,-9999
2026/09/08 19:22:00,-9999,-9999,-9999,290,2,3165,-9999,-9999,-9999
2026/09/08 19:22:00,-9999,-9999,-9999,290,2,3195,-9999,-9999,-9999
2026/09/08 19:22:00,-9999,-9999,-9999,290,2,3225,-9999,-9999,-9999
2026/09/08 19:22:00,-9999,-9999,-9999,290,2,3255,-9999,-9999,-9999
2026/09/08 19:22:00,-9999,-9999,-9999,290,2,3285,-9999,-9999,-9999
2026/09/08 19:22:00,-9999,-9999,-9999,290,2,3315,-9999,-9999,-9999
2026/09/08 19:22:00,-9999,-9999,-9999,290,2,3345,-9999,-9999,-9999
2026/09/08 19:22:00,-9999,-9999,-9999,290,2,3375,-9999,-9999,-9999
2026/09/08 19:22:00,-9999,-9999,-9999,290,2,3405,-9999,-9999,-9999
2026/09/08 19:22:00,-9999,-9999,-9999,290,2,3435,-9999,-9999,-9999
2026/09/08 19:22:00,-9999,-9999,-9999,290,2,3465,-9999,-9999,-9999
2026/09/08 19:22:00,-9999,-9999,-9999,290,2,3495,-9999,-9999,-9999
2026/09/08 19:22:00,-9999,-9999,-9999,290,2,3525,-9999,-9999,-9999
2026/09/08 19:22:00,-9999,-9999,-9999,290,2,3555,-9999,-9999,-9999
2026/09/08 19:22:00,-9999,-9999,-9999,290,2,3585,-9999,-9999,-9999
2026/09/08 19:22:00,-9999,-9999,-9999,290,2,3615,-9999,-9999,-9999
2026/09/08 19:22:00,-9999,-9999,-9999,290,2,3645,-9999,-9999,-9999
2026/09/08 19:22:00,-9999,-9999,-9999,290,2,3675,-9999,-9999,-9999
2026/09/08 19:22:00,-9999,-9999,-9999,290,2,3705,-9999,-9999,-9999
2026/09/08 19:22:00,-9999,-9999,-9999,290,2,3735,-9999,-9999,-9999
2026/09/08 19:22:00,-9999,-9999,-9999,290,2,3765,-9999,-9999,-9999
2026/09/08 19:22:00,-9999,-9999,-9999,290,2,3795,-9999,-9999,-9999
2026/09/08 19:22:00,-9999,-9999,-9999,290,2,3825,-9999,-9999,-9999
2026/09/08 19:22:00,-9999,-9999,-9999,290,2,3855,-9999,-9999,-9999
2026/09/08 19:22:00,-9999,-9999,-9999,290,2,3885,-9999,-9999,-9999
2026/09/08 19:22:00,-9999,-9999,-9999,290,2,3915,-9999,-9999,-9999
2026/09/08 19:22:00,-9999,-9999,-9999,290,2,3945,-9999,-9999,-9999
2026/09/08 19:22:00,-9999,-9999,-9999,290,2,3975,-9999,-9999,-9999
2026/09/08 19:22:00,-9999,-9999,-9999,290,2,4005,-9999,-9999,-9999
2026/09/08 19:22:00,-9999,-9999,-9999,290,2,4035,-9999,-9999,-9999
2026/09/08 19:22:00,-9999,-9999,-9999,290,2,4065,-9999,-9999,-9999
2026/09/08 19:22:00,-9999,-9999,-9999,290,2,4095,-9999,-9999,-9999
2026/09/08 19:22:00,-9999,-9999,-9999,290,2,4125,-9999,-9999,-9999
2026/09/08 19:22:00,-9999,-9999,-9999,290,2,4155,-9999,-9999,-9999
2026/09/08 19:22:00,-9999,-9999,-9999,290,2,4185,-9999,-9999,-9999
2026/09/08 19:22:00,-9999,-9999,-9999,290,2,4215,-9999,-9999,-9999
2026/09/08 19:22:00,-9999,-9999,-9999,290,2,4245,-9999,-9999,-9999
2026/09/08 19:22:00,-9999,-9999,-9999,290,2,4275,-9999,-9999,-9999
2026/09/08 19:22:00,-9999,-9999,-9999,290,2,4305,-9999,-9999,-9999
2026/09/08 19:22:00,-9999,-9999,-9999,290,2,4335,-9999,-9999,-9999
2026/09/08 19:22:00,-9999,-9999,-9999,290,2,4365,-9999,-9999,-9999
2026/09/08 19:22:00,-9999,-9999,-9999,290,2,4395,-9999,-9999,-9999
2026/09/08 19:22:00,-9999,-9999,-9999,290,2,4425,-9999,-9999,-9999
2026/09/08 19:22:00,-9999,-9999,-9999,290,2,4455,-9999,-9999,-9999
2026/09/08 19:22:00,-9999,-9999,-9999,290,2,4485,-9999,-9999,-9999
2026/09/08 19:22:00,-9999,-9999,-9999,290,2,4515,-9999,-9999,-9999
2026/09/08 19:22:00,-9999,-9999,-9999,290,2,4545,-9999,-9999,-9999
2026/09/08 19:22:00,-9999,-9999,-9999,290,2,4575,-9999,-9999,-9999
2026/09/08 19:22:00,-9999,-9999,-9999,290,2,4605,-9999,-9999,-9999
2026/09/08 19:22:00,-9999,-9999,-9999,290,2,4635,-9999,-9999,-9999
2026/09/08 19:22:00,-9999,-9999,-9999,290,2,4665,-9999,-9999,-9999
2026/09/08 19:22:00,-9999,-9999,-9999,290,2,4695,-9999,-9999,-9999
2026/09/08 19:22:00,-9999,-9999,-9999,290,2,4725,-9999,-9999,-9999
2026/09/08 19:22:00,-9999,-9999,-9999,290,2,4755,-9999,-9999,-9999
2026/09/08 19:22:00,-9999,-9999,-9999,290,2,4785,-9999,-9999,-9999
2026/09/08 19:22:00,-9999,-9999,-9999,290,2,4815,-9999,-9999,-9999
2026/09/08 19:22:00,-9999,-9999,-9999,290,2,4845,-9999,-9999,-9999
2026/09/08 19:22:00,-9999,-9999,-9999,290,2,4875,-9999,-9999,-9999
2026/09/08 19:22:00,-9999,-9999,-9999,290,2,4905,-9999,-9999,-9999
2026/09/08 19:22:00,-9999,-9999,-9999,290,2,4935,-9999,-9999,-9999
2026/09/08 19:22:00,-9999,-9999,-9999,290,2,4965,-9999,-9999,-9999
2026/09/08 19:22:00,-9999,-9999,-9999,290,2,4995,-9999,-9999,-9999
2026/09/08 19:22:00,-9999,-9999,-9999,290,2,5025,-9999,-9999,-9999
2026/09/08 19:22:00,-9999,-9999,-9999,290,2,5055,-9999,-9999,-9999
2026/09/08 19:22:00,-9999,-9999,-9999,290,2,5085,-9999,-9999,-9999
2026/09/08 19:22:00,-9999,-9999,-9999,290,2,5115,-9999,-9999,-9999
2026/09/08 19:22:00,-9999,-9999,-9999,290,2,5145,-9999,-9999,-9999
2026/09/08 19:22:00,-9999,-9999,-9999,290,2,5175,-9999,-9999,-9999
2026/09/08 19:22:00,-9999,-9999,-9999,290,2,5205,-9999,-9999,-9999
2026/09/08 19:22:00,-9999,-9999,-9999,290,2,5235,-9999,-9999,-9999
2026/09/08 19:22:00,-9999,-9999,-9999,290,2,5265,-9999,-9999,-9999
2026/09/08 19:22:00,-9999,-9999,-9999,290,2,5295,-9999,-9999,-9999
2026/09/08 19:22:00,-9999,-9999,-9999,290,2,5325,-9999,-9999,-9999
2026/09/08 19:22:00,-9999,-9999,-9999,290,2,5355,-9999,-9999,-9999
2026/09/08 19:22:00,-9999,-9999,-9999,290,2,5385,-9999,-9999,-9999
2026/09/08 19:22:00,-9999,-9999,-9999,290,2,5415,-9999,-9999,-9999
2026/09/08 19:22:00,-9999,-9999,-9999,290,2,5445,-9999,-9999,-9999
2026/09/08 19:22:00,-9999,-9999,-9999,290,2,5475,-9999,-9999,-9999
2026/09/08 19:22:00,-9999,-9999,-9999,290,2,5505,-9999,-9999,-9999
2026/09/08 19:22:00,-9999,-9999,-9999,290,2,5535,-9999,-9999,-9999
2026/09/08 19:22:00,-9999,-9999,-9999,290,2,5565,-9999,-9999,-9999
2026/09/08 19:22:00,-9999,-9999,-9999,290,2,5595,-9999,-9999,-9999
2026/09/08 19:22:00,-9999,-9999,-9999,290,2,5625,-9999,-9999,-9999
2026/09/08 19:22:00,-9999,-9999,-9999,290,2,5655,-9999,-9999,-9999
2026/09/08 19:22:00,-9999,-9999,-9999,290,2,5685,-9999,-9999,-9999
2026/09/08 19:22:00,-9999,-9999,-9999,290,2,5715,-9999,-9999,-9999
2026/09/08 19:22:00,-9999,-9999,-9999,290,2,5745,-9999,-9999,-9999
2026/09/08 19:22:00,-9999,-9999,-9999,290,2,5775,-9999,-9999,-9999
2026/09/08 19:22:00,-9999,-9999,-9999,290,2,5805,-9999,-9999,-9999
2026/09/08 19:22:00,-9999,-9999,-9999,290,2,5835,-9999,-9999,-9999
2026/09/08 19:22:00,-9999,-9999,-9999,290,2,5865,-9999,-9999,-9999
2026/09/08 19:22:00,-9999,-9999,-9999,290,2,5895,-9999,-9999,-9999
2026/09/08 19:22:00,-9999,-9999,-9999,290,2,5925,-9999,-9999,-9999
2026/09/08 19:22:00,-9999,-9999,-9999,290,2,5955,-9999,-9999,-9999
2026/09/08 19:22:00,-9999,-9999,-9999,290,2,5985,-9999,-9999,-9999
